$version Generated by VerilatedVcd $end
$timescale 1ps $end
 $scope module $rootio $end
 $upscope $end
 $scope module testbench $end
  $var wire 1 4 rst $end
  $var wire 1 5 clk $end
  $var wire 8 # dh [17:10] $end
  $var wire 8 $ dl [8:1] $end
  $var wire 1 % csx $end
  $var wire 1 & dcx $end
  $var wire 1 6 wrx $end
  $var wire 1 7 rdx $end
  $var wire 1 ' rsx $end
  $scope module display $end
   $var wire 8 # dh [17:10] $end
   $var wire 8 $ dl [8:1] $end
   $var wire 1 % csx $end
   $var wire 1 & dcx $end
   $var wire 1 6 wrx $end
   $var wire 1 7 rdx $end
   $var wire 1 ' rsx $end
   $var wire 1 5 clk $end
   $var wire 1 4 rst $end
   $var wire 16 ( dout [15:0] $end
   $var wire 16 ) din [15:0] $end
   $var wire 1 * out $end
   $var wire 32 + state [31:0] $end
   $var wire 8 , reset_timer [7:0] $end
   $var wire 8 - cmd_pointer [7:0] $end
   $var wire 8 . cmd [7:0] $end
   $var wire 8 / cmd_params [7:0] $end
   $var wire 8 0 init_cmd [7:0] $end
   $var wire 32 1 clk_out [31:0] $end
   $var wire 9 2 x_pos [8:0] $end
   $var wire 8 3 y_pos [7:0] $end
  $upscope $end
 $upscope $end
$enddefinitions $end


#0
b00000000 #
b00000000 $
0%
0&
0'
b0000000000000000 (
b0000000000000000 )
0*
b00000000000000000000000000000000 +
b11001000 ,
b00000000 -
b00000000 .
b00000000 /
b11101111 0
b00000000000000000000000000000000 1
b000000000 2
b00000000 3
14
15
16
17
#1
05
#2
1%
b11000111 ,
15
#3
05
#4
b11000110 ,
15
#5
05
#6
b11000101 ,
15
#7
05
#8
b11000100 ,
15
#9
05
#10
b11001000 ,
04
15
#11
05
#12
15
#13
05
#14
15
#15
05
#16
15
#17
05
#18
15
#19
05
#20
15
#21
05
#22
15
#23
05
#24
15
#25
05
#26
15
#27
05
#28
15
#29
05
#30
15
#31
05
#32
15
#33
05
#34
15
#35
05
#36
15
#37
05
#38
15
#39
05
#40
15
#41
05
#42
15
#43
05
#44
15
#45
05
#46
15
#47
05
#48
15
#49
05
#50
15
#51
05
#52
15
#53
05
#54
15
#55
05
#56
15
#57
05
#58
15
#59
05
#60
15
#61
05
#62
15
#63
05
#64
15
#65
05
#66
15
#67
05
#68
15
#69
05
#70
15
#71
05
#72
15
#73
05
#74
15
#75
05
#76
15
#77
05
#78
15
#79
05
#80
15
#81
05
#82
15
#83
05
#84
15
#85
05
#86
15
#87
05
#88
15
#89
05
#90
15
#91
05
#92
15
#93
05
#94
15
#95
05
#96
15
#97
05
#98
15
#99
05
#100
15
#101
05
#102
15
#103
05
#104
15
#105
05
#106
15
#107
05
#108
15
#109
05
#110
15
#111
05
#112
15
#113
05
#114
15
#115
05
#116
15
#117
05
#118
15
#119
05
#120
15
#121
05
#122
15
#123
05
#124
15
#125
05
#126
15
#127
05
#128
15
#129
05
#130
15
#131
05
#132
15
#133
05
#134
15
#135
05
#136
15
#137
05
#138
15
#139
05
#140
15
#141
05
#142
15
#143
05
#144
15
#145
05
#146
15
#147
05
#148
15
#149
05
#150
15
#151
05
#152
15
#153
05
#154
15
#155
05
#156
15
#157
05
#158
15
#159
05
#160
15
#161
05
#162
15
#163
05
#164
15
#165
05
#166
15
#167
05
#168
15
#169
05
#170
15
#171
05
#172
15
#173
05
#174
15
#175
05
#176
15
#177
05
#178
15
#179
05
#180
15
#181
05
#182
15
#183
05
#184
15
#185
05
#186
15
#187
05
#188
15
#189
05
#190
15
#191
05
#192
15
#193
05
#194
15
#195
05
#196
15
#197
05
#198
15
#199
05
#200
15
#201
05
#202
15
#203
05
#204
15
#205
05
#206
15
#207
05
#208
15
#209
05
#210
15
#211
05
#212
15
#213
05
#214
15
#215
05
#216
15
#217
05
#218
15
#219
05
#220
15
#221
05
#222
15
#223
05
#224
15
#225
05
#226
15
#227
05
#228
15
#229
05
#230
15
#231
05
#232
15
#233
05
#234
15
#235
05
#236
15
#237
05
#238
15
#239
05
#240
15
#241
05
#242
15
#243
05
#244
15
#245
05
#246
15
#247
05
#248
15
#249
05
#250
15
#251
05
#252
15
#253
05
#254
15
#255
05
#256
15
#257
05
#258
15
#259
05
#260
15
#261
05
#262
15
#263
05
#264
15
#265
05
#266
15
#267
05
#268
15
#269
05
#270
15
#271
05
#272
15
#273
05
#274
15
#275
05
#276
15
#277
05
#278
15
#279
05
#280
15
#281
05
#282
15
#283
05
#284
15
#285
05
#286
15
#287
05
#288
15
#289
05
#290
15
#291
05
#292
15
#293
05
#294
15
#295
05
#296
15
#297
05
#298
15
#299
05
#300
15
#301
05
#302
15
#303
05
#304
15
#305
05
#306
15
#307
05
#308
15
#309
05
#310
15
#311
05
#312
15
#313
05
#314
15
#315
05
#316
15
#317
05
#318
15
#319
05
#320
15
#321
05
#322
15
#323
05
#324
15
#325
05
#326
15
#327
05
#328
15
#329
05
#330
15
#331
05
#332
15
#333
05
#334
15
#335
05
#336
15
#337
05
#338
15
#339
05
#340
15
#341
05
#342
15
#343
05
#344
15
#345
05
#346
15
#347
05
#348
15
#349
05
#350
15
#351
05
#352
15
#353
05
#354
15
#355
05
#356
15
#357
05
#358
15
#359
05
#360
15
#361
05
#362
15
#363
05
#364
15
#365
05
#366
15
#367
05
#368
15
#369
05
#370
15
#371
05
#372
15
#373
05
#374
15
#375
05
#376
15
#377
05
#378
15
#379
05
#380
15
#381
05
#382
15
#383
05
#384
15
#385
05
#386
15
#387
05
#388
15
#389
05
#390
15
#391
05
#392
15
#393
05
#394
15
#395
05
#396
15
#397
05
#398
15
#399
05
#400
15
#401
05
#402
15
#403
05
#404
15
#405
05
#406
15
#407
05
#408
15
#409
05
#410
15
#411
05
#412
15
#413
05
#414
15
#415
05
#416
15
#417
05
#418
15
#419
05
#420
15
#421
05
#422
15
#423
05
#424
15
#425
05
#426
15
#427
05
#428
15
#429
05
#430
15
#431
05
#432
15
#433
05
#434
15
#435
05
#436
15
#437
05
#438
15
#439
05
#440
15
#441
05
#442
15
#443
05
#444
15
#445
05
#446
15
#447
05
#448
15
#449
05
#450
15
#451
05
#452
15
#453
05
#454
15
#455
05
#456
15
#457
05
#458
15
#459
05
#460
15
#461
05
#462
15
#463
05
#464
15
#465
05
#466
15
#467
05
#468
15
#469
05
#470
15
#471
05
#472
15
#473
05
#474
15
#475
05
#476
15
#477
05
#478
15
#479
05
#480
15
#481
05
#482
15
#483
05
#484
15
#485
05
#486
15
#487
05
#488
15
#489
05
#490
15
#491
05
#492
15
#493
05
#494
15
#495
05
#496
15
#497
05
#498
15
#499
05
#500
15
#501
05
#502
15
#503
05
#504
15
#505
05
#506
15
#507
05
#508
15
#509
05
#510
15
#511
05
#512
15
#513
05
#514
15
#515
05
#516
15
#517
05
#518
15
#519
05
#520
15
#521
05
#522
15
#523
05
#524
15
#525
05
#526
15
#527
05
#528
15
#529
05
#530
15
#531
05
#532
15
#533
05
#534
15
#535
05
#536
15
#537
05
#538
15
#539
05
#540
15
#541
05
#542
15
#543
05
#544
15
#545
05
#546
15
#547
05
#548
15
#549
05
#550
15
#551
05
#552
15
#553
05
#554
15
#555
05
#556
15
#557
05
#558
15
#559
05
#560
15
#561
05
#562
15
#563
05
#564
15
#565
05
#566
15
#567
05
#568
15
#569
05
#570
15
#571
05
#572
15
#573
05
#574
15
#575
05
#576
15
#577
05
#578
15
#579
05
#580
15
#581
05
#582
15
#583
05
#584
15
#585
05
#586
15
#587
05
#588
15
#589
05
#590
15
#591
05
#592
15
#593
05
#594
15
#595
05
#596
15
#597
05
#598
15
#599
05
#600
15
#601
05
#602
15
#603
05
#604
15
#605
05
#606
15
#607
05
#608
15
#609
05
#610
15
#611
05
#612
15
#613
05
#614
15
#615
05
#616
15
#617
05
#618
15
#619
05
#620
15
#621
05
#622
15
#623
05
#624
15
#625
05
#626
15
#627
05
#628
15
#629
05
#630
15
#631
05
#632
15
#633
05
#634
15
#635
05
#636
15
#637
05
#638
15
#639
05
#640
15
#641
05
#642
15
#643
05
#644
15
#645
05
#646
15
#647
05
#648
15
#649
05
#650
15
#651
05
#652
15
#653
05
#654
15
#655
05
#656
15
#657
05
#658
15
#659
05
#660
15
#661
05
#662
15
#663
05
#664
15
#665
05
#666
15
#667
05
#668
15
#669
05
#670
15
#671
05
#672
15
#673
05
#674
15
#675
05
#676
15
#677
05
#678
15
#679
05
#680
15
#681
05
#682
15
#683
05
#684
15
#685
05
#686
15
#687
05
#688
15
#689
05
#690
15
#691
05
#692
15
#693
05
#694
15
#695
05
#696
15
#697
05
#698
15
#699
05
#700
15
#701
05
#702
15
#703
05
#704
15
#705
05
#706
15
#707
05
#708
15
#709
05
#710
15
#711
05
#712
15
#713
05
#714
15
#715
05
#716
15
#717
05
#718
15
#719
05
#720
15
#721
05
#722
15
#723
05
#724
15
#725
05
#726
15
#727
05
#728
15
#729
05
#730
15
#731
05
#732
15
#733
05
#734
15
#735
05
#736
15
#737
05
#738
15
#739
05
#740
15
#741
05
#742
15
#743
05
#744
15
#745
05
#746
15
#747
05
#748
15
#749
05
#750
15
#751
05
#752
15
#753
05
#754
15
#755
05
#756
15
#757
05
#758
15
#759
05
#760
15
#761
05
#762
15
#763
05
#764
15
#765
05
#766
15
#767
05
#768
15
#769
05
#770
15
#771
05
#772
15
#773
05
#774
15
#775
05
#776
15
#777
05
#778
15
#779
05
#780
15
#781
05
#782
15
#783
05
#784
15
#785
05
#786
15
#787
05
#788
15
#789
05
#790
15
#791
05
#792
15
#793
05
#794
15
#795
05
#796
15
#797
05
#798
15
#799
05
#800
15
#801
05
#802
15
#803
05
#804
15
#805
05
#806
15
#807
05
#808
15
#809
05
#810
15
#811
05
#812
15
#813
05
#814
15
#815
05
#816
15
#817
05
#818
15
#819
05
#820
15
#821
05
#822
15
#823
05
#824
15
#825
05
#826
15
#827
05
#828
15
#829
05
#830
15
#831
05
#832
15
#833
05
#834
15
#835
05
#836
15
#837
05
#838
15
#839
05
#840
15
#841
05
#842
15
#843
05
#844
15
#845
05
#846
15
#847
05
#848
15
#849
05
#850
15
#851
05
#852
15
#853
05
#854
15
#855
05
#856
15
#857
05
#858
15
#859
05
#860
15
#861
05
#862
15
#863
05
#864
15
#865
05
#866
15
#867
05
#868
15
#869
05
#870
15
#871
05
#872
15
#873
05
#874
15
#875
05
#876
15
#877
05
#878
15
#879
05
#880
15
#881
05
#882
15
#883
05
#884
15
#885
05
#886
15
#887
05
#888
15
#889
05
#890
15
#891
05
#892
15
#893
05
#894
15
#895
05
#896
15
#897
05
#898
15
#899
05
#900
15
#901
05
#902
15
#903
05
#904
15
#905
05
#906
15
#907
05
#908
15
#909
05
#910
15
#911
05
#912
15
#913
05
#914
15
#915
05
#916
15
#917
05
#918
15
#919
05
#920
15
#921
05
#922
15
#923
05
#924
15
#925
05
#926
15
#927
05
#928
15
#929
05
#930
15
#931
05
#932
15
#933
05
#934
15
#935
05
#936
15
#937
05
#938
15
#939
05
#940
15
#941
05
#942
15
#943
05
#944
15
#945
05
#946
15
#947
05
#948
15
#949
05
#950
15
#951
05
#952
15
#953
05
#954
15
#955
05
#956
15
#957
05
#958
15
#959
05
#960
15
#961
05
#962
15
#963
05
#964
15
#965
05
#966
15
#967
05
#968
15
#969
05
#970
15
#971
05
#972
15
#973
05
#974
15
#975
05
#976
15
#977
05
#978
15
#979
05
#980
15
#981
05
#982
15
#983
05
#984
15
#985
05
#986
15
#987
05
#988
15
#989
05
#990
15
#991
05
#992
15
#993
05
#994
15
#995
05
#996
15
#997
05
#998
15
#999
05
#1000
15
#1001
05
#1002
15
#1003
05
#1004
15
#1005
05
#1006
15
#1007
05
#1008
15
#1009
05
#1010
b11000111 ,
14
15
#1011
05
#1012
b11000110 ,
15
#1013
05
#1014
b11000101 ,
15
#1015
05
#1016
b11000100 ,
15
#1017
05
#1018
b11000011 ,
15
#1019
05
#1020
b11000010 ,
15
#1021
05
#1022
b11000001 ,
15
#1023
05
#1024
b11000000 ,
15
#1025
05
#1026
b10111111 ,
15
#1027
05
#1028
b10111110 ,
15
#1029
05
#1030
b10111101 ,
15
#1031
05
#1032
b10111100 ,
15
#1033
05
#1034
b10111011 ,
15
#1035
05
#1036
b10111010 ,
15
#1037
05
#1038
b10111001 ,
15
#1039
05
#1040
b10111000 ,
15
#1041
05
#1042
b10110111 ,
15
#1043
05
#1044
b10110110 ,
15
#1045
05
#1046
b10110101 ,
15
#1047
05
#1048
b10110100 ,
15
#1049
05
#1050
b10110011 ,
15
#1051
05
#1052
b10110010 ,
15
#1053
05
#1054
b10110001 ,
15
#1055
05
#1056
b10110000 ,
15
#1057
05
#1058
b10101111 ,
15
#1059
05
#1060
b10101110 ,
15
#1061
05
#1062
b10101101 ,
15
#1063
05
#1064
b10101100 ,
15
#1065
05
#1066
b10101011 ,
15
#1067
05
#1068
b10101010 ,
15
#1069
05
#1070
b10101001 ,
15
#1071
05
#1072
b10101000 ,
15
#1073
05
#1074
b10100111 ,
15
#1075
05
#1076
b10100110 ,
15
#1077
05
#1078
b10100101 ,
15
#1079
05
#1080
b10100100 ,
15
#1081
05
#1082
b10100011 ,
15
#1083
05
#1084
b10100010 ,
15
#1085
05
#1086
b10100001 ,
15
#1087
05
#1088
b10100000 ,
15
#1089
05
#1090
b10011111 ,
15
#1091
05
#1092
b10011110 ,
15
#1093
05
#1094
b10011101 ,
15
#1095
05
#1096
b10011100 ,
15
#1097
05
#1098
b10011011 ,
15
#1099
05
#1100
b10011010 ,
15
#1101
05
#1102
b10011001 ,
15
#1103
05
#1104
b10011000 ,
15
#1105
05
#1106
b10010111 ,
15
#1107
05
#1108
b10010110 ,
15
#1109
05
#1110
b10010101 ,
15
#1111
05
#1112
b10010100 ,
15
#1113
05
#1114
b10010011 ,
15
#1115
05
#1116
b10010010 ,
15
#1117
05
#1118
b10010001 ,
15
#1119
05
#1120
b10010000 ,
15
#1121
05
#1122
b10001111 ,
15
#1123
05
#1124
b10001110 ,
15
#1125
05
#1126
b10001101 ,
15
#1127
05
#1128
b10001100 ,
15
#1129
05
#1130
b10001011 ,
15
#1131
05
#1132
b10001010 ,
15
#1133
05
#1134
b10001001 ,
15
#1135
05
#1136
b10001000 ,
15
#1137
05
#1138
b10000111 ,
15
#1139
05
#1140
b10000110 ,
15
#1141
05
#1142
b10000101 ,
15
#1143
05
#1144
b10000100 ,
15
#1145
05
#1146
b10000011 ,
15
#1147
05
#1148
b10000010 ,
15
#1149
05
#1150
b10000001 ,
15
#1151
05
#1152
b10000000 ,
15
#1153
05
#1154
b01111111 ,
15
#1155
05
#1156
b01111110 ,
15
#1157
05
#1158
b01111101 ,
15
#1159
05
#1160
b01111100 ,
15
#1161
05
#1162
b01111011 ,
15
#1163
05
#1164
b01111010 ,
15
#1165
05
#1166
b01111001 ,
15
#1167
05
#1168
b01111000 ,
15
#1169
05
#1170
b01110111 ,
15
#1171
05
#1172
b01110110 ,
15
#1173
05
#1174
b01110101 ,
15
#1175
05
#1176
b01110100 ,
15
#1177
05
#1178
b01110011 ,
15
#1179
05
#1180
b01110010 ,
15
#1181
05
#1182
b01110001 ,
15
#1183
05
#1184
b01110000 ,
15
#1185
05
#1186
b01101111 ,
15
#1187
05
#1188
b01101110 ,
15
#1189
05
#1190
b01101101 ,
15
#1191
05
#1192
b01101100 ,
15
#1193
05
#1194
b01101011 ,
15
#1195
05
#1196
b01101010 ,
15
#1197
05
#1198
b01101001 ,
15
#1199
05
#1200
b01101000 ,
15
#1201
05
#1202
b01100111 ,
15
#1203
05
#1204
b01100110 ,
15
#1205
05
#1206
b01100101 ,
15
#1207
05
#1208
b01100100 ,
15
#1209
05
#1210
b01100011 ,
15
#1211
05
#1212
b01100010 ,
15
#1213
05
#1214
b01100001 ,
15
#1215
05
#1216
b01100000 ,
15
#1217
05
#1218
b01011111 ,
15
#1219
05
#1220
b01011110 ,
15
#1221
05
#1222
b01011101 ,
15
#1223
05
#1224
b01011100 ,
15
#1225
05
#1226
b01011011 ,
15
#1227
05
#1228
b01011010 ,
15
#1229
05
#1230
b01011001 ,
15
#1231
05
#1232
b01011000 ,
15
#1233
05
#1234
b01010111 ,
15
#1235
05
#1236
b01010110 ,
15
#1237
05
#1238
b01010101 ,
15
#1239
05
#1240
b01010100 ,
15
#1241
05
#1242
b01010011 ,
15
#1243
05
#1244
b01010010 ,
15
#1245
05
#1246
b01010001 ,
15
#1247
05
#1248
b01010000 ,
15
#1249
05
#1250
b01001111 ,
15
#1251
05
#1252
b01001110 ,
15
#1253
05
#1254
b01001101 ,
15
#1255
05
#1256
b01001100 ,
15
#1257
05
#1258
b01001011 ,
15
#1259
05
#1260
b01001010 ,
15
#1261
05
#1262
b01001001 ,
15
#1263
05
#1264
b01001000 ,
15
#1265
05
#1266
b01000111 ,
15
#1267
05
#1268
b01000110 ,
15
#1269
05
#1270
b01000101 ,
15
#1271
05
#1272
b01000100 ,
15
#1273
05
#1274
b01000011 ,
15
#1275
05
#1276
b01000010 ,
15
#1277
05
#1278
b01000001 ,
15
#1279
05
#1280
b01000000 ,
15
#1281
05
#1282
b00111111 ,
15
#1283
05
#1284
b00111110 ,
15
#1285
05
#1286
b00111101 ,
15
#1287
05
#1288
b00111100 ,
15
#1289
05
#1290
b00111011 ,
15
#1291
05
#1292
b00111010 ,
15
#1293
05
#1294
b00111001 ,
15
#1295
05
#1296
b00111000 ,
15
#1297
05
#1298
b00110111 ,
15
#1299
05
#1300
b00110110 ,
15
#1301
05
#1302
b00110101 ,
15
#1303
05
#1304
b00110100 ,
15
#1305
05
#1306
b00110011 ,
15
#1307
05
#1308
b00110010 ,
15
#1309
05
#1310
b00110001 ,
15
#1311
05
#1312
b00110000 ,
15
#1313
05
#1314
b00101111 ,
15
#1315
05
#1316
b00101110 ,
15
#1317
05
#1318
b00101101 ,
15
#1319
05
#1320
b00101100 ,
15
#1321
05
#1322
b00101011 ,
15
#1323
05
#1324
b00101010 ,
15
#1325
05
#1326
b00101001 ,
15
#1327
05
#1328
b00101000 ,
15
#1329
05
#1330
b00100111 ,
15
#1331
05
#1332
b00100110 ,
15
#1333
05
#1334
b00100101 ,
15
#1335
05
#1336
b00100100 ,
15
#1337
05
#1338
b00100011 ,
15
#1339
05
#1340
b00100010 ,
15
#1341
05
#1342
b00100001 ,
15
#1343
05
#1344
b00100000 ,
15
#1345
05
#1346
b00011111 ,
15
#1347
05
#1348
b00011110 ,
15
#1349
05
#1350
b00011101 ,
15
#1351
05
#1352
b00011100 ,
15
#1353
05
#1354
b00011011 ,
15
#1355
05
#1356
b00011010 ,
15
#1357
05
#1358
b00011001 ,
15
#1359
05
#1360
b00011000 ,
15
#1361
05
#1362
b00010111 ,
15
#1363
05
#1364
b00010110 ,
15
#1365
05
#1366
b00010101 ,
15
#1367
05
#1368
b00010100 ,
15
#1369
05
#1370
b00010011 ,
15
#1371
05
#1372
b00010010 ,
15
#1373
05
#1374
b00010001 ,
15
#1375
05
#1376
b00010000 ,
15
#1377
05
#1378
b00001111 ,
15
#1379
05
#1380
b00001110 ,
15
#1381
05
#1382
b00001101 ,
15
#1383
05
#1384
b00001100 ,
15
#1385
05
#1386
b00001011 ,
15
#1387
05
#1388
b00001010 ,
15
#1389
05
#1390
b00001001 ,
15
#1391
05
#1392
b00001000 ,
15
#1393
05
#1394
b00000111 ,
15
#1395
05
#1396
b00000110 ,
15
#1397
05
#1398
b00000101 ,
15
#1399
05
#1400
b00000100 ,
15
#1401
05
#1402
b00000011 ,
15
#1403
05
#1404
b00000010 ,
15
#1405
05
#1406
b00000001 ,
15
#1407
05
#1408
b00000000 ,
15
#1409
05
#1410
1'
b00000000000000000000000000000001 +
b11111111 ,
15
#1411
05
#1412
b00000000000000000000000000000010 +
b00000001 -
b11101111 .
b00000011 0
15
#1413
05
#1414
b11101111 $
0%
b0000000011101111 (
b0000000011101111 )
1*
b00000000000000000000000000000011 +
b00000010 -
b00000011 /
b00000000000000000000000000000010 1
15
06
#1415
05
16
#1416
b00000011 $
1&
b0000000000000011 (
b0000000000000011 )
b00000011 -
b00000010 /
b10000000 0
15
06
#1417
05
16
#1418
b10000000 $
b0000000010000000 (
b0000000010000000 )
b00000100 -
b00000001 /
b00000010 0
15
06
#1419
05
16
#1420
b00000010 $
b0000000000000010 (
b0000000000000010 )
b00000000000000000000000000000001 +
b00000101 -
b11001111 0
15
06
#1421
05
16
#1422
b00000000 $
1%
b0000000000000000 )
0*
b00000000000000000000000000000010 +
b00000110 -
b11001111 .
b00000011 0
b00000000000000000000000000000000 1
15
#1423
05
#1424
b11001111 $
0%
0&
b0000000011001111 (
b0000000011001111 )
1*
b00000000000000000000000000000011 +
b00000111 -
b00000011 /
b00000000 0
b00000000000000000000000000000010 1
15
06
#1425
05
16
#1426
b00000000 $
1&
b0000000000000000 (
b0000000000000000 )
b00001000 -
b00000010 /
b11000001 0
15
06
#1427
05
16
#1428
b11000001 $
b0000000011000001 (
b0000000011000001 )
b00001001 -
b00000001 /
b00110000 0
15
06
#1429
05
16
#1430
b00110000 $
b0000000000110000 (
b0000000000110000 )
b00000000000000000000000000000001 +
b00001010 -
b11101101 0
15
06
#1431
05
16
#1432
b00000000 $
1%
b0000000000000000 )
0*
b00000000000000000000000000000010 +
b00001011 -
b11101101 .
b00000100 0
b00000000000000000000000000000000 1
15
#1433
05
#1434
b11101101 $
0%
0&
b0000000011101101 (
b0000000011101101 )
1*
b00000000000000000000000000000011 +
b00001100 -
b00000100 /
b01100100 0
b00000000000000000000000000000010 1
15
06
#1435
05
16
#1436
b01100100 $
1&
b0000000001100100 (
b0000000001100100 )
b00001101 -
b00000011 /
b00000011 0
15
06
#1437
05
16
#1438
b00000011 $
b0000000000000011 (
b0000000000000011 )
b00001110 -
b00000010 /
b00010010 0
15
06
#1439
05
16
#1440
b00010010 $
b0000000000010010 (
b0000000000010010 )
b00001111 -
b00000001 /
b10000001 0
15
06
#1441
05
16
#1442
b10000001 $
b0000000010000001 (
b0000000010000001 )
b00000000000000000000000000000001 +
b00010000 -
b11101000 0
15
06
#1443
05
16
#1444
b00000000 $
1%
b0000000000000000 )
0*
b00000000000000000000000000000010 +
b00010001 -
b11101000 .
b00000011 0
b00000000000000000000000000000000 1
15
#1445
05
#1446
b11101000 $
0%
0&
b0000000011101000 (
b0000000011101000 )
1*
b00000000000000000000000000000011 +
b00010010 -
b00000011 /
b10000101 0
b00000000000000000000000000000010 1
15
06
#1447
05
16
#1448
b10000101 $
1&
b0000000010000101 (
b0000000010000101 )
b00010011 -
b00000010 /
b00000000 0
15
06
#1449
05
16
#1450
b00000000 $
b0000000000000000 (
b0000000000000000 )
b00010100 -
b00000001 /
b01111000 0
15
06
#1451
05
16
#1452
b01111000 $
b0000000001111000 (
b0000000001111000 )
b00000000000000000000000000000001 +
b00010101 -
b11001011 0
15
06
#1453
05
16
#1454
b00000000 $
1%
b0000000000000000 )
0*
b00000000000000000000000000000010 +
b00010110 -
b11001011 .
b00000101 0
b00000000000000000000000000000000 1
15
#1455
05
#1456
b11001011 $
0%
0&
b0000000011001011 (
b0000000011001011 )
1*
b00000000000000000000000000000011 +
b00010111 -
b00000101 /
b00111001 0
b00000000000000000000000000000010 1
15
06
#1457
05
16
#1458
b00111001 $
1&
b0000000000111001 (
b0000000000111001 )
b00011000 -
b00000100 /
b00101100 0
15
06
#1459
05
16
#1460
b00101100 $
b0000000000101100 (
b0000000000101100 )
b00011001 -
b00000011 /
b00000000 0
15
06
#1461
05
16
#1462
b00000000 $
b0000000000000000 (
b0000000000000000 )
b00011010 -
b00000010 /
b00110100 0
15
06
#1463
05
16
#1464
b00110100 $
b0000000000110100 (
b0000000000110100 )
b00011011 -
b00000001 /
b00000010 0
15
06
#1465
05
16
#1466
b00000010 $
b0000000000000010 (
b0000000000000010 )
b00000000000000000000000000000001 +
b00011100 -
b11110111 0
15
06
#1467
05
16
#1468
b00000000 $
1%
b0000000000000000 )
0*
b00000000000000000000000000000010 +
b00011101 -
b11110111 .
b00000001 0
b00000000000000000000000000000000 1
15
#1469
05
#1470
b11110111 $
0%
0&
b0000000011110111 (
b0000000011110111 )
1*
b00000000000000000000000000000011 +
b00011110 -
b00100000 0
b00000000000000000000000000000010 1
15
06
#1471
05
16
#1472
b00100000 $
1&
b0000000000100000 (
b0000000000100000 )
b00000000000000000000000000000001 +
b00011111 -
b11101010 0
15
06
#1473
05
16
#1474
b00000000 $
1%
b0000000000000000 )
0*
b00000000000000000000000000000010 +
b00100000 -
b11101010 .
b00000010 0
b00000000000000000000000000000000 1
15
#1475
05
#1476
b11101010 $
0%
0&
b0000000011101010 (
b0000000011101010 )
1*
b00000000000000000000000000000011 +
b00100001 -
b00000010 /
b00000000 0
b00000000000000000000000000000010 1
15
06
#1477
05
16
#1478
b00000000 $
1&
b0000000000000000 (
b0000000000000000 )
b00100010 -
b00000001 /
15
06
#1479
05
16
#1480
b00000000000000000000000000000001 +
b00100011 -
b11000000 0
15
06
#1481
05
16
#1482
1%
0*
b00000000000000000000000000000010 +
b00100100 -
b11000000 .
b00000001 0
b00000000000000000000000000000000 1
15
#1483
05
#1484
b11000000 $
0%
0&
b0000000011000000 (
b0000000011000000 )
1*
b00000000000000000000000000000011 +
b00100101 -
b00100011 0
b00000000000000000000000000000010 1
15
06
#1485
05
16
#1486
b00100011 $
1&
b0000000000100011 (
b0000000000100011 )
b00000000000000000000000000000001 +
b00100110 -
b11000001 0
15
06
#1487
05
16
#1488
b00000000 $
1%
b0000000000000000 )
0*
b00000000000000000000000000000010 +
b00100111 -
b11000001 .
b00000001 0
b00000000000000000000000000000000 1
15
#1489
05
#1490
b11000001 $
0%
0&
b0000000011000001 (
b0000000011000001 )
1*
b00000000000000000000000000000011 +
b00101000 -
b00010000 0
b00000000000000000000000000000010 1
15
06
#1491
05
16
#1492
b00010000 $
1&
b0000000000010000 (
b0000000000010000 )
b00000000000000000000000000000001 +
b00101001 -
b11000000 0
15
06
#1493
05
16
#1494
b00000000 $
1%
b0000000000000000 )
0*
b00000000000000000000000000000010 +
b00101010 -
b11000000 .
b00000010 0
b00000000000000000000000000000000 1
15
#1495
05
#1496
b11000000 $
0%
0&
b0000000011000000 (
b0000000011000000 )
1*
b00000000000000000000000000000011 +
b00101011 -
b00000010 /
b00111110 0
b00000000000000000000000000000010 1
15
06
#1497
05
16
#1498
b00111110 $
1&
b0000000000111110 (
b0000000000111110 )
b00101100 -
b00000001 /
b00101000 0
15
06
#1499
05
16
#1500
b00101000 $
b0000000000101000 (
b0000000000101000 )
b00000000000000000000000000000001 +
b00101101 -
b11000001 0
15
06
#1501
05
16
#1502
b00000000 $
1%
b0000000000000000 )
0*
b00000000000000000000000000000010 +
b00101110 -
b11000001 .
b00000001 0
b00000000000000000000000000000000 1
15
#1503
05
#1504
b11000001 $
0%
0&
b0000000011000001 (
b0000000011000001 )
1*
b00000000000000000000000000000011 +
b00101111 -
b10000110 0
b00000000000000000000000000000010 1
15
06
#1505
05
16
#1506
b10000110 $
1&
b0000000010000110 (
b0000000010000110 )
b00000000000000000000000000000001 +
b00110000 -
b00110110 0
15
06
#1507
05
16
#1508
b00000000 $
1%
b0000000000000000 )
0*
b00000000000000000000000000000010 +
b00110001 -
b00110110 .
b00000001 0
b00000000000000000000000000000000 1
15
#1509
05
#1510
b00110110 $
0%
0&
b0000000000110110 (
b0000000000110110 )
1*
b00000000000000000000000000000011 +
b00110010 -
b01001000 0
b00000000000000000000000000000010 1
15
06
#1511
05
16
#1512
b01001000 $
1&
b0000000001001000 (
b0000000001001000 )
b00000000000000000000000000000001 +
b00110011 -
b00110111 0
15
06
#1513
05
16
#1514
b00000000 $
1%
b0000000000000000 )
0*
b00000000000000000000000000000010 +
b00110100 -
b00110111 .
b00000001 0
b00000000000000000000000000000000 1
15
#1515
05
#1516
b00110111 $
0%
0&
b0000000000110111 (
b0000000000110111 )
1*
b00000000000000000000000000000011 +
b00110101 -
b00000000 0
b00000000000000000000000000000010 1
15
06
#1517
05
16
#1518
b00000000 $
1&
b0000000000000000 (
b0000000000000000 )
b00000000000000000000000000000001 +
b00110110 -
b00111010 0
15
06
#1519
05
16
#1520
1%
0*
b00000000000000000000000000000010 +
b00110111 -
b00111010 .
b00000001 0
b00000000000000000000000000000000 1
15
#1521
05
#1522
b00111010 $
0%
0&
b0000000000111010 (
b0000000000111010 )
1*
b00000000000000000000000000000011 +
b00111000 -
b01010101 0
b00000000000000000000000000000010 1
15
06
#1523
05
16
#1524
b01010101 $
1&
b0000000001010101 (
b0000000001010101 )
b00000000000000000000000000000001 +
b00111001 -
b10110001 0
15
06
#1525
05
16
#1526
b00000000 $
1%
b0000000000000000 )
0*
b00000000000000000000000000000010 +
b00111010 -
b10110001 .
b00000010 0
b00000000000000000000000000000000 1
15
#1527
05
#1528
b10110001 $
0%
0&
b0000000010110001 (
b0000000010110001 )
1*
b00000000000000000000000000000011 +
b00111011 -
b00000010 /
b00000000 0
b00000000000000000000000000000010 1
15
06
#1529
05
16
#1530
b00000000 $
1&
b0000000000000000 (
b0000000000000000 )
b00111100 -
b00000001 /
b00011000 0
15
06
#1531
05
16
#1532
b00011000 $
b0000000000011000 (
b0000000000011000 )
b00000000000000000000000000000001 +
b00111101 -
b10110110 0
15
06
#1533
05
16
#1534
b00000000 $
1%
b0000000000000000 )
0*
b00000000000000000000000000000010 +
b00111110 -
b10110110 .
b00000011 0
b00000000000000000000000000000000 1
15
#1535
05
#1536
b10110110 $
0%
0&
b0000000010110110 (
b0000000010110110 )
1*
b00000000000000000000000000000011 +
b00111111 -
b00000011 /
b00001000 0
b00000000000000000000000000000010 1
15
06
#1537
05
16
#1538
b00001000 $
1&
b0000000000001000 (
b0000000000001000 )
b01000000 -
b00000010 /
b10000010 0
15
06
#1539
05
16
#1540
b10000010 $
b0000000010000010 (
b0000000010000010 )
b01000001 -
b00000001 /
b00100111 0
15
06
#1541
05
16
#1542
b00100111 $
b0000000000100111 (
b0000000000100111 )
b00000000000000000000000000000001 +
b01000010 -
b11110010 0
15
06
#1543
05
16
#1544
b00000000 $
1%
b0000000000000000 )
0*
b00000000000000000000000000000010 +
b01000011 -
b11110010 .
b00000001 0
b00000000000000000000000000000000 1
15
#1545
05
#1546
b11110010 $
0%
0&
b0000000011110010 (
b0000000011110010 )
1*
b00000000000000000000000000000011 +
b01000100 -
b00000000 0
b00000000000000000000000000000010 1
15
06
#1547
05
16
#1548
b00000000 $
1&
b0000000000000000 (
b0000000000000000 )
b00000000000000000000000000000001 +
b01000101 -
b00100110 0
15
06
#1549
05
16
#1550
1%
0*
b00000000000000000000000000000010 +
b01000110 -
b00100110 .
b00000001 0
b00000000000000000000000000000000 1
15
#1551
05
#1552
b00100110 $
0%
0&
b0000000000100110 (
b0000000000100110 )
1*
b00000000000000000000000000000011 +
b01000111 -
b00000000000000000000000000000010 1
15
06
#1553
05
16
#1554
b00000001 $
1&
b0000000000000001 (
b0000000000000001 )
b00000000000000000000000000000001 +
b01001000 -
b11100000 0
15
06
#1555
05
16
#1556
b00000000 $
1%
b0000000000000000 )
0*
b00000000000000000000000000000010 +
b01001001 -
b11100000 .
b00001111 0
b00000000000000000000000000000000 1
15
#1557
05
#1558
b11100000 $
0%
0&
b0000000011100000 (
b0000000011100000 )
1*
b00000000000000000000000000000011 +
b01001010 -
b00001111 /
b00000000000000000000000000000010 1
15
06
#1559
05
16
#1560
b00001111 $
1&
b0000000000001111 (
b0000000000001111 )
b01001011 -
b00001110 /
b00110001 0
15
06
#1561
05
16
#1562
b00110001 $
b0000000000110001 (
b0000000000110001 )
b01001100 -
b00001101 /
b00101011 0
15
06
#1563
05
16
#1564
b00101011 $
b0000000000101011 (
b0000000000101011 )
b01001101 -
b00001100 /
b00001100 0
15
06
#1565
05
16
#1566
b00001100 $
b0000000000001100 (
b0000000000001100 )
b01001110 -
b00001011 /
b00001110 0
15
06
#1567
05
16
#1568
b00001110 $
b0000000000001110 (
b0000000000001110 )
b01001111 -
b00001010 /
b00001000 0
15
06
#1569
05
16
#1570
b00001000 $
b0000000000001000 (
b0000000000001000 )
b01010000 -
b00001001 /
b01001110 0
15
06
#1571
05
16
#1572
b01001110 $
b0000000001001110 (
b0000000001001110 )
b01010001 -
b00001000 /
b11110001 0
15
06
#1573
05
16
#1574
b11110001 $
b0000000011110001 (
b0000000011110001 )
b01010010 -
b00000111 /
b00110111 0
15
06
#1575
05
16
#1576
b00110111 $
b0000000000110111 (
b0000000000110111 )
b01010011 -
b00000110 /
b00000111 0
15
06
#1577
05
16
#1578
b00000111 $
b0000000000000111 (
b0000000000000111 )
b01010100 -
b00000101 /
b00010000 0
15
06
#1579
05
16
#1580
b00010000 $
b0000000000010000 (
b0000000000010000 )
b01010101 -
b00000100 /
b00000011 0
15
06
#1581
05
16
#1582
b00000011 $
b0000000000000011 (
b0000000000000011 )
b01010110 -
b00000011 /
b00001110 0
15
06
#1583
05
16
#1584
b00001110 $
b0000000000001110 (
b0000000000001110 )
b01010111 -
b00000010 /
b00001001 0
15
06
#1585
05
16
#1586
b00001001 $
b0000000000001001 (
b0000000000001001 )
b01011000 -
b00000001 /
b00000000 0
15
06
#1587
05
16
#1588
b00000000 $
b0000000000000000 (
b0000000000000000 )
b00000000000000000000000000000001 +
b01011001 -
b11100001 0
15
06
#1589
05
16
#1590
1%
0*
b00000000000000000000000000000010 +
b01011010 -
b11100001 .
b00001111 0
b00000000000000000000000000000000 1
15
#1591
05
#1592
b11100001 $
0%
0&
b0000000011100001 (
b0000000011100001 )
1*
b00000000000000000000000000000011 +
b01011011 -
b00001111 /
b00000000 0
b00000000000000000000000000000010 1
15
06
#1593
05
16
#1594
b00000000 $
1&
b0000000000000000 (
b0000000000000000 )
b01011100 -
b00001110 /
b00001110 0
15
06
#1595
05
16
#1596
b00001110 $
b0000000000001110 (
b0000000000001110 )
b01011101 -
b00001101 /
b00010100 0
15
06
#1597
05
16
#1598
b00010100 $
b0000000000010100 (
b0000000000010100 )
b01011110 -
b00001100 /
b00000011 0
15
06
#1599
05
16
#1600
b00000011 $
b0000000000000011 (
b0000000000000011 )
b01011111 -
b00001011 /
b00010001 0
15
06
#1601
05
16
#1602
b00010001 $
b0000000000010001 (
b0000000000010001 )
b01100000 -
b00001010 /
b00000111 0
15
06
#1603
05
16
#1604
b00000111 $
b0000000000000111 (
b0000000000000111 )
b01100001 -
b00001001 /
b00110001 0
15
06
#1605
05
16
#1606
b00110001 $
b0000000000110001 (
b0000000000110001 )
b01100010 -
b00001000 /
b11000001 0
15
06
#1607
05
16
#1608
b11000001 $
b0000000011000001 (
b0000000011000001 )
b01100011 -
b00000111 /
b01001000 0
15
06
#1609
05
16
#1610
b01001000 $
b0000000001001000 (
b0000000001001000 )
b01100100 -
b00000110 /
b00001000 0
15
06
#1611
05
16
#1612
b00001000 $
b0000000000001000 (
b0000000000001000 )
b01100101 -
b00000101 /
b00001111 0
15
06
#1613
05
16
#1614
b00001111 $
b0000000000001111 (
b0000000000001111 )
b01100110 -
b00000100 /
b00001100 0
15
06
#1615
05
16
#1616
b00001100 $
b0000000000001100 (
b0000000000001100 )
b01100111 -
b00000011 /
b00110001 0
15
06
#1617
05
16
#1618
b00110001 $
b0000000000110001 (
b0000000000110001 )
b01101000 -
b00000010 /
b00110110 0
15
06
#1619
05
16
#1620
b00110110 $
b0000000000110110 (
b0000000000110110 )
b01101001 -
b00000001 /
b00001111 0
15
06
#1621
05
16
#1622
b00001111 $
b0000000000001111 (
b0000000000001111 )
b00000000000000000000000000000001 +
b01101010 -
b00010001 0
15
06
#1623
05
16
#1624
b00000000 $
1%
b0000000000000000 )
0*
b00000000000000000000000000000010 +
b01101011 -
b00010001 .
b00000010 0
b00000000000000000000000000000000 1
15
#1625
05
#1626
b00010001 $
0%
0&
b0000000000010001 (
b0000000000010001 )
1*
b00000000000000000000000000000011 +
b01101100 -
b00000010 /
b10000000 0
b00000000000000000000000000000010 1
15
06
#1627
05
16
#1628
b10000000 $
1&
b0000000010000000 (
b0000000010000000 )
b01101101 -
b00000001 /
b00000000 0
15
06
#1629
05
16
#1630
b00000000 $
b0000000000000000 (
b0000000000000000 )
b00000000000000000000000000000001 +
b01101110 -
b00101001 0
15
06
#1631
05
16
#1632
1%
0*
b00000000000000000000000000000010 +
b01101111 -
b00101001 .
b00000010 0
b00000000000000000000000000000000 1
15
#1633
05
#1634
b00101001 $
0%
0&
b0000000000101001 (
b0000000000101001 )
1*
b00000000000000000000000000000011 +
b01110000 -
b00000010 /
b10000000 0
b00000000000000000000000000000010 1
15
06
#1635
05
16
#1636
b10000000 $
1&
b0000000010000000 (
b0000000010000000 )
b01110001 -
b00000001 /
b00000000 0
15
06
#1637
05
16
#1638
b00000000 $
b0000000000000000 (
b0000000000000000 )
b00000000000000000000000000000001 +
b01110010 -
b00101010 0
15
06
#1639
05
16
#1640
1%
0*
b00000000000000000000000000000010 +
b01110011 -
b00101010 .
b00000100 0
b00000000000000000000000000000000 1
15
#1641
05
#1642
b00101010 $
0%
0&
b0000000000101010 (
b0000000000101010 )
1*
b00000000000000000000000000000011 +
b01110100 -
b00000100 /
b00000000 0
b00000000000000000000000000000010 1
15
06
#1643
05
16
#1644
b00000000 $
1&
b0000000000000000 (
b0000000000000000 )
b01110101 -
b00000011 /
15
06
#1645
05
16
#1646
b01110110 -
b00000010 /
15
06
#1647
05
16
#1648
b01110111 -
b00000001 /
b11101111 0
15
06
#1649
05
16
#1650
b11101111 $
b0000000011101111 (
b0000000011101111 )
b00000000000000000000000000000001 +
b01111000 -
b00101011 0
15
06
#1651
05
16
#1652
b00000000 $
1%
b0000000000000000 )
0*
b00000000000000000000000000000010 +
b01111001 -
b00101011 .
b00000100 0
b00000000000000000000000000000000 1
15
#1653
05
#1654
b00101011 $
0%
0&
b0000000000101011 (
b0000000000101011 )
1*
b00000000000000000000000000000011 +
b01111010 -
b00000100 /
b00000000 0
b00000000000000000000000000000010 1
15
06
#1655
05
16
#1656
b00000000 $
1&
b0000000000000000 (
b0000000000000000 )
b01111011 -
b00000011 /
15
06
#1657
05
16
#1658
b01111100 -
b00000010 /
b00000001 0
15
06
#1659
05
16
#1660
b00000001 $
b0000000000000001 (
b0000000000000001 )
b01111101 -
b00000001 /
b00111111 0
15
06
#1661
05
16
#1662
b00111111 $
b0000000000111111 (
b0000000000111111 )
b00000000000000000000000000000001 +
b01111110 -
b00101100 0
15
06
#1663
05
16
#1664
b00000000 $
1%
b0000000000000000 )
0*
b00000000000000000000000000000010 +
b01111111 -
b00101100 .
b00000000 0
b00000000000000000000000000000000 1
15
#1665
05
#1666
b00101100 $
0%
0&
b0000000000101100 (
b0000000000101100 )
1*
b00000000000000000000000000000001 +
b10000000 -
b00000000 /
b11101111 0
b00000000000000000000000000000010 1
15
06
#1667
05
16
#1668
b00000000 $
1%
b0000000000000000 )
0*
b00000000000000000000000000000100 +
b00000000000000000000000000000000 1
15
#1669
05
#1670
0%
1&
b0000000000000000 (
1*
b00000000000000000000000000000010 1
b000000001 2
15
06
#1671
05
16
#1672
b00001000 #
b0000100000000000 (
b0000100000000000 )
b000000010 2
15
06
#1673
05
16
#1674
b00010000 #
b0001000000000000 (
b0001000000000000 )
b000000011 2
15
06
#1675
05
16
#1676
b00011000 #
b0001100000000000 (
b0001100000000000 )
b000000100 2
15
06
#1677
05
16
#1678
b00100000 #
b0010000000000000 (
b0010000000000000 )
b000000101 2
15
06
#1679
05
16
#1680
b00101000 #
b0010100000000000 (
b0010100000000000 )
b000000110 2
15
06
#1681
05
16
#1682
b00110000 #
b0011000000000000 (
b0011000000000000 )
b000000111 2
15
06
#1683
05
16
#1684
b00111000 #
b0011100000000000 (
b0011100000000000 )
b000001000 2
15
06
#1685
05
16
#1686
b01000000 #
b0100000000000000 (
b0100000000000000 )
b000001001 2
15
06
#1687
05
16
#1688
b01001000 #
b0100100000000000 (
b0100100000000000 )
b000001010 2
15
06
#1689
05
16
#1690
b01010000 #
b0101000000000000 (
b0101000000000000 )
b000001011 2
15
06
#1691
05
16
#1692
b01011000 #
b0101100000000000 (
b0101100000000000 )
b000001100 2
15
06
#1693
05
16
#1694
b01100000 #
b0110000000000000 (
b0110000000000000 )
b000001101 2
15
06
#1695
05
16
#1696
b01101000 #
b0110100000000000 (
b0110100000000000 )
b000001110 2
15
06
#1697
05
16
#1698
b01110000 #
b0111000000000000 (
b0111000000000000 )
b000001111 2
15
06
#1699
05
16
#1700
b01111000 #
b0111100000000000 (
b0111100000000000 )
b000010000 2
15
06
#1701
05
16
#1702
b10000000 #
b1000000000000000 (
b1000000000000000 )
b000010001 2
15
06
#1703
05
16
#1704
b10001000 #
b1000100000000000 (
b1000100000000000 )
b000010010 2
15
06
#1705
05
16
#1706
b10010000 #
b1001000000000000 (
b1001000000000000 )
b000010011 2
15
06
#1707
05
16
#1708
b10011000 #
b1001100000000000 (
b1001100000000000 )
b000010100 2
15
06
#1709
05
16
#1710
b10100000 #
b1010000000000000 (
b1010000000000000 )
b000010101 2
15
06
#1711
05
16
#1712
b10101000 #
b1010100000000000 (
b1010100000000000 )
b000010110 2
15
06
#1713
05
16
#1714
b10110000 #
b1011000000000000 (
b1011000000000000 )
b000010111 2
15
06
#1715
05
16
#1716
b10111000 #
b1011100000000000 (
b1011100000000000 )
b000011000 2
15
06
#1717
05
16
#1718
b11000000 #
b1100000000000000 (
b1100000000000000 )
b000011001 2
15
06
#1719
05
16
#1720
b11001000 #
b1100100000000000 (
b1100100000000000 )
b000011010 2
15
06
#1721
05
16
#1722
b11010000 #
b1101000000000000 (
b1101000000000000 )
b000011011 2
15
06
#1723
05
16
#1724
b11011000 #
b1101100000000000 (
b1101100000000000 )
b000011100 2
15
06
#1725
05
16
#1726
b11100000 #
b1110000000000000 (
b1110000000000000 )
b000011101 2
15
06
#1727
05
16
#1728
b11101000 #
b1110100000000000 (
b1110100000000000 )
b000011110 2
15
06
#1729
05
16
#1730
b11110000 #
b1111000000000000 (
b1111000000000000 )
b000011111 2
15
06
#1731
05
16
#1732
b11111000 #
b1111100000000000 (
b1111100000000000 )
b000100000 2
15
06
#1733
05
16
#1734
b00000000 #
b0000000000000000 (
b0000000000000000 )
b000100001 2
15
06
#1735
05
16
#1736
b00001000 #
b0000100000000000 (
b0000100000000000 )
b000100010 2
15
06
#1737
05
16
#1738
b00010000 #
b0001000000000000 (
b0001000000000000 )
b000100011 2
15
06
#1739
05
16
#1740
b00011000 #
b0001100000000000 (
b0001100000000000 )
b000100100 2
15
06
#1741
05
16
#1742
b00100000 #
b0010000000000000 (
b0010000000000000 )
b000100101 2
15
06
#1743
05
16
#1744
b00101000 #
b0010100000000000 (
b0010100000000000 )
b000100110 2
15
06
#1745
05
16
#1746
b00110000 #
b0011000000000000 (
b0011000000000000 )
b000100111 2
15
06
#1747
05
16
#1748
b00111000 #
b0011100000000000 (
b0011100000000000 )
b000101000 2
15
06
#1749
05
16
#1750
b01000000 #
b0100000000000000 (
b0100000000000000 )
b000101001 2
15
06
#1751
05
16
#1752
b01001000 #
b0100100000000000 (
b0100100000000000 )
b000101010 2
15
06
#1753
05
16
#1754
b01010000 #
b0101000000000000 (
b0101000000000000 )
b000101011 2
15
06
#1755
05
16
#1756
b01011000 #
b0101100000000000 (
b0101100000000000 )
b000101100 2
15
06
#1757
05
16
#1758
b01100000 #
b0110000000000000 (
b0110000000000000 )
b000101101 2
15
06
#1759
05
16
#1760
b01101000 #
b0110100000000000 (
b0110100000000000 )
b000101110 2
15
06
#1761
05
16
#1762
b01110000 #
b0111000000000000 (
b0111000000000000 )
b000101111 2
15
06
#1763
05
16
#1764
b01111000 #
b0111100000000000 (
b0111100000000000 )
b000110000 2
15
06
#1765
05
16
#1766
b10000000 #
b1000000000000000 (
b1000000000000000 )
b000110001 2
15
06
#1767
05
16
#1768
b10001000 #
b1000100000000000 (
b1000100000000000 )
b000110010 2
15
06
#1769
05
16
#1770
b10010000 #
b1001000000000000 (
b1001000000000000 )
b000110011 2
15
06
#1771
05
16
#1772
b10011000 #
b1001100000000000 (
b1001100000000000 )
b000110100 2
15
06
#1773
05
16
#1774
b10100000 #
b1010000000000000 (
b1010000000000000 )
b000110101 2
15
06
#1775
05
16
#1776
b10101000 #
b1010100000000000 (
b1010100000000000 )
b000110110 2
15
06
#1777
05
16
#1778
b10110000 #
b1011000000000000 (
b1011000000000000 )
b000110111 2
15
06
#1779
05
16
#1780
b10111000 #
b1011100000000000 (
b1011100000000000 )
b000111000 2
15
06
#1781
05
16
#1782
b11000000 #
b1100000000000000 (
b1100000000000000 )
b000111001 2
15
06
#1783
05
16
#1784
b11001000 #
b1100100000000000 (
b1100100000000000 )
b000111010 2
15
06
#1785
05
16
#1786
b11010000 #
b1101000000000000 (
b1101000000000000 )
b000111011 2
15
06
#1787
05
16
#1788
b11011000 #
b1101100000000000 (
b1101100000000000 )
b000111100 2
15
06
#1789
05
16
#1790
b11100000 #
b1110000000000000 (
b1110000000000000 )
b000111101 2
15
06
#1791
05
16
#1792
b11101000 #
b1110100000000000 (
b1110100000000000 )
b000111110 2
15
06
#1793
05
16
#1794
b11110000 #
b1111000000000000 (
b1111000000000000 )
b000111111 2
15
06
#1795
05
16
#1796
b11111000 #
b1111100000000000 (
b1111100000000000 )
b001000000 2
15
06
#1797
05
16
#1798
b00000000 #
b0000000000000000 (
b0000000000000000 )
b001000001 2
15
06
#1799
05
16
#1800
b00001000 #
b0000100000000000 (
b0000100000000000 )
b001000010 2
15
06
#1801
05
16
#1802
b00010000 #
b0001000000000000 (
b0001000000000000 )
b001000011 2
15
06
#1803
05
16
#1804
b00011000 #
b0001100000000000 (
b0001100000000000 )
b001000100 2
15
06
#1805
05
16
#1806
b00100000 #
b0010000000000000 (
b0010000000000000 )
b001000101 2
15
06
#1807
05
16
#1808
b00101000 #
b0010100000000000 (
b0010100000000000 )
b001000110 2
15
06
#1809
05
16
#1810
b00110000 #
b0011000000000000 (
b0011000000000000 )
b001000111 2
15
06
#1811
05
16
#1812
b00111000 #
b0011100000000000 (
b0011100000000000 )
b001001000 2
15
06
#1813
05
16
#1814
b01000000 #
b0100000000000000 (
b0100000000000000 )
b001001001 2
15
06
#1815
05
16
#1816
b01001000 #
b0100100000000000 (
b0100100000000000 )
b001001010 2
15
06
#1817
05
16
#1818
b01010000 #
b0101000000000000 (
b0101000000000000 )
b001001011 2
15
06
#1819
05
16
#1820
b01011000 #
b0101100000000000 (
b0101100000000000 )
b001001100 2
15
06
#1821
05
16
#1822
b01100000 #
b0110000000000000 (
b0110000000000000 )
b001001101 2
15
06
#1823
05
16
#1824
b01101000 #
b0110100000000000 (
b0110100000000000 )
b001001110 2
15
06
#1825
05
16
#1826
b01110000 #
b0111000000000000 (
b0111000000000000 )
b001001111 2
15
06
#1827
05
16
#1828
b01111000 #
b0111100000000000 (
b0111100000000000 )
b001010000 2
15
06
#1829
05
16
#1830
b10000000 #
b1000000000000000 (
b1000000000000000 )
b001010001 2
15
06
#1831
05
16
#1832
b10001000 #
b1000100000000000 (
b1000100000000000 )
b001010010 2
15
06
#1833
05
16
#1834
b10010000 #
b1001000000000000 (
b1001000000000000 )
b001010011 2
15
06
#1835
05
16
#1836
b10011000 #
b1001100000000000 (
b1001100000000000 )
b001010100 2
15
06
#1837
05
16
#1838
b10100000 #
b1010000000000000 (
b1010000000000000 )
b001010101 2
15
06
#1839
05
16
#1840
b10101000 #
b1010100000000000 (
b1010100000000000 )
b001010110 2
15
06
#1841
05
16
#1842
b10110000 #
b1011000000000000 (
b1011000000000000 )
b001010111 2
15
06
#1843
05
16
#1844
b10111000 #
b1011100000000000 (
b1011100000000000 )
b001011000 2
15
06
#1845
05
16
#1846
b11000000 #
b1100000000000000 (
b1100000000000000 )
b001011001 2
15
06
#1847
05
16
#1848
b11001000 #
b1100100000000000 (
b1100100000000000 )
b001011010 2
15
06
#1849
05
16
#1850
b11010000 #
b1101000000000000 (
b1101000000000000 )
b001011011 2
15
06
#1851
05
16
#1852
b11011000 #
b1101100000000000 (
b1101100000000000 )
b001011100 2
15
06
#1853
05
16
#1854
b11100000 #
b1110000000000000 (
b1110000000000000 )
b001011101 2
15
06
#1855
05
16
#1856
b11101000 #
b1110100000000000 (
b1110100000000000 )
b001011110 2
15
06
#1857
05
16
#1858
b11110000 #
b1111000000000000 (
b1111000000000000 )
b001011111 2
15
06
#1859
05
16
#1860
b11111000 #
b1111100000000000 (
b1111100000000000 )
b001100000 2
15
06
#1861
05
16
#1862
b00000000 #
b0000000000000000 (
b0000000000000000 )
b001100001 2
15
06
#1863
05
16
#1864
b00001000 #
b0000100000000000 (
b0000100000000000 )
b001100010 2
15
06
#1865
05
16
#1866
b00010000 #
b0001000000000000 (
b0001000000000000 )
b001100011 2
15
06
#1867
05
16
#1868
b00011000 #
b0001100000000000 (
b0001100000000000 )
b001100100 2
15
06
#1869
05
16
#1870
b00100000 #
b0010000000000000 (
b0010000000000000 )
b001100101 2
15
06
#1871
05
16
#1872
b00101000 #
b0010100000000000 (
b0010100000000000 )
b001100110 2
15
06
#1873
05
16
#1874
b00110000 #
b0011000000000000 (
b0011000000000000 )
b001100111 2
15
06
#1875
05
16
#1876
b00111000 #
b0011100000000000 (
b0011100000000000 )
b001101000 2
15
06
#1877
05
16
#1878
b01000000 #
b0100000000000000 (
b0100000000000000 )
b001101001 2
15
06
#1879
05
16
#1880
b01001000 #
b0100100000000000 (
b0100100000000000 )
b001101010 2
15
06
#1881
05
16
#1882
b01010000 #
b0101000000000000 (
b0101000000000000 )
b001101011 2
15
06
#1883
05
16
#1884
b01011000 #
b0101100000000000 (
b0101100000000000 )
b001101100 2
15
06
#1885
05
16
#1886
b01100000 #
b0110000000000000 (
b0110000000000000 )
b001101101 2
15
06
#1887
05
16
#1888
b01101000 #
b0110100000000000 (
b0110100000000000 )
b001101110 2
15
06
#1889
05
16
#1890
b01110000 #
b0111000000000000 (
b0111000000000000 )
b001101111 2
15
06
#1891
05
16
#1892
b01111000 #
b0111100000000000 (
b0111100000000000 )
b001110000 2
15
06
#1893
05
16
#1894
b10000000 #
b1000000000000000 (
b1000000000000000 )
b001110001 2
15
06
#1895
05
16
#1896
b10001000 #
b1000100000000000 (
b1000100000000000 )
b001110010 2
15
06
#1897
05
16
#1898
b10010000 #
b1001000000000000 (
b1001000000000000 )
b001110011 2
15
06
#1899
05
16
#1900
b10011000 #
b1001100000000000 (
b1001100000000000 )
b001110100 2
15
06
#1901
05
16
#1902
b10100000 #
b1010000000000000 (
b1010000000000000 )
b001110101 2
15
06
#1903
05
16
#1904
b10101000 #
b1010100000000000 (
b1010100000000000 )
b001110110 2
15
06
#1905
05
16
#1906
b10110000 #
b1011000000000000 (
b1011000000000000 )
b001110111 2
15
06
#1907
05
16
#1908
b10111000 #
b1011100000000000 (
b1011100000000000 )
b001111000 2
15
06
#1909
05
16
#1910
b11000000 #
b1100000000000000 (
b1100000000000000 )
b001111001 2
15
06
#1911
05
16
#1912
b11001000 #
b1100100000000000 (
b1100100000000000 )
b001111010 2
15
06
#1913
05
16
#1914
b11010000 #
b1101000000000000 (
b1101000000000000 )
b001111011 2
15
06
#1915
05
16
#1916
b11011000 #
b1101100000000000 (
b1101100000000000 )
b001111100 2
15
06
#1917
05
16
#1918
b11100000 #
b1110000000000000 (
b1110000000000000 )
b001111101 2
15
06
#1919
05
16
#1920
b11101000 #
b1110100000000000 (
b1110100000000000 )
b001111110 2
15
06
#1921
05
16
#1922
b11110000 #
b1111000000000000 (
b1111000000000000 )
b001111111 2
15
06
#1923
05
16
#1924
b11111000 #
b1111100000000000 (
b1111100000000000 )
b010000000 2
15
06
#1925
05
16
#1926
b00000000 #
b0000000000000000 (
b0000000000000000 )
b010000001 2
15
06
#1927
05
16
#1928
b00001000 #
b0000100000000000 (
b0000100000000000 )
b010000010 2
15
06
#1929
05
16
#1930
b00010000 #
b0001000000000000 (
b0001000000000000 )
b010000011 2
15
06
#1931
05
16
#1932
b00011000 #
b0001100000000000 (
b0001100000000000 )
b010000100 2
15
06
#1933
05
16
#1934
b00100000 #
b0010000000000000 (
b0010000000000000 )
b010000101 2
15
06
#1935
05
16
#1936
b00101000 #
b0010100000000000 (
b0010100000000000 )
b010000110 2
15
06
#1937
05
16
#1938
b00110000 #
b0011000000000000 (
b0011000000000000 )
b010000111 2
15
06
#1939
05
16
#1940
b00111000 #
b0011100000000000 (
b0011100000000000 )
b010001000 2
15
06
#1941
05
16
#1942
b01000000 #
b0100000000000000 (
b0100000000000000 )
b010001001 2
15
06
#1943
05
16
#1944
b01001000 #
b0100100000000000 (
b0100100000000000 )
b010001010 2
15
06
#1945
05
16
#1946
b01010000 #
b0101000000000000 (
b0101000000000000 )
b010001011 2
15
06
#1947
05
16
#1948
b01011000 #
b0101100000000000 (
b0101100000000000 )
b010001100 2
15
06
#1949
05
16
#1950
b01100000 #
b0110000000000000 (
b0110000000000000 )
b010001101 2
15
06
#1951
05
16
#1952
b01101000 #
b0110100000000000 (
b0110100000000000 )
b010001110 2
15
06
#1953
05
16
#1954
b01110000 #
b0111000000000000 (
b0111000000000000 )
b010001111 2
15
06
#1955
05
16
#1956
b01111000 #
b0111100000000000 (
b0111100000000000 )
b010010000 2
15
06
#1957
05
16
#1958
b10000000 #
b1000000000000000 (
b1000000000000000 )
b010010001 2
15
06
#1959
05
16
#1960
b10001000 #
b1000100000000000 (
b1000100000000000 )
b010010010 2
15
06
#1961
05
16
#1962
b10010000 #
b1001000000000000 (
b1001000000000000 )
b010010011 2
15
06
#1963
05
16
#1964
b10011000 #
b1001100000000000 (
b1001100000000000 )
b010010100 2
15
06
#1965
05
16
#1966
b10100000 #
b1010000000000000 (
b1010000000000000 )
b010010101 2
15
06
#1967
05
16
#1968
b10101000 #
b1010100000000000 (
b1010100000000000 )
b010010110 2
15
06
#1969
05
16
#1970
b10110000 #
b1011000000000000 (
b1011000000000000 )
b010010111 2
15
06
#1971
05
16
#1972
b10111000 #
b1011100000000000 (
b1011100000000000 )
b010011000 2
15
06
#1973
05
16
#1974
b11000000 #
b1100000000000000 (
b1100000000000000 )
b010011001 2
15
06
#1975
05
16
#1976
b11001000 #
b1100100000000000 (
b1100100000000000 )
b010011010 2
15
06
#1977
05
16
#1978
b11010000 #
b1101000000000000 (
b1101000000000000 )
b010011011 2
15
06
#1979
05
16
#1980
b11011000 #
b1101100000000000 (
b1101100000000000 )
b010011100 2
15
06
#1981
05
16
#1982
b11100000 #
b1110000000000000 (
b1110000000000000 )
b010011101 2
15
06
#1983
05
16
#1984
b11101000 #
b1110100000000000 (
b1110100000000000 )
b010011110 2
15
06
#1985
05
16
#1986
b11110000 #
b1111000000000000 (
b1111000000000000 )
b010011111 2
15
06
#1987
05
16
#1988
b11111000 #
b1111100000000000 (
b1111100000000000 )
b010100000 2
15
06
#1989
05
16
#1990
b00000000 #
b0000000000000000 (
b0000000000000000 )
b010100001 2
15
06
#1991
05
16
#1992
b00001000 #
b0000100000000000 (
b0000100000000000 )
b010100010 2
15
06
#1993
05
16
#1994
b00010000 #
b0001000000000000 (
b0001000000000000 )
b010100011 2
15
06
#1995
05
16
#1996
b00011000 #
b0001100000000000 (
b0001100000000000 )
b010100100 2
15
06
#1997
05
16
#1998
b00100000 #
b0010000000000000 (
b0010000000000000 )
b010100101 2
15
06
#1999
05
16
#2000
b00101000 #
b0010100000000000 (
b0010100000000000 )
b010100110 2
15
06
#2001
05
16
#2002
b00110000 #
b0011000000000000 (
b0011000000000000 )
b010100111 2
15
06
#2003
05
16
#2004
b00111000 #
b0011100000000000 (
b0011100000000000 )
b010101000 2
15
06
#2005
05
16
#2006
b01000000 #
b0100000000000000 (
b0100000000000000 )
b010101001 2
15
06
#2007
05
16
#2008
b01001000 #
b0100100000000000 (
b0100100000000000 )
b010101010 2
15
06
#2009
05
16
#2010
b01010000 #
b0101000000000000 (
b0101000000000000 )
b010101011 2
15
06
#2011
05
16
#2012
b01011000 #
b0101100000000000 (
b0101100000000000 )
b010101100 2
15
06
#2013
05
16
#2014
b01100000 #
b0110000000000000 (
b0110000000000000 )
b010101101 2
15
06
#2015
05
16
#2016
b01101000 #
b0110100000000000 (
b0110100000000000 )
b010101110 2
15
06
#2017
05
16
#2018
b01110000 #
b0111000000000000 (
b0111000000000000 )
b010101111 2
15
06
#2019
05
16
#2020
b01111000 #
b0111100000000000 (
b0111100000000000 )
b010110000 2
15
06
#2021
05
16
#2022
b10000000 #
b1000000000000000 (
b1000000000000000 )
b010110001 2
15
06
#2023
05
16
#2024
b10001000 #
b1000100000000000 (
b1000100000000000 )
b010110010 2
15
06
#2025
05
16
#2026
b10010000 #
b1001000000000000 (
b1001000000000000 )
b010110011 2
15
06
#2027
05
16
#2028
b10011000 #
b1001100000000000 (
b1001100000000000 )
b010110100 2
15
06
#2029
05
16
#2030
b10100000 #
b1010000000000000 (
b1010000000000000 )
b010110101 2
15
06
#2031
05
16
#2032
b10101000 #
b1010100000000000 (
b1010100000000000 )
b010110110 2
15
06
#2033
05
16
#2034
b10110000 #
b1011000000000000 (
b1011000000000000 )
b010110111 2
15
06
#2035
05
16
#2036
b10111000 #
b1011100000000000 (
b1011100000000000 )
b010111000 2
15
06
#2037
05
16
#2038
b11000000 #
b1100000000000000 (
b1100000000000000 )
b010111001 2
15
06
#2039
05
16
#2040
b11001000 #
b1100100000000000 (
b1100100000000000 )
b010111010 2
15
06
#2041
05
16
#2042
b11010000 #
b1101000000000000 (
b1101000000000000 )
b010111011 2
15
06
#2043
05
16
#2044
b11011000 #
b1101100000000000 (
b1101100000000000 )
b010111100 2
15
06
#2045
05
16
#2046
b11100000 #
b1110000000000000 (
b1110000000000000 )
b010111101 2
15
06
#2047
05
16
#2048
b11101000 #
b1110100000000000 (
b1110100000000000 )
b010111110 2
15
06
#2049
05
16
#2050
b11110000 #
b1111000000000000 (
b1111000000000000 )
b010111111 2
15
06
#2051
05
16
#2052
b11111000 #
b1111100000000000 (
b1111100000000000 )
b011000000 2
15
06
#2053
05
16
#2054
b00000000 #
b0000000000000000 (
b0000000000000000 )
b011000001 2
15
06
#2055
05
16
#2056
b00001000 #
b0000100000000000 (
b0000100000000000 )
b011000010 2
15
06
#2057
05
16
#2058
b00010000 #
b0001000000000000 (
b0001000000000000 )
b011000011 2
15
06
#2059
05
16
#2060
b00011000 #
b0001100000000000 (
b0001100000000000 )
b011000100 2
15
06
#2061
05
16
#2062
b00100000 #
b0010000000000000 (
b0010000000000000 )
b011000101 2
15
06
#2063
05
16
#2064
b00101000 #
b0010100000000000 (
b0010100000000000 )
b011000110 2
15
06
#2065
05
16
#2066
b00110000 #
b0011000000000000 (
b0011000000000000 )
b011000111 2
15
06
#2067
05
16
#2068
b00111000 #
b0011100000000000 (
b0011100000000000 )
b011001000 2
15
06
#2069
05
16
#2070
b01000000 #
b0100000000000000 (
b0100000000000000 )
b011001001 2
15
06
#2071
05
16
#2072
b01001000 #
b0100100000000000 (
b0100100000000000 )
b011001010 2
15
06
#2073
05
16
#2074
b01010000 #
b0101000000000000 (
b0101000000000000 )
b011001011 2
15
06
#2075
05
16
#2076
b01011000 #
b0101100000000000 (
b0101100000000000 )
b011001100 2
15
06
#2077
05
16
#2078
b01100000 #
b0110000000000000 (
b0110000000000000 )
b011001101 2
15
06
#2079
05
16
#2080
b01101000 #
b0110100000000000 (
b0110100000000000 )
b011001110 2
15
06
#2081
05
16
#2082
b01110000 #
b0111000000000000 (
b0111000000000000 )
b011001111 2
15
06
#2083
05
16
#2084
b01111000 #
b0111100000000000 (
b0111100000000000 )
b011010000 2
15
06
#2085
05
16
#2086
b10000000 #
b1000000000000000 (
b1000000000000000 )
b011010001 2
15
06
#2087
05
16
#2088
b10001000 #
b1000100000000000 (
b1000100000000000 )
b011010010 2
15
06
#2089
05
16
#2090
b10010000 #
b1001000000000000 (
b1001000000000000 )
b011010011 2
15
06
#2091
05
16
#2092
b10011000 #
b1001100000000000 (
b1001100000000000 )
b011010100 2
15
06
#2093
05
16
#2094
b10100000 #
b1010000000000000 (
b1010000000000000 )
b011010101 2
15
06
#2095
05
16
#2096
b10101000 #
b1010100000000000 (
b1010100000000000 )
b011010110 2
15
06
#2097
05
16
#2098
b10110000 #
b1011000000000000 (
b1011000000000000 )
b011010111 2
15
06
#2099
05
16
#2100
b10111000 #
b1011100000000000 (
b1011100000000000 )
b011011000 2
15
06
#2101
05
16
#2102
b11000000 #
b1100000000000000 (
b1100000000000000 )
b011011001 2
15
06
#2103
05
16
#2104
b11001000 #
b1100100000000000 (
b1100100000000000 )
b011011010 2
15
06
#2105
05
16
#2106
b11010000 #
b1101000000000000 (
b1101000000000000 )
b011011011 2
15
06
#2107
05
16
#2108
b11011000 #
b1101100000000000 (
b1101100000000000 )
b011011100 2
15
06
#2109
05
16
#2110
b11100000 #
b1110000000000000 (
b1110000000000000 )
b011011101 2
15
06
#2111
05
16
#2112
b11101000 #
b1110100000000000 (
b1110100000000000 )
b011011110 2
15
06
#2113
05
16
#2114
b11110000 #
b1111000000000000 (
b1111000000000000 )
b011011111 2
15
06
#2115
05
16
#2116
b11111000 #
b1111100000000000 (
b1111100000000000 )
b011100000 2
15
06
#2117
05
16
#2118
b00000000 #
b0000000000000000 (
b0000000000000000 )
b011100001 2
15
06
#2119
05
16
#2120
b00001000 #
b0000100000000000 (
b0000100000000000 )
b011100010 2
15
06
#2121
05
16
#2122
b00010000 #
b0001000000000000 (
b0001000000000000 )
b011100011 2
15
06
#2123
05
16
#2124
b00011000 #
b0001100000000000 (
b0001100000000000 )
b011100100 2
15
06
#2125
05
16
#2126
b00100000 #
b0010000000000000 (
b0010000000000000 )
b011100101 2
15
06
#2127
05
16
#2128
b00101000 #
b0010100000000000 (
b0010100000000000 )
b011100110 2
15
06
#2129
05
16
#2130
b00110000 #
b0011000000000000 (
b0011000000000000 )
b011100111 2
15
06
#2131
05
16
#2132
b00111000 #
b0011100000000000 (
b0011100000000000 )
b011101000 2
15
06
#2133
05
16
#2134
b01000000 #
b0100000000000000 (
b0100000000000000 )
b011101001 2
15
06
#2135
05
16
#2136
b01001000 #
b0100100000000000 (
b0100100000000000 )
b011101010 2
15
06
#2137
05
16
#2138
b01010000 #
b0101000000000000 (
b0101000000000000 )
b011101011 2
15
06
#2139
05
16
#2140
b01011000 #
b0101100000000000 (
b0101100000000000 )
b011101100 2
15
06
#2141
05
16
#2142
b01100000 #
b0110000000000000 (
b0110000000000000 )
b011101101 2
15
06
#2143
05
16
#2144
b01101000 #
b0110100000000000 (
b0110100000000000 )
b011101110 2
15
06
#2145
05
16
#2146
b01110000 #
b0111000000000000 (
b0111000000000000 )
b011101111 2
15
06
#2147
05
16
#2148
b01111000 #
b0111100000000000 (
b0111100000000000 )
b011110000 2
15
06
#2149
05
16
#2150
b10000000 #
b1000000000000000 (
b1000000000000000 )
b011110001 2
15
06
#2151
05
16
#2152
b10001000 #
b1000100000000000 (
b1000100000000000 )
b011110010 2
15
06
#2153
05
16
#2154
b10010000 #
b1001000000000000 (
b1001000000000000 )
b011110011 2
15
06
#2155
05
16
#2156
b10011000 #
b1001100000000000 (
b1001100000000000 )
b011110100 2
15
06
#2157
05
16
#2158
b10100000 #
b1010000000000000 (
b1010000000000000 )
b011110101 2
15
06
#2159
05
16
#2160
b10101000 #
b1010100000000000 (
b1010100000000000 )
b011110110 2
15
06
#2161
05
16
#2162
b10110000 #
b1011000000000000 (
b1011000000000000 )
b011110111 2
15
06
#2163
05
16
#2164
b10111000 #
b1011100000000000 (
b1011100000000000 )
b011111000 2
15
06
#2165
05
16
#2166
b11000000 #
b1100000000000000 (
b1100000000000000 )
b011111001 2
15
06
#2167
05
16
#2168
b11001000 #
b1100100000000000 (
b1100100000000000 )
b011111010 2
15
06
#2169
05
16
#2170
b11010000 #
b1101000000000000 (
b1101000000000000 )
b011111011 2
15
06
#2171
05
16
#2172
b11011000 #
b1101100000000000 (
b1101100000000000 )
b011111100 2
15
06
#2173
05
16
#2174
b11100000 #
b1110000000000000 (
b1110000000000000 )
b011111101 2
15
06
#2175
05
16
#2176
b11101000 #
b1110100000000000 (
b1110100000000000 )
b011111110 2
15
06
#2177
05
16
#2178
b11110000 #
b1111000000000000 (
b1111000000000000 )
b011111111 2
15
06
#2179
05
16
#2180
b11111000 #
b1111100000000000 (
b1111100000000000 )
b100000000 2
15
06
#2181
05
16
#2182
b00000000 #
b0000000000000000 (
b0000000000000000 )
b100000001 2
15
06
#2183
05
16
#2184
b00001000 #
b0000100000000000 (
b0000100000000000 )
b100000010 2
15
06
#2185
05
16
#2186
b00010000 #
b0001000000000000 (
b0001000000000000 )
b100000011 2
15
06
#2187
05
16
#2188
b00011000 #
b0001100000000000 (
b0001100000000000 )
b100000100 2
15
06
#2189
05
16
#2190
b00100000 #
b0010000000000000 (
b0010000000000000 )
b100000101 2
15
06
#2191
05
16
#2192
b00101000 #
b0010100000000000 (
b0010100000000000 )
b100000110 2
15
06
#2193
05
16
#2194
b00110000 #
b0011000000000000 (
b0011000000000000 )
b100000111 2
15
06
#2195
05
16
#2196
b00111000 #
b0011100000000000 (
b0011100000000000 )
b100001000 2
15
06
#2197
05
16
#2198
b01000000 #
b0100000000000000 (
b0100000000000000 )
b100001001 2
15
06
#2199
05
16
#2200
b01001000 #
b0100100000000000 (
b0100100000000000 )
b100001010 2
15
06
#2201
05
16
#2202
b01010000 #
b0101000000000000 (
b0101000000000000 )
b100001011 2
15
06
#2203
05
16
#2204
b01011000 #
b0101100000000000 (
b0101100000000000 )
b100001100 2
15
06
#2205
05
16
#2206
b01100000 #
b0110000000000000 (
b0110000000000000 )
b100001101 2
15
06
#2207
05
16
#2208
b01101000 #
b0110100000000000 (
b0110100000000000 )
b100001110 2
15
06
#2209
05
16
#2210
b01110000 #
b0111000000000000 (
b0111000000000000 )
b100001111 2
15
06
#2211
05
16
#2212
b01111000 #
b0111100000000000 (
b0111100000000000 )
b100010000 2
15
06
#2213
05
16
#2214
b10000000 #
b1000000000000000 (
b1000000000000000 )
b100010001 2
15
06
#2215
05
16
#2216
b10001000 #
b1000100000000000 (
b1000100000000000 )
b100010010 2
15
06
#2217
05
16
#2218
b10010000 #
b1001000000000000 (
b1001000000000000 )
b100010011 2
15
06
#2219
05
16
#2220
b10011000 #
b1001100000000000 (
b1001100000000000 )
b100010100 2
15
06
#2221
05
16
#2222
b10100000 #
b1010000000000000 (
b1010000000000000 )
b100010101 2
15
06
#2223
05
16
#2224
b10101000 #
b1010100000000000 (
b1010100000000000 )
b100010110 2
15
06
#2225
05
16
#2226
b10110000 #
b1011000000000000 (
b1011000000000000 )
b100010111 2
15
06
#2227
05
16
#2228
b10111000 #
b1011100000000000 (
b1011100000000000 )
b100011000 2
15
06
#2229
05
16
#2230
b11000000 #
b1100000000000000 (
b1100000000000000 )
b100011001 2
15
06
#2231
05
16
#2232
b11001000 #
b1100100000000000 (
b1100100000000000 )
b100011010 2
15
06
#2233
05
16
#2234
b11010000 #
b1101000000000000 (
b1101000000000000 )
b100011011 2
15
06
#2235
05
16
#2236
b11011000 #
b1101100000000000 (
b1101100000000000 )
b100011100 2
15
06
#2237
05
16
#2238
b11100000 #
b1110000000000000 (
b1110000000000000 )
b100011101 2
15
06
#2239
05
16
#2240
b11101000 #
b1110100000000000 (
b1110100000000000 )
b100011110 2
15
06
#2241
05
16
#2242
b11110000 #
b1111000000000000 (
b1111000000000000 )
b100011111 2
15
06
#2243
05
16
#2244
b11111000 #
b1111100000000000 (
b1111100000000000 )
b100100000 2
15
06
#2245
05
16
#2246
b00000000 #
b0000000000000000 (
b0000000000000000 )
b100100001 2
15
06
#2247
05
16
#2248
b00001000 #
b0000100000000000 (
b0000100000000000 )
b100100010 2
15
06
#2249
05
16
#2250
b00010000 #
b0001000000000000 (
b0001000000000000 )
b100100011 2
15
06
#2251
05
16
#2252
b00011000 #
b0001100000000000 (
b0001100000000000 )
b100100100 2
15
06
#2253
05
16
#2254
b00100000 #
b0010000000000000 (
b0010000000000000 )
b100100101 2
15
06
#2255
05
16
#2256
b00101000 #
b0010100000000000 (
b0010100000000000 )
b100100110 2
15
06
#2257
05
16
#2258
b00110000 #
b0011000000000000 (
b0011000000000000 )
b100100111 2
15
06
#2259
05
16
#2260
b00111000 #
b0011100000000000 (
b0011100000000000 )
b100101000 2
15
06
#2261
05
16
#2262
b01000000 #
b0100000000000000 (
b0100000000000000 )
b100101001 2
15
06
#2263
05
16
#2264
b01001000 #
b0100100000000000 (
b0100100000000000 )
b100101010 2
15
06
#2265
05
16
#2266
b01010000 #
b0101000000000000 (
b0101000000000000 )
b100101011 2
15
06
#2267
05
16
#2268
b01011000 #
b0101100000000000 (
b0101100000000000 )
b100101100 2
15
06
#2269
05
16
#2270
b01100000 #
b0110000000000000 (
b0110000000000000 )
b100101101 2
15
06
#2271
05
16
#2272
b01101000 #
b0110100000000000 (
b0110100000000000 )
b100101110 2
15
06
#2273
05
16
#2274
b01110000 #
b0111000000000000 (
b0111000000000000 )
b100101111 2
15
06
#2275
05
16
#2276
b01111000 #
b0111100000000000 (
b0111100000000000 )
b100110000 2
15
06
#2277
05
16
#2278
b10000000 #
b1000000000000000 (
b1000000000000000 )
b100110001 2
15
06
#2279
05
16
#2280
b10001000 #
b1000100000000000 (
b1000100000000000 )
b100110010 2
15
06
#2281
05
16
#2282
b10010000 #
b1001000000000000 (
b1001000000000000 )
b100110011 2
15
06
#2283
05
16
#2284
b10011000 #
b1001100000000000 (
b1001100000000000 )
b100110100 2
15
06
#2285
05
16
#2286
b10100000 #
b1010000000000000 (
b1010000000000000 )
b100110101 2
15
06
#2287
05
16
#2288
b10101000 #
b1010100000000000 (
b1010100000000000 )
b100110110 2
15
06
#2289
05
16
#2290
b10110000 #
b1011000000000000 (
b1011000000000000 )
b100110111 2
15
06
#2291
05
16
#2292
b10111000 #
b1011100000000000 (
b1011100000000000 )
b100111000 2
15
06
#2293
05
16
#2294
b11000000 #
b1100000000000000 (
b1100000000000000 )
b100111001 2
15
06
#2295
05
16
#2296
b11001000 #
b1100100000000000 (
b1100100000000000 )
b100111010 2
15
06
#2297
05
16
#2298
b11010000 #
b1101000000000000 (
b1101000000000000 )
b100111011 2
15
06
#2299
05
16
#2300
b11011000 #
b1101100000000000 (
b1101100000000000 )
b100111100 2
15
06
#2301
05
16
#2302
b11100000 #
b1110000000000000 (
b1110000000000000 )
b100111101 2
15
06
#2303
05
16
#2304
b11101000 #
b1110100000000000 (
b1110100000000000 )
b100111110 2
15
06
#2305
05
16
#2306
b11110000 #
b1111000000000000 (
b1111000000000000 )
b100111111 2
15
06
#2307
05
16
#2308
b11111000 #
b1111100000000000 (
b1111100000000000 )
b000000000 2
b00000001 3
15
06
#2309
05
16
#2310
b00000000 #
b00100000 $
b0000000000100000 (
b0000000000100000 )
b000000001 2
15
06
#2311
05
16
#2312
b00001000 #
b0000100000100000 (
b0000100000100000 )
b000000010 2
15
06
#2313
05
16
#2314
b00010000 #
b0001000000100000 (
b0001000000100000 )
b000000011 2
15
06
#2315
05
16
#2316
b00011000 #
b0001100000100000 (
b0001100000100000 )
b000000100 2
15
06
#2317
05
16
#2318
b00100000 #
b0010000000100000 (
b0010000000100000 )
b000000101 2
15
06
#2319
05
16
#2320
b00101000 #
b0010100000100000 (
b0010100000100000 )
b000000110 2
15
06
#2321
05
16
#2322
b00110000 #
b0011000000100000 (
b0011000000100000 )
b000000111 2
15
06
#2323
05
16
#2324
b00111000 #
b0011100000100000 (
b0011100000100000 )
b000001000 2
15
06
#2325
05
16
#2326
b01000000 #
b0100000000100000 (
b0100000000100000 )
b000001001 2
15
06
#2327
05
16
#2328
b01001000 #
b0100100000100000 (
b0100100000100000 )
b000001010 2
15
06
#2329
05
16
#2330
b01010000 #
b0101000000100000 (
b0101000000100000 )
b000001011 2
15
06
#2331
05
16
#2332
b01011000 #
b0101100000100000 (
b0101100000100000 )
b000001100 2
15
06
#2333
05
16
#2334
b01100000 #
b0110000000100000 (
b0110000000100000 )
b000001101 2
15
06
#2335
05
16
#2336
b01101000 #
b0110100000100000 (
b0110100000100000 )
b000001110 2
15
06
#2337
05
16
#2338
b01110000 #
b0111000000100000 (
b0111000000100000 )
b000001111 2
15
06
#2339
05
16
#2340
b01111000 #
b0111100000100000 (
b0111100000100000 )
b000010000 2
15
06
#2341
05
16
#2342
b10000000 #
b1000000000100000 (
b1000000000100000 )
b000010001 2
15
06
#2343
05
16
#2344
b10001000 #
b1000100000100000 (
b1000100000100000 )
b000010010 2
15
06
#2345
05
16
#2346
b10010000 #
b1001000000100000 (
b1001000000100000 )
b000010011 2
15
06
#2347
05
16
#2348
b10011000 #
b1001100000100000 (
b1001100000100000 )
b000010100 2
15
06
#2349
05
16
#2350
b10100000 #
b1010000000100000 (
b1010000000100000 )
b000010101 2
15
06
#2351
05
16
#2352
b10101000 #
b1010100000100000 (
b1010100000100000 )
b000010110 2
15
06
#2353
05
16
#2354
b10110000 #
b1011000000100000 (
b1011000000100000 )
b000010111 2
15
06
#2355
05
16
#2356
b10111000 #
b1011100000100000 (
b1011100000100000 )
b000011000 2
15
06
#2357
05
16
#2358
b11000000 #
b1100000000100000 (
b1100000000100000 )
b000011001 2
15
06
#2359
05
16
#2360
b11001000 #
b1100100000100000 (
b1100100000100000 )
b000011010 2
15
06
#2361
05
16
#2362
b11010000 #
b1101000000100000 (
b1101000000100000 )
b000011011 2
15
06
#2363
05
16
#2364
b11011000 #
b1101100000100000 (
b1101100000100000 )
b000011100 2
15
06
#2365
05
16
#2366
b11100000 #
b1110000000100000 (
b1110000000100000 )
b000011101 2
15
06
#2367
05
16
#2368
b11101000 #
b1110100000100000 (
b1110100000100000 )
b000011110 2
15
06
#2369
05
16
#2370
b11110000 #
b1111000000100000 (
b1111000000100000 )
b000011111 2
15
06
#2371
05
16
#2372
b11111000 #
b1111100000100000 (
b1111100000100000 )
b000100000 2
15
06
#2373
05
16
#2374
b00000000 #
b0000000000100000 (
b0000000000100000 )
b000100001 2
15
06
#2375
05
16
#2376
b00001000 #
b0000100000100000 (
b0000100000100000 )
b000100010 2
15
06
#2377
05
16
#2378
b00010000 #
b0001000000100000 (
b0001000000100000 )
b000100011 2
15
06
#2379
05
16
#2380
b00011000 #
b0001100000100000 (
b0001100000100000 )
b000100100 2
15
06
#2381
05
16
#2382
b00100000 #
b0010000000100000 (
b0010000000100000 )
b000100101 2
15
06
#2383
05
16
#2384
b00101000 #
b0010100000100000 (
b0010100000100000 )
b000100110 2
15
06
#2385
05
16
#2386
b00110000 #
b0011000000100000 (
b0011000000100000 )
b000100111 2
15
06
#2387
05
16
#2388
b00111000 #
b0011100000100000 (
b0011100000100000 )
b000101000 2
15
06
#2389
05
16
#2390
b01000000 #
b0100000000100000 (
b0100000000100000 )
b000101001 2
15
06
#2391
05
16
#2392
b01001000 #
b0100100000100000 (
b0100100000100000 )
b000101010 2
15
06
#2393
05
16
#2394
b01010000 #
b0101000000100000 (
b0101000000100000 )
b000101011 2
15
06
#2395
05
16
#2396
b01011000 #
b0101100000100000 (
b0101100000100000 )
b000101100 2
15
06
#2397
05
16
#2398
b01100000 #
b0110000000100000 (
b0110000000100000 )
b000101101 2
15
06
#2399
05
16
#2400
b01101000 #
b0110100000100000 (
b0110100000100000 )
b000101110 2
15
06
#2401
05
16
#2402
b01110000 #
b0111000000100000 (
b0111000000100000 )
b000101111 2
15
06
#2403
05
16
#2404
b01111000 #
b0111100000100000 (
b0111100000100000 )
b000110000 2
15
06
#2405
05
16
#2406
b10000000 #
b1000000000100000 (
b1000000000100000 )
b000110001 2
15
06
#2407
05
16
#2408
b10001000 #
b1000100000100000 (
b1000100000100000 )
b000110010 2
15
06
#2409
05
16
#2410
b10010000 #
b1001000000100000 (
b1001000000100000 )
b000110011 2
15
06
#2411
05
16
#2412
b10011000 #
b1001100000100000 (
b1001100000100000 )
b000110100 2
15
06
#2413
05
16
#2414
b10100000 #
b1010000000100000 (
b1010000000100000 )
b000110101 2
15
06
#2415
05
16
#2416
b10101000 #
b1010100000100000 (
b1010100000100000 )
b000110110 2
15
06
#2417
05
16
#2418
b10110000 #
b1011000000100000 (
b1011000000100000 )
b000110111 2
15
06
#2419
05
16
#2420
b10111000 #
b1011100000100000 (
b1011100000100000 )
b000111000 2
15
06
#2421
05
16
#2422
b11000000 #
b1100000000100000 (
b1100000000100000 )
b000111001 2
15
06
#2423
05
16
#2424
b11001000 #
b1100100000100000 (
b1100100000100000 )
b000111010 2
15
06
#2425
05
16
#2426
b11010000 #
b1101000000100000 (
b1101000000100000 )
b000111011 2
15
06
#2427
05
16
#2428
b11011000 #
b1101100000100000 (
b1101100000100000 )
b000111100 2
15
06
#2429
05
16
#2430
b11100000 #
b1110000000100000 (
b1110000000100000 )
b000111101 2
15
06
#2431
05
16
#2432
b11101000 #
b1110100000100000 (
b1110100000100000 )
b000111110 2
15
06
#2433
05
16
#2434
b11110000 #
b1111000000100000 (
b1111000000100000 )
b000111111 2
15
06
#2435
05
16
#2436
b11111000 #
b1111100000100000 (
b1111100000100000 )
b001000000 2
15
06
#2437
05
16
#2438
b00000000 #
b0000000000100000 (
b0000000000100000 )
b001000001 2
15
06
#2439
05
16
#2440
b00001000 #
b0000100000100000 (
b0000100000100000 )
b001000010 2
15
06
#2441
05
16
#2442
b00010000 #
b0001000000100000 (
b0001000000100000 )
b001000011 2
15
06
#2443
05
16
#2444
b00011000 #
b0001100000100000 (
b0001100000100000 )
b001000100 2
15
06
#2445
05
16
#2446
b00100000 #
b0010000000100000 (
b0010000000100000 )
b001000101 2
15
06
#2447
05
16
#2448
b00101000 #
b0010100000100000 (
b0010100000100000 )
b001000110 2
15
06
#2449
05
16
#2450
b00110000 #
b0011000000100000 (
b0011000000100000 )
b001000111 2
15
06
#2451
05
16
#2452
b00111000 #
b0011100000100000 (
b0011100000100000 )
b001001000 2
15
06
#2453
05
16
#2454
b01000000 #
b0100000000100000 (
b0100000000100000 )
b001001001 2
15
06
#2455
05
16
#2456
b01001000 #
b0100100000100000 (
b0100100000100000 )
b001001010 2
15
06
#2457
05
16
#2458
b01010000 #
b0101000000100000 (
b0101000000100000 )
b001001011 2
15
06
#2459
05
16
#2460
b01011000 #
b0101100000100000 (
b0101100000100000 )
b001001100 2
15
06
#2461
05
16
#2462
b01100000 #
b0110000000100000 (
b0110000000100000 )
b001001101 2
15
06
#2463
05
16
#2464
b01101000 #
b0110100000100000 (
b0110100000100000 )
b001001110 2
15
06
#2465
05
16
#2466
b01110000 #
b0111000000100000 (
b0111000000100000 )
b001001111 2
15
06
#2467
05
16
#2468
b01111000 #
b0111100000100000 (
b0111100000100000 )
b001010000 2
15
06
#2469
05
16
#2470
b10000000 #
b1000000000100000 (
b1000000000100000 )
b001010001 2
15
06
#2471
05
16
#2472
b10001000 #
b1000100000100000 (
b1000100000100000 )
b001010010 2
15
06
#2473
05
16
#2474
b10010000 #
b1001000000100000 (
b1001000000100000 )
b001010011 2
15
06
#2475
05
16
#2476
b10011000 #
b1001100000100000 (
b1001100000100000 )
b001010100 2
15
06
#2477
05
16
#2478
b10100000 #
b1010000000100000 (
b1010000000100000 )
b001010101 2
15
06
#2479
05
16
#2480
b10101000 #
b1010100000100000 (
b1010100000100000 )
b001010110 2
15
06
#2481
05
16
#2482
b10110000 #
b1011000000100000 (
b1011000000100000 )
b001010111 2
15
06
#2483
05
16
#2484
b10111000 #
b1011100000100000 (
b1011100000100000 )
b001011000 2
15
06
#2485
05
16
#2486
b11000000 #
b1100000000100000 (
b1100000000100000 )
b001011001 2
15
06
#2487
05
16
#2488
b11001000 #
b1100100000100000 (
b1100100000100000 )
b001011010 2
15
06
#2489
05
16
#2490
b11010000 #
b1101000000100000 (
b1101000000100000 )
b001011011 2
15
06
#2491
05
16
#2492
b11011000 #
b1101100000100000 (
b1101100000100000 )
b001011100 2
15
06
#2493
05
16
#2494
b11100000 #
b1110000000100000 (
b1110000000100000 )
b001011101 2
15
06
#2495
05
16
#2496
b11101000 #
b1110100000100000 (
b1110100000100000 )
b001011110 2
15
06
#2497
05
16
#2498
b11110000 #
b1111000000100000 (
b1111000000100000 )
b001011111 2
15
06
#2499
05
16
#2500
b11111000 #
b1111100000100000 (
b1111100000100000 )
b001100000 2
15
06
#2501
05
16
#2502
b00000000 #
b0000000000100000 (
b0000000000100000 )
b001100001 2
15
06
#2503
05
16
#2504
b00001000 #
b0000100000100000 (
b0000100000100000 )
b001100010 2
15
06
#2505
05
16
#2506
b00010000 #
b0001000000100000 (
b0001000000100000 )
b001100011 2
15
06
#2507
05
16
#2508
b00011000 #
b0001100000100000 (
b0001100000100000 )
b001100100 2
15
06
#2509
05
16
#2510
b00100000 #
b0010000000100000 (
b0010000000100000 )
b001100101 2
15
06
#2511
05
16
#2512
b00101000 #
b0010100000100000 (
b0010100000100000 )
b001100110 2
15
06
#2513
05
16
#2514
b00110000 #
b0011000000100000 (
b0011000000100000 )
b001100111 2
15
06
#2515
05
16
#2516
b00111000 #
b0011100000100000 (
b0011100000100000 )
b001101000 2
15
06
#2517
05
16
#2518
b01000000 #
b0100000000100000 (
b0100000000100000 )
b001101001 2
15
06
#2519
05
16
#2520
b01001000 #
b0100100000100000 (
b0100100000100000 )
b001101010 2
15
06
#2521
05
16
#2522
b01010000 #
b0101000000100000 (
b0101000000100000 )
b001101011 2
15
06
#2523
05
16
#2524
b01011000 #
b0101100000100000 (
b0101100000100000 )
b001101100 2
15
06
#2525
05
16
#2526
b01100000 #
b0110000000100000 (
b0110000000100000 )
b001101101 2
15
06
#2527
05
16
#2528
b01101000 #
b0110100000100000 (
b0110100000100000 )
b001101110 2
15
06
#2529
05
16
#2530
b01110000 #
b0111000000100000 (
b0111000000100000 )
b001101111 2
15
06
#2531
05
16
#2532
b01111000 #
b0111100000100000 (
b0111100000100000 )
b001110000 2
15
06
#2533
05
16
#2534
b10000000 #
b1000000000100000 (
b1000000000100000 )
b001110001 2
15
06
#2535
05
16
#2536
b10001000 #
b1000100000100000 (
b1000100000100000 )
b001110010 2
15
06
#2537
05
16
#2538
b10010000 #
b1001000000100000 (
b1001000000100000 )
b001110011 2
15
06
#2539
05
16
#2540
b10011000 #
b1001100000100000 (
b1001100000100000 )
b001110100 2
15
06
#2541
05
16
#2542
b10100000 #
b1010000000100000 (
b1010000000100000 )
b001110101 2
15
06
#2543
05
16
#2544
b10101000 #
b1010100000100000 (
b1010100000100000 )
b001110110 2
15
06
#2545
05
16
#2546
b10110000 #
b1011000000100000 (
b1011000000100000 )
b001110111 2
15
06
#2547
05
16
#2548
b10111000 #
b1011100000100000 (
b1011100000100000 )
b001111000 2
15
06
#2549
05
16
#2550
b11000000 #
b1100000000100000 (
b1100000000100000 )
b001111001 2
15
06
#2551
05
16
#2552
b11001000 #
b1100100000100000 (
b1100100000100000 )
b001111010 2
15
06
#2553
05
16
#2554
b11010000 #
b1101000000100000 (
b1101000000100000 )
b001111011 2
15
06
#2555
05
16
#2556
b11011000 #
b1101100000100000 (
b1101100000100000 )
b001111100 2
15
06
#2557
05
16
#2558
b11100000 #
b1110000000100000 (
b1110000000100000 )
b001111101 2
15
06
#2559
05
16
#2560
b11101000 #
b1110100000100000 (
b1110100000100000 )
b001111110 2
15
06
#2561
05
16
#2562
b11110000 #
b1111000000100000 (
b1111000000100000 )
b001111111 2
15
06
#2563
05
16
#2564
b11111000 #
b1111100000100000 (
b1111100000100000 )
b010000000 2
15
06
#2565
05
16
#2566
b00000000 #
b0000000000100000 (
b0000000000100000 )
b010000001 2
15
06
#2567
05
16
#2568
b00001000 #
b0000100000100000 (
b0000100000100000 )
b010000010 2
15
06
#2569
05
16
#2570
b00010000 #
b0001000000100000 (
b0001000000100000 )
b010000011 2
15
06
#2571
05
16
#2572
b00011000 #
b0001100000100000 (
b0001100000100000 )
b010000100 2
15
06
#2573
05
16
#2574
b00100000 #
b0010000000100000 (
b0010000000100000 )
b010000101 2
15
06
#2575
05
16
#2576
b00101000 #
b0010100000100000 (
b0010100000100000 )
b010000110 2
15
06
#2577
05
16
#2578
b00110000 #
b0011000000100000 (
b0011000000100000 )
b010000111 2
15
06
#2579
05
16
#2580
b00111000 #
b0011100000100000 (
b0011100000100000 )
b010001000 2
15
06
#2581
05
16
#2582
b01000000 #
b0100000000100000 (
b0100000000100000 )
b010001001 2
15
06
#2583
05
16
#2584
b01001000 #
b0100100000100000 (
b0100100000100000 )
b010001010 2
15
06
#2585
05
16
#2586
b01010000 #
b0101000000100000 (
b0101000000100000 )
b010001011 2
15
06
#2587
05
16
#2588
b01011000 #
b0101100000100000 (
b0101100000100000 )
b010001100 2
15
06
#2589
05
16
#2590
b01100000 #
b0110000000100000 (
b0110000000100000 )
b010001101 2
15
06
#2591
05
16
#2592
b01101000 #
b0110100000100000 (
b0110100000100000 )
b010001110 2
15
06
#2593
05
16
#2594
b01110000 #
b0111000000100000 (
b0111000000100000 )
b010001111 2
15
06
#2595
05
16
#2596
b01111000 #
b0111100000100000 (
b0111100000100000 )
b010010000 2
15
06
#2597
05
16
#2598
b10000000 #
b1000000000100000 (
b1000000000100000 )
b010010001 2
15
06
#2599
05
16
#2600
b10001000 #
b1000100000100000 (
b1000100000100000 )
b010010010 2
15
06
#2601
05
16
#2602
b10010000 #
b1001000000100000 (
b1001000000100000 )
b010010011 2
15
06
#2603
05
16
#2604
b10011000 #
b1001100000100000 (
b1001100000100000 )
b010010100 2
15
06
#2605
05
16
#2606
b10100000 #
b1010000000100000 (
b1010000000100000 )
b010010101 2
15
06
#2607
05
16
#2608
b10101000 #
b1010100000100000 (
b1010100000100000 )
b010010110 2
15
06
#2609
05
16
#2610
b10110000 #
b1011000000100000 (
b1011000000100000 )
b010010111 2
15
06
#2611
05
16
#2612
b10111000 #
b1011100000100000 (
b1011100000100000 )
b010011000 2
15
06
#2613
05
16
#2614
b11000000 #
b1100000000100000 (
b1100000000100000 )
b010011001 2
15
06
#2615
05
16
#2616
b11001000 #
b1100100000100000 (
b1100100000100000 )
b010011010 2
15
06
#2617
05
16
#2618
b11010000 #
b1101000000100000 (
b1101000000100000 )
b010011011 2
15
06
#2619
05
16
#2620
b11011000 #
b1101100000100000 (
b1101100000100000 )
b010011100 2
15
06
#2621
05
16
#2622
b11100000 #
b1110000000100000 (
b1110000000100000 )
b010011101 2
15
06
#2623
05
16
#2624
b11101000 #
b1110100000100000 (
b1110100000100000 )
b010011110 2
15
06
#2625
05
16
#2626
b11110000 #
b1111000000100000 (
b1111000000100000 )
b010011111 2
15
06
#2627
05
16
#2628
b11111000 #
b1111100000100000 (
b1111100000100000 )
b010100000 2
15
06
#2629
05
16
#2630
b00000000 #
b0000000000100000 (
b0000000000100000 )
b010100001 2
15
06
#2631
05
16
#2632
b00001000 #
b0000100000100000 (
b0000100000100000 )
b010100010 2
15
06
#2633
05
16
#2634
b00010000 #
b0001000000100000 (
b0001000000100000 )
b010100011 2
15
06
#2635
05
16
#2636
b00011000 #
b0001100000100000 (
b0001100000100000 )
b010100100 2
15
06
#2637
05
16
#2638
b00100000 #
b0010000000100000 (
b0010000000100000 )
b010100101 2
15
06
#2639
05
16
#2640
b00101000 #
b0010100000100000 (
b0010100000100000 )
b010100110 2
15
06
#2641
05
16
#2642
b00110000 #
b0011000000100000 (
b0011000000100000 )
b010100111 2
15
06
#2643
05
16
#2644
b00111000 #
b0011100000100000 (
b0011100000100000 )
b010101000 2
15
06
#2645
05
16
#2646
b01000000 #
b0100000000100000 (
b0100000000100000 )
b010101001 2
15
06
#2647
05
16
#2648
b01001000 #
b0100100000100000 (
b0100100000100000 )
b010101010 2
15
06
#2649
05
16
#2650
b01010000 #
b0101000000100000 (
b0101000000100000 )
b010101011 2
15
06
#2651
05
16
#2652
b01011000 #
b0101100000100000 (
b0101100000100000 )
b010101100 2
15
06
#2653
05
16
#2654
b01100000 #
b0110000000100000 (
b0110000000100000 )
b010101101 2
15
06
#2655
05
16
#2656
b01101000 #
b0110100000100000 (
b0110100000100000 )
b010101110 2
15
06
#2657
05
16
#2658
b01110000 #
b0111000000100000 (
b0111000000100000 )
b010101111 2
15
06
#2659
05
16
#2660
b01111000 #
b0111100000100000 (
b0111100000100000 )
b010110000 2
15
06
#2661
05
16
#2662
b10000000 #
b1000000000100000 (
b1000000000100000 )
b010110001 2
15
06
#2663
05
16
#2664
b10001000 #
b1000100000100000 (
b1000100000100000 )
b010110010 2
15
06
#2665
05
16
#2666
b10010000 #
b1001000000100000 (
b1001000000100000 )
b010110011 2
15
06
#2667
05
16
#2668
b10011000 #
b1001100000100000 (
b1001100000100000 )
b010110100 2
15
06
#2669
05
16
#2670
b10100000 #
b1010000000100000 (
b1010000000100000 )
b010110101 2
15
06
#2671
05
16
#2672
b10101000 #
b1010100000100000 (
b1010100000100000 )
b010110110 2
15
06
#2673
05
16
#2674
b10110000 #
b1011000000100000 (
b1011000000100000 )
b010110111 2
15
06
#2675
05
16
#2676
b10111000 #
b1011100000100000 (
b1011100000100000 )
b010111000 2
15
06
#2677
05
16
#2678
b11000000 #
b1100000000100000 (
b1100000000100000 )
b010111001 2
15
06
#2679
05
16
#2680
b11001000 #
b1100100000100000 (
b1100100000100000 )
b010111010 2
15
06
#2681
05
16
#2682
b11010000 #
b1101000000100000 (
b1101000000100000 )
b010111011 2
15
06
#2683
05
16
#2684
b11011000 #
b1101100000100000 (
b1101100000100000 )
b010111100 2
15
06
#2685
05
16
#2686
b11100000 #
b1110000000100000 (
b1110000000100000 )
b010111101 2
15
06
#2687
05
16
#2688
b11101000 #
b1110100000100000 (
b1110100000100000 )
b010111110 2
15
06
#2689
05
16
#2690
b11110000 #
b1111000000100000 (
b1111000000100000 )
b010111111 2
15
06
#2691
05
16
#2692
b11111000 #
b1111100000100000 (
b1111100000100000 )
b011000000 2
15
06
#2693
05
16
#2694
b00000000 #
b0000000000100000 (
b0000000000100000 )
b011000001 2
15
06
#2695
05
16
#2696
b00001000 #
b0000100000100000 (
b0000100000100000 )
b011000010 2
15
06
#2697
05
16
#2698
b00010000 #
b0001000000100000 (
b0001000000100000 )
b011000011 2
15
06
#2699
05
16
#2700
b00011000 #
b0001100000100000 (
b0001100000100000 )
b011000100 2
15
06
#2701
05
16
#2702
b00100000 #
b0010000000100000 (
b0010000000100000 )
b011000101 2
15
06
#2703
05
16
#2704
b00101000 #
b0010100000100000 (
b0010100000100000 )
b011000110 2
15
06
#2705
05
16
#2706
b00110000 #
b0011000000100000 (
b0011000000100000 )
b011000111 2
15
06
#2707
05
16
#2708
b00111000 #
b0011100000100000 (
b0011100000100000 )
b011001000 2
15
06
#2709
05
16
#2710
b01000000 #
b0100000000100000 (
b0100000000100000 )
b011001001 2
15
06
#2711
05
16
#2712
b01001000 #
b0100100000100000 (
b0100100000100000 )
b011001010 2
15
06
#2713
05
16
#2714
b01010000 #
b0101000000100000 (
b0101000000100000 )
b011001011 2
15
06
#2715
05
16
#2716
b01011000 #
b0101100000100000 (
b0101100000100000 )
b011001100 2
15
06
#2717
05
16
#2718
b01100000 #
b0110000000100000 (
b0110000000100000 )
b011001101 2
15
06
#2719
05
16
#2720
b01101000 #
b0110100000100000 (
b0110100000100000 )
b011001110 2
15
06
#2721
05
16
#2722
b01110000 #
b0111000000100000 (
b0111000000100000 )
b011001111 2
15
06
#2723
05
16
#2724
b01111000 #
b0111100000100000 (
b0111100000100000 )
b011010000 2
15
06
#2725
05
16
#2726
b10000000 #
b1000000000100000 (
b1000000000100000 )
b011010001 2
15
06
#2727
05
16
#2728
b10001000 #
b1000100000100000 (
b1000100000100000 )
b011010010 2
15
06
#2729
05
16
#2730
b10010000 #
b1001000000100000 (
b1001000000100000 )
b011010011 2
15
06
#2731
05
16
#2732
b10011000 #
b1001100000100000 (
b1001100000100000 )
b011010100 2
15
06
#2733
05
16
#2734
b10100000 #
b1010000000100000 (
b1010000000100000 )
b011010101 2
15
06
#2735
05
16
#2736
b10101000 #
b1010100000100000 (
b1010100000100000 )
b011010110 2
15
06
#2737
05
16
#2738
b10110000 #
b1011000000100000 (
b1011000000100000 )
b011010111 2
15
06
#2739
05
16
#2740
b10111000 #
b1011100000100000 (
b1011100000100000 )
b011011000 2
15
06
#2741
05
16
#2742
b11000000 #
b1100000000100000 (
b1100000000100000 )
b011011001 2
15
06
#2743
05
16
#2744
b11001000 #
b1100100000100000 (
b1100100000100000 )
b011011010 2
15
06
#2745
05
16
#2746
b11010000 #
b1101000000100000 (
b1101000000100000 )
b011011011 2
15
06
#2747
05
16
#2748
b11011000 #
b1101100000100000 (
b1101100000100000 )
b011011100 2
15
06
#2749
05
16
#2750
b11100000 #
b1110000000100000 (
b1110000000100000 )
b011011101 2
15
06
#2751
05
16
#2752
b11101000 #
b1110100000100000 (
b1110100000100000 )
b011011110 2
15
06
#2753
05
16
#2754
b11110000 #
b1111000000100000 (
b1111000000100000 )
b011011111 2
15
06
#2755
05
16
#2756
b11111000 #
b1111100000100000 (
b1111100000100000 )
b011100000 2
15
06
#2757
05
16
#2758
b00000000 #
b0000000000100000 (
b0000000000100000 )
b011100001 2
15
06
#2759
05
16
#2760
b00001000 #
b0000100000100000 (
b0000100000100000 )
b011100010 2
15
06
#2761
05
16
#2762
b00010000 #
b0001000000100000 (
b0001000000100000 )
b011100011 2
15
06
#2763
05
16
#2764
b00011000 #
b0001100000100000 (
b0001100000100000 )
b011100100 2
15
06
#2765
05
16
#2766
b00100000 #
b0010000000100000 (
b0010000000100000 )
b011100101 2
15
06
#2767
05
16
#2768
b00101000 #
b0010100000100000 (
b0010100000100000 )
b011100110 2
15
06
#2769
05
16
#2770
b00110000 #
b0011000000100000 (
b0011000000100000 )
b011100111 2
15
06
#2771
05
16
#2772
b00111000 #
b0011100000100000 (
b0011100000100000 )
b011101000 2
15
06
#2773
05
16
#2774
b01000000 #
b0100000000100000 (
b0100000000100000 )
b011101001 2
15
06
#2775
05
16
#2776
b01001000 #
b0100100000100000 (
b0100100000100000 )
b011101010 2
15
06
#2777
05
16
#2778
b01010000 #
b0101000000100000 (
b0101000000100000 )
b011101011 2
15
06
#2779
05
16
#2780
b01011000 #
b0101100000100000 (
b0101100000100000 )
b011101100 2
15
06
#2781
05
16
#2782
b01100000 #
b0110000000100000 (
b0110000000100000 )
b011101101 2
15
06
#2783
05
16
#2784
b01101000 #
b0110100000100000 (
b0110100000100000 )
b011101110 2
15
06
#2785
05
16
#2786
b01110000 #
b0111000000100000 (
b0111000000100000 )
b011101111 2
15
06
#2787
05
16
#2788
b01111000 #
b0111100000100000 (
b0111100000100000 )
b011110000 2
15
06
#2789
05
16
#2790
b10000000 #
b1000000000100000 (
b1000000000100000 )
b011110001 2
15
06
#2791
05
16
#2792
b10001000 #
b1000100000100000 (
b1000100000100000 )
b011110010 2
15
06
#2793
05
16
#2794
b10010000 #
b1001000000100000 (
b1001000000100000 )
b011110011 2
15
06
#2795
05
16
#2796
b10011000 #
b1001100000100000 (
b1001100000100000 )
b011110100 2
15
06
#2797
05
16
#2798
b10100000 #
b1010000000100000 (
b1010000000100000 )
b011110101 2
15
06
#2799
05
16
#2800
b10101000 #
b1010100000100000 (
b1010100000100000 )
b011110110 2
15
06
#2801
05
16
#2802
b10110000 #
b1011000000100000 (
b1011000000100000 )
b011110111 2
15
06
#2803
05
16
#2804
b10111000 #
b1011100000100000 (
b1011100000100000 )
b011111000 2
15
06
#2805
05
16
#2806
b11000000 #
b1100000000100000 (
b1100000000100000 )
b011111001 2
15
06
#2807
05
16
#2808
b11001000 #
b1100100000100000 (
b1100100000100000 )
b011111010 2
15
06
#2809
05
16
#2810
b11010000 #
b1101000000100000 (
b1101000000100000 )
b011111011 2
15
06
#2811
05
16
#2812
b11011000 #
b1101100000100000 (
b1101100000100000 )
b011111100 2
15
06
#2813
05
16
#2814
b11100000 #
b1110000000100000 (
b1110000000100000 )
b011111101 2
15
06
#2815
05
16
#2816
b11101000 #
b1110100000100000 (
b1110100000100000 )
b011111110 2
15
06
#2817
05
16
#2818
b11110000 #
b1111000000100000 (
b1111000000100000 )
b011111111 2
15
06
#2819
05
16
#2820
b11111000 #
b1111100000100000 (
b1111100000100000 )
b100000000 2
15
06
#2821
05
16
#2822
b00000000 #
b0000000000100000 (
b0000000000100000 )
b100000001 2
15
06
#2823
05
16
#2824
b00001000 #
b0000100000100000 (
b0000100000100000 )
b100000010 2
15
06
#2825
05
16
#2826
b00010000 #
b0001000000100000 (
b0001000000100000 )
b100000011 2
15
06
#2827
05
16
#2828
b00011000 #
b0001100000100000 (
b0001100000100000 )
b100000100 2
15
06
#2829
05
16
#2830
b00100000 #
b0010000000100000 (
b0010000000100000 )
b100000101 2
15
06
#2831
05
16
#2832
b00101000 #
b0010100000100000 (
b0010100000100000 )
b100000110 2
15
06
#2833
05
16
#2834
b00110000 #
b0011000000100000 (
b0011000000100000 )
b100000111 2
15
06
#2835
05
16
#2836
b00111000 #
b0011100000100000 (
b0011100000100000 )
b100001000 2
15
06
#2837
05
16
#2838
b01000000 #
b0100000000100000 (
b0100000000100000 )
b100001001 2
15
06
#2839
05
16
#2840
b01001000 #
b0100100000100000 (
b0100100000100000 )
b100001010 2
15
06
#2841
05
16
#2842
b01010000 #
b0101000000100000 (
b0101000000100000 )
b100001011 2
15
06
#2843
05
16
#2844
b01011000 #
b0101100000100000 (
b0101100000100000 )
b100001100 2
15
06
#2845
05
16
#2846
b01100000 #
b0110000000100000 (
b0110000000100000 )
b100001101 2
15
06
#2847
05
16
#2848
b01101000 #
b0110100000100000 (
b0110100000100000 )
b100001110 2
15
06
#2849
05
16
#2850
b01110000 #
b0111000000100000 (
b0111000000100000 )
b100001111 2
15
06
#2851
05
16
#2852
b01111000 #
b0111100000100000 (
b0111100000100000 )
b100010000 2
15
06
#2853
05
16
#2854
b10000000 #
b1000000000100000 (
b1000000000100000 )
b100010001 2
15
06
#2855
05
16
#2856
b10001000 #
b1000100000100000 (
b1000100000100000 )
b100010010 2
15
06
#2857
05
16
#2858
b10010000 #
b1001000000100000 (
b1001000000100000 )
b100010011 2
15
06
#2859
05
16
#2860
b10011000 #
b1001100000100000 (
b1001100000100000 )
b100010100 2
15
06
#2861
05
16
#2862
b10100000 #
b1010000000100000 (
b1010000000100000 )
b100010101 2
15
06
#2863
05
16
#2864
b10101000 #
b1010100000100000 (
b1010100000100000 )
b100010110 2
15
06
#2865
05
16
#2866
b10110000 #
b1011000000100000 (
b1011000000100000 )
b100010111 2
15
06
#2867
05
16
#2868
b10111000 #
b1011100000100000 (
b1011100000100000 )
b100011000 2
15
06
#2869
05
16
#2870
b11000000 #
b1100000000100000 (
b1100000000100000 )
b100011001 2
15
06
#2871
05
16
#2872
b11001000 #
b1100100000100000 (
b1100100000100000 )
b100011010 2
15
06
#2873
05
16
#2874
b11010000 #
b1101000000100000 (
b1101000000100000 )
b100011011 2
15
06
#2875
05
16
#2876
b11011000 #
b1101100000100000 (
b1101100000100000 )
b100011100 2
15
06
#2877
05
16
#2878
b11100000 #
b1110000000100000 (
b1110000000100000 )
b100011101 2
15
06
#2879
05
16
#2880
b11101000 #
b1110100000100000 (
b1110100000100000 )
b100011110 2
15
06
#2881
05
16
#2882
b11110000 #
b1111000000100000 (
b1111000000100000 )
b100011111 2
15
06
#2883
05
16
#2884
b11111000 #
b1111100000100000 (
b1111100000100000 )
b100100000 2
15
06
#2885
05
16
#2886
b00000000 #
b0000000000100000 (
b0000000000100000 )
b100100001 2
15
06
#2887
05
16
#2888
b00001000 #
b0000100000100000 (
b0000100000100000 )
b100100010 2
15
06
#2889
05
16
#2890
b00010000 #
b0001000000100000 (
b0001000000100000 )
b100100011 2
15
06
#2891
05
16
#2892
b00011000 #
b0001100000100000 (
b0001100000100000 )
b100100100 2
15
06
#2893
05
16
#2894
b00100000 #
b0010000000100000 (
b0010000000100000 )
b100100101 2
15
06
#2895
05
16
#2896
b00101000 #
b0010100000100000 (
b0010100000100000 )
b100100110 2
15
06
#2897
05
16
#2898
b00110000 #
b0011000000100000 (
b0011000000100000 )
b100100111 2
15
06
#2899
05
16
#2900
b00111000 #
b0011100000100000 (
b0011100000100000 )
b100101000 2
15
06
#2901
05
16
#2902
b01000000 #
b0100000000100000 (
b0100000000100000 )
b100101001 2
15
06
#2903
05
16
#2904
b01001000 #
b0100100000100000 (
b0100100000100000 )
b100101010 2
15
06
#2905
05
16
#2906
b01010000 #
b0101000000100000 (
b0101000000100000 )
b100101011 2
15
06
#2907
05
16
#2908
b01011000 #
b0101100000100000 (
b0101100000100000 )
b100101100 2
15
06
#2909
05
16
#2910
b01100000 #
b0110000000100000 (
b0110000000100000 )
b100101101 2
15
06
#2911
05
16
#2912
b01101000 #
b0110100000100000 (
b0110100000100000 )
b100101110 2
15
06
#2913
05
16
#2914
b01110000 #
b0111000000100000 (
b0111000000100000 )
b100101111 2
15
06
#2915
05
16
#2916
b01111000 #
b0111100000100000 (
b0111100000100000 )
b100110000 2
15
06
#2917
05
16
#2918
b10000000 #
b1000000000100000 (
b1000000000100000 )
b100110001 2
15
06
#2919
05
16
#2920
b10001000 #
b1000100000100000 (
b1000100000100000 )
b100110010 2
15
06
#2921
05
16
#2922
b10010000 #
b1001000000100000 (
b1001000000100000 )
b100110011 2
15
06
#2923
05
16
#2924
b10011000 #
b1001100000100000 (
b1001100000100000 )
b100110100 2
15
06
#2925
05
16
#2926
b10100000 #
b1010000000100000 (
b1010000000100000 )
b100110101 2
15
06
#2927
05
16
#2928
b10101000 #
b1010100000100000 (
b1010100000100000 )
b100110110 2
15
06
#2929
05
16
#2930
b10110000 #
b1011000000100000 (
b1011000000100000 )
b100110111 2
15
06
#2931
05
16
#2932
b10111000 #
b1011100000100000 (
b1011100000100000 )
b100111000 2
15
06
#2933
05
16
#2934
b11000000 #
b1100000000100000 (
b1100000000100000 )
b100111001 2
15
06
#2935
05
16
#2936
b11001000 #
b1100100000100000 (
b1100100000100000 )
b100111010 2
15
06
#2937
05
16
#2938
b11010000 #
b1101000000100000 (
b1101000000100000 )
b100111011 2
15
06
#2939
05
16
#2940
b11011000 #
b1101100000100000 (
b1101100000100000 )
b100111100 2
15
06
#2941
05
16
#2942
b11100000 #
b1110000000100000 (
b1110000000100000 )
b100111101 2
15
06
#2943
05
16
#2944
b11101000 #
b1110100000100000 (
b1110100000100000 )
b100111110 2
15
06
#2945
05
16
#2946
b11110000 #
b1111000000100000 (
b1111000000100000 )
b100111111 2
15
06
#2947
05
16
#2948
b11111000 #
b1111100000100000 (
b1111100000100000 )
b000000000 2
b00000010 3
15
06
#2949
05
16
#2950
b00000000 #
b01000000 $
b0000000001000000 (
b0000000001000000 )
b000000001 2
15
06
#2951
05
16
#2952
b00001000 #
b0000100001000000 (
b0000100001000000 )
b000000010 2
15
06
#2953
05
16
#2954
b00010000 #
b0001000001000000 (
b0001000001000000 )
b000000011 2
15
06
#2955
05
16
#2956
b00011000 #
b0001100001000000 (
b0001100001000000 )
b000000100 2
15
06
#2957
05
16
#2958
b00100000 #
b0010000001000000 (
b0010000001000000 )
b000000101 2
15
06
#2959
05
16
#2960
b00101000 #
b0010100001000000 (
b0010100001000000 )
b000000110 2
15
06
#2961
05
16
#2962
b00110000 #
b0011000001000000 (
b0011000001000000 )
b000000111 2
15
06
#2963
05
16
#2964
b00111000 #
b0011100001000000 (
b0011100001000000 )
b000001000 2
15
06
#2965
05
16
#2966
b01000000 #
b0100000001000000 (
b0100000001000000 )
b000001001 2
15
06
#2967
05
16
#2968
b01001000 #
b0100100001000000 (
b0100100001000000 )
b000001010 2
15
06
#2969
05
16
#2970
b01010000 #
b0101000001000000 (
b0101000001000000 )
b000001011 2
15
06
#2971
05
16
#2972
b01011000 #
b0101100001000000 (
b0101100001000000 )
b000001100 2
15
06
#2973
05
16
#2974
b01100000 #
b0110000001000000 (
b0110000001000000 )
b000001101 2
15
06
#2975
05
16
#2976
b01101000 #
b0110100001000000 (
b0110100001000000 )
b000001110 2
15
06
#2977
05
16
#2978
b01110000 #
b0111000001000000 (
b0111000001000000 )
b000001111 2
15
06
#2979
05
16
#2980
b01111000 #
b0111100001000000 (
b0111100001000000 )
b000010000 2
15
06
#2981
05
16
#2982
b10000000 #
b1000000001000000 (
b1000000001000000 )
b000010001 2
15
06
#2983
05
16
#2984
b10001000 #
b1000100001000000 (
b1000100001000000 )
b000010010 2
15
06
#2985
05
16
#2986
b10010000 #
b1001000001000000 (
b1001000001000000 )
b000010011 2
15
06
#2987
05
16
#2988
b10011000 #
b1001100001000000 (
b1001100001000000 )
b000010100 2
15
06
#2989
05
16
#2990
b10100000 #
b1010000001000000 (
b1010000001000000 )
b000010101 2
15
06
#2991
05
16
#2992
b10101000 #
b1010100001000000 (
b1010100001000000 )
b000010110 2
15
06
#2993
05
16
#2994
b10110000 #
b1011000001000000 (
b1011000001000000 )
b000010111 2
15
06
#2995
05
16
#2996
b10111000 #
b1011100001000000 (
b1011100001000000 )
b000011000 2
15
06
#2997
05
16
#2998
b11000000 #
b1100000001000000 (
b1100000001000000 )
b000011001 2
15
06
#2999
05
16
#3000
b11001000 #
b1100100001000000 (
b1100100001000000 )
b000011010 2
15
06
#3001
05
16
#3002
b11010000 #
b1101000001000000 (
b1101000001000000 )
b000011011 2
15
06
#3003
05
16
#3004
b11011000 #
b1101100001000000 (
b1101100001000000 )
b000011100 2
15
06
#3005
05
16
#3006
b11100000 #
b1110000001000000 (
b1110000001000000 )
b000011101 2
15
06
#3007
05
16
#3008
b11101000 #
b1110100001000000 (
b1110100001000000 )
b000011110 2
15
06
#3009
05
16
#3010
b11110000 #
b1111000001000000 (
b1111000001000000 )
b000011111 2
15
06
#3011
05
16
#3012
b11111000 #
b1111100001000000 (
b1111100001000000 )
b000100000 2
15
06
#3013
05
16
#3014
b00000000 #
b0000000001000000 (
b0000000001000000 )
b000100001 2
15
06
#3015
05
16
#3016
b00001000 #
b0000100001000000 (
b0000100001000000 )
b000100010 2
15
06
#3017
05
16
#3018
b00010000 #
b0001000001000000 (
b0001000001000000 )
b000100011 2
15
06
#3019
05
16
#3020
b00011000 #
b0001100001000000 (
b0001100001000000 )
b000100100 2
15
06
#3021
05
16
#3022
b00100000 #
b0010000001000000 (
b0010000001000000 )
b000100101 2
15
06
#3023
05
16
#3024
b00101000 #
b0010100001000000 (
b0010100001000000 )
b000100110 2
15
06
#3025
05
16
#3026
b00110000 #
b0011000001000000 (
b0011000001000000 )
b000100111 2
15
06
#3027
05
16
#3028
b00111000 #
b0011100001000000 (
b0011100001000000 )
b000101000 2
15
06
#3029
05
16
#3030
b01000000 #
b0100000001000000 (
b0100000001000000 )
b000101001 2
15
06
#3031
05
16
#3032
b01001000 #
b0100100001000000 (
b0100100001000000 )
b000101010 2
15
06
#3033
05
16
#3034
b01010000 #
b0101000001000000 (
b0101000001000000 )
b000101011 2
15
06
#3035
05
16
#3036
b01011000 #
b0101100001000000 (
b0101100001000000 )
b000101100 2
15
06
#3037
05
16
#3038
b01100000 #
b0110000001000000 (
b0110000001000000 )
b000101101 2
15
06
#3039
05
16
#3040
b01101000 #
b0110100001000000 (
b0110100001000000 )
b000101110 2
15
06
#3041
05
16
#3042
b01110000 #
b0111000001000000 (
b0111000001000000 )
b000101111 2
15
06
#3043
05
16
#3044
b01111000 #
b0111100001000000 (
b0111100001000000 )
b000110000 2
15
06
#3045
05
16
#3046
b10000000 #
b1000000001000000 (
b1000000001000000 )
b000110001 2
15
06
#3047
05
16
#3048
b10001000 #
b1000100001000000 (
b1000100001000000 )
b000110010 2
15
06
#3049
05
16
#3050
b10010000 #
b1001000001000000 (
b1001000001000000 )
b000110011 2
15
06
#3051
05
16
#3052
b10011000 #
b1001100001000000 (
b1001100001000000 )
b000110100 2
15
06
#3053
05
16
#3054
b10100000 #
b1010000001000000 (
b1010000001000000 )
b000110101 2
15
06
#3055
05
16
#3056
b10101000 #
b1010100001000000 (
b1010100001000000 )
b000110110 2
15
06
#3057
05
16
#3058
b10110000 #
b1011000001000000 (
b1011000001000000 )
b000110111 2
15
06
#3059
05
16
#3060
b10111000 #
b1011100001000000 (
b1011100001000000 )
b000111000 2
15
06
#3061
05
16
#3062
b11000000 #
b1100000001000000 (
b1100000001000000 )
b000111001 2
15
06
#3063
05
16
#3064
b11001000 #
b1100100001000000 (
b1100100001000000 )
b000111010 2
15
06
#3065
05
16
#3066
b11010000 #
b1101000001000000 (
b1101000001000000 )
b000111011 2
15
06
#3067
05
16
#3068
b11011000 #
b1101100001000000 (
b1101100001000000 )
b000111100 2
15
06
#3069
05
16
#3070
b11100000 #
b1110000001000000 (
b1110000001000000 )
b000111101 2
15
06
#3071
05
16
#3072
b11101000 #
b1110100001000000 (
b1110100001000000 )
b000111110 2
15
06
#3073
05
16
#3074
b11110000 #
b1111000001000000 (
b1111000001000000 )
b000111111 2
15
06
#3075
05
16
#3076
b11111000 #
b1111100001000000 (
b1111100001000000 )
b001000000 2
15
06
#3077
05
16
#3078
b00000000 #
b0000000001000000 (
b0000000001000000 )
b001000001 2
15
06
#3079
05
16
#3080
b00001000 #
b0000100001000000 (
b0000100001000000 )
b001000010 2
15
06
#3081
05
16
#3082
b00010000 #
b0001000001000000 (
b0001000001000000 )
b001000011 2
15
06
#3083
05
16
#3084
b00011000 #
b0001100001000000 (
b0001100001000000 )
b001000100 2
15
06
#3085
05
16
#3086
b00100000 #
b0010000001000000 (
b0010000001000000 )
b001000101 2
15
06
#3087
05
16
#3088
b00101000 #
b0010100001000000 (
b0010100001000000 )
b001000110 2
15
06
#3089
05
16
#3090
b00110000 #
b0011000001000000 (
b0011000001000000 )
b001000111 2
15
06
#3091
05
16
#3092
b00111000 #
b0011100001000000 (
b0011100001000000 )
b001001000 2
15
06
#3093
05
16
#3094
b01000000 #
b0100000001000000 (
b0100000001000000 )
b001001001 2
15
06
#3095
05
16
#3096
b01001000 #
b0100100001000000 (
b0100100001000000 )
b001001010 2
15
06
#3097
05
16
#3098
b01010000 #
b0101000001000000 (
b0101000001000000 )
b001001011 2
15
06
#3099
05
16
#3100
b01011000 #
b0101100001000000 (
b0101100001000000 )
b001001100 2
15
06
#3101
05
16
#3102
b01100000 #
b0110000001000000 (
b0110000001000000 )
b001001101 2
15
06
#3103
05
16
#3104
b01101000 #
b0110100001000000 (
b0110100001000000 )
b001001110 2
15
06
#3105
05
16
#3106
b01110000 #
b0111000001000000 (
b0111000001000000 )
b001001111 2
15
06
#3107
05
16
#3108
b01111000 #
b0111100001000000 (
b0111100001000000 )
b001010000 2
15
06
#3109
05
16
#3110
b10000000 #
b1000000001000000 (
b1000000001000000 )
b001010001 2
15
06
#3111
05
16
#3112
b10001000 #
b1000100001000000 (
b1000100001000000 )
b001010010 2
15
06
#3113
05
16
#3114
b10010000 #
b1001000001000000 (
b1001000001000000 )
b001010011 2
15
06
#3115
05
16
#3116
b10011000 #
b1001100001000000 (
b1001100001000000 )
b001010100 2
15
06
#3117
05
16
#3118
b10100000 #
b1010000001000000 (
b1010000001000000 )
b001010101 2
15
06
#3119
05
16
#3120
b10101000 #
b1010100001000000 (
b1010100001000000 )
b001010110 2
15
06
#3121
05
16
#3122
b10110000 #
b1011000001000000 (
b1011000001000000 )
b001010111 2
15
06
#3123
05
16
#3124
b10111000 #
b1011100001000000 (
b1011100001000000 )
b001011000 2
15
06
#3125
05
16
#3126
b11000000 #
b1100000001000000 (
b1100000001000000 )
b001011001 2
15
06
#3127
05
16
#3128
b11001000 #
b1100100001000000 (
b1100100001000000 )
b001011010 2
15
06
#3129
05
16
#3130
b11010000 #
b1101000001000000 (
b1101000001000000 )
b001011011 2
15
06
#3131
05
16
#3132
b11011000 #
b1101100001000000 (
b1101100001000000 )
b001011100 2
15
06
#3133
05
16
#3134
b11100000 #
b1110000001000000 (
b1110000001000000 )
b001011101 2
15
06
#3135
05
16
#3136
b11101000 #
b1110100001000000 (
b1110100001000000 )
b001011110 2
15
06
#3137
05
16
#3138
b11110000 #
b1111000001000000 (
b1111000001000000 )
b001011111 2
15
06
#3139
05
16
#3140
b11111000 #
b1111100001000000 (
b1111100001000000 )
b001100000 2
15
06
#3141
05
16
#3142
b00000000 #
b0000000001000000 (
b0000000001000000 )
b001100001 2
15
06
#3143
05
16
#3144
b00001000 #
b0000100001000000 (
b0000100001000000 )
b001100010 2
15
06
#3145
05
16
#3146
b00010000 #
b0001000001000000 (
b0001000001000000 )
b001100011 2
15
06
#3147
05
16
#3148
b00011000 #
b0001100001000000 (
b0001100001000000 )
b001100100 2
15
06
#3149
05
16
#3150
b00100000 #
b0010000001000000 (
b0010000001000000 )
b001100101 2
15
06
#3151
05
16
#3152
b00101000 #
b0010100001000000 (
b0010100001000000 )
b001100110 2
15
06
#3153
05
16
#3154
b00110000 #
b0011000001000000 (
b0011000001000000 )
b001100111 2
15
06
#3155
05
16
#3156
b00111000 #
b0011100001000000 (
b0011100001000000 )
b001101000 2
15
06
#3157
05
16
#3158
b01000000 #
b0100000001000000 (
b0100000001000000 )
b001101001 2
15
06
#3159
05
16
#3160
b01001000 #
b0100100001000000 (
b0100100001000000 )
b001101010 2
15
06
#3161
05
16
#3162
b01010000 #
b0101000001000000 (
b0101000001000000 )
b001101011 2
15
06
#3163
05
16
#3164
b01011000 #
b0101100001000000 (
b0101100001000000 )
b001101100 2
15
06
#3165
05
16
#3166
b01100000 #
b0110000001000000 (
b0110000001000000 )
b001101101 2
15
06
#3167
05
16
#3168
b01101000 #
b0110100001000000 (
b0110100001000000 )
b001101110 2
15
06
#3169
05
16
#3170
b01110000 #
b0111000001000000 (
b0111000001000000 )
b001101111 2
15
06
#3171
05
16
#3172
b01111000 #
b0111100001000000 (
b0111100001000000 )
b001110000 2
15
06
#3173
05
16
#3174
b10000000 #
b1000000001000000 (
b1000000001000000 )
b001110001 2
15
06
#3175
05
16
#3176
b10001000 #
b1000100001000000 (
b1000100001000000 )
b001110010 2
15
06
#3177
05
16
#3178
b10010000 #
b1001000001000000 (
b1001000001000000 )
b001110011 2
15
06
#3179
05
16
#3180
b10011000 #
b1001100001000000 (
b1001100001000000 )
b001110100 2
15
06
#3181
05
16
#3182
b10100000 #
b1010000001000000 (
b1010000001000000 )
b001110101 2
15
06
#3183
05
16
#3184
b10101000 #
b1010100001000000 (
b1010100001000000 )
b001110110 2
15
06
#3185
05
16
#3186
b10110000 #
b1011000001000000 (
b1011000001000000 )
b001110111 2
15
06
#3187
05
16
#3188
b10111000 #
b1011100001000000 (
b1011100001000000 )
b001111000 2
15
06
#3189
05
16
#3190
b11000000 #
b1100000001000000 (
b1100000001000000 )
b001111001 2
15
06
#3191
05
16
#3192
b11001000 #
b1100100001000000 (
b1100100001000000 )
b001111010 2
15
06
#3193
05
16
#3194
b11010000 #
b1101000001000000 (
b1101000001000000 )
b001111011 2
15
06
#3195
05
16
#3196
b11011000 #
b1101100001000000 (
b1101100001000000 )
b001111100 2
15
06
#3197
05
16
#3198
b11100000 #
b1110000001000000 (
b1110000001000000 )
b001111101 2
15
06
#3199
05
16
#3200
b11101000 #
b1110100001000000 (
b1110100001000000 )
b001111110 2
15
06
#3201
05
16
#3202
b11110000 #
b1111000001000000 (
b1111000001000000 )
b001111111 2
15
06
#3203
05
16
#3204
b11111000 #
b1111100001000000 (
b1111100001000000 )
b010000000 2
15
06
#3205
05
16
#3206
b00000000 #
b0000000001000000 (
b0000000001000000 )
b010000001 2
15
06
#3207
05
16
#3208
b00001000 #
b0000100001000000 (
b0000100001000000 )
b010000010 2
15
06
#3209
05
16
#3210
b00010000 #
b0001000001000000 (
b0001000001000000 )
b010000011 2
15
06
#3211
05
16
#3212
b00011000 #
b0001100001000000 (
b0001100001000000 )
b010000100 2
15
06
#3213
05
16
#3214
b00100000 #
b0010000001000000 (
b0010000001000000 )
b010000101 2
15
06
#3215
05
16
#3216
b00101000 #
b0010100001000000 (
b0010100001000000 )
b010000110 2
15
06
#3217
05
16
#3218
b00110000 #
b0011000001000000 (
b0011000001000000 )
b010000111 2
15
06
#3219
05
16
#3220
b00111000 #
b0011100001000000 (
b0011100001000000 )
b010001000 2
15
06
#3221
05
16
#3222
b01000000 #
b0100000001000000 (
b0100000001000000 )
b010001001 2
15
06
#3223
05
16
#3224
b01001000 #
b0100100001000000 (
b0100100001000000 )
b010001010 2
15
06
#3225
05
16
#3226
b01010000 #
b0101000001000000 (
b0101000001000000 )
b010001011 2
15
06
#3227
05
16
#3228
b01011000 #
b0101100001000000 (
b0101100001000000 )
b010001100 2
15
06
#3229
05
16
#3230
b01100000 #
b0110000001000000 (
b0110000001000000 )
b010001101 2
15
06
#3231
05
16
#3232
b01101000 #
b0110100001000000 (
b0110100001000000 )
b010001110 2
15
06
#3233
05
16
#3234
b01110000 #
b0111000001000000 (
b0111000001000000 )
b010001111 2
15
06
#3235
05
16
#3236
b01111000 #
b0111100001000000 (
b0111100001000000 )
b010010000 2
15
06
#3237
05
16
#3238
b10000000 #
b1000000001000000 (
b1000000001000000 )
b010010001 2
15
06
#3239
05
16
#3240
b10001000 #
b1000100001000000 (
b1000100001000000 )
b010010010 2
15
06
#3241
05
16
#3242
b10010000 #
b1001000001000000 (
b1001000001000000 )
b010010011 2
15
06
#3243
05
16
#3244
b10011000 #
b1001100001000000 (
b1001100001000000 )
b010010100 2
15
06
#3245
05
16
#3246
b10100000 #
b1010000001000000 (
b1010000001000000 )
b010010101 2
15
06
#3247
05
16
#3248
b10101000 #
b1010100001000000 (
b1010100001000000 )
b010010110 2
15
06
#3249
05
16
#3250
b10110000 #
b1011000001000000 (
b1011000001000000 )
b010010111 2
15
06
#3251
05
16
#3252
b10111000 #
b1011100001000000 (
b1011100001000000 )
b010011000 2
15
06
#3253
05
16
#3254
b11000000 #
b1100000001000000 (
b1100000001000000 )
b010011001 2
15
06
#3255
05
16
#3256
b11001000 #
b1100100001000000 (
b1100100001000000 )
b010011010 2
15
06
#3257
05
16
#3258
b11010000 #
b1101000001000000 (
b1101000001000000 )
b010011011 2
15
06
#3259
05
16
#3260
b11011000 #
b1101100001000000 (
b1101100001000000 )
b010011100 2
15
06
#3261
05
16
#3262
b11100000 #
b1110000001000000 (
b1110000001000000 )
b010011101 2
15
06
#3263
05
16
#3264
b11101000 #
b1110100001000000 (
b1110100001000000 )
b010011110 2
15
06
#3265
05
16
#3266
b11110000 #
b1111000001000000 (
b1111000001000000 )
b010011111 2
15
06
#3267
05
16
#3268
b11111000 #
b1111100001000000 (
b1111100001000000 )
b010100000 2
15
06
#3269
05
16
#3270
b00000000 #
b0000000001000000 (
b0000000001000000 )
b010100001 2
15
06
#3271
05
16
#3272
b00001000 #
b0000100001000000 (
b0000100001000000 )
b010100010 2
15
06
#3273
05
16
#3274
b00010000 #
b0001000001000000 (
b0001000001000000 )
b010100011 2
15
06
#3275
05
16
#3276
b00011000 #
b0001100001000000 (
b0001100001000000 )
b010100100 2
15
06
#3277
05
16
#3278
b00100000 #
b0010000001000000 (
b0010000001000000 )
b010100101 2
15
06
#3279
05
16
#3280
b00101000 #
b0010100001000000 (
b0010100001000000 )
b010100110 2
15
06
#3281
05
16
#3282
b00110000 #
b0011000001000000 (
b0011000001000000 )
b010100111 2
15
06
#3283
05
16
#3284
b00111000 #
b0011100001000000 (
b0011100001000000 )
b010101000 2
15
06
#3285
05
16
#3286
b01000000 #
b0100000001000000 (
b0100000001000000 )
b010101001 2
15
06
#3287
05
16
#3288
b01001000 #
b0100100001000000 (
b0100100001000000 )
b010101010 2
15
06
#3289
05
16
#3290
b01010000 #
b0101000001000000 (
b0101000001000000 )
b010101011 2
15
06
#3291
05
16
#3292
b01011000 #
b0101100001000000 (
b0101100001000000 )
b010101100 2
15
06
#3293
05
16
#3294
b01100000 #
b0110000001000000 (
b0110000001000000 )
b010101101 2
15
06
#3295
05
16
#3296
b01101000 #
b0110100001000000 (
b0110100001000000 )
b010101110 2
15
06
#3297
05
16
#3298
b01110000 #
b0111000001000000 (
b0111000001000000 )
b010101111 2
15
06
#3299
05
16
#3300
b01111000 #
b0111100001000000 (
b0111100001000000 )
b010110000 2
15
06
#3301
05
16
#3302
b10000000 #
b1000000001000000 (
b1000000001000000 )
b010110001 2
15
06
#3303
05
16
#3304
b10001000 #
b1000100001000000 (
b1000100001000000 )
b010110010 2
15
06
#3305
05
16
#3306
b10010000 #
b1001000001000000 (
b1001000001000000 )
b010110011 2
15
06
#3307
05
16
#3308
b10011000 #
b1001100001000000 (
b1001100001000000 )
b010110100 2
15
06
#3309
05
16
#3310
b10100000 #
b1010000001000000 (
b1010000001000000 )
b010110101 2
15
06
#3311
05
16
#3312
b10101000 #
b1010100001000000 (
b1010100001000000 )
b010110110 2
15
06
#3313
05
16
#3314
b10110000 #
b1011000001000000 (
b1011000001000000 )
b010110111 2
15
06
#3315
05
16
#3316
b10111000 #
b1011100001000000 (
b1011100001000000 )
b010111000 2
15
06
#3317
05
16
#3318
b11000000 #
b1100000001000000 (
b1100000001000000 )
b010111001 2
15
06
#3319
05
16
#3320
b11001000 #
b1100100001000000 (
b1100100001000000 )
b010111010 2
15
06
#3321
05
16
#3322
b11010000 #
b1101000001000000 (
b1101000001000000 )
b010111011 2
15
06
#3323
05
16
#3324
b11011000 #
b1101100001000000 (
b1101100001000000 )
b010111100 2
15
06
#3325
05
16
#3326
b11100000 #
b1110000001000000 (
b1110000001000000 )
b010111101 2
15
06
#3327
05
16
#3328
b11101000 #
b1110100001000000 (
b1110100001000000 )
b010111110 2
15
06
#3329
05
16
#3330
b11110000 #
b1111000001000000 (
b1111000001000000 )
b010111111 2
15
06
#3331
05
16
#3332
b11111000 #
b1111100001000000 (
b1111100001000000 )
b011000000 2
15
06
#3333
05
16
#3334
b00000000 #
b0000000001000000 (
b0000000001000000 )
b011000001 2
15
06
#3335
05
16
#3336
b00001000 #
b0000100001000000 (
b0000100001000000 )
b011000010 2
15
06
#3337
05
16
#3338
b00010000 #
b0001000001000000 (
b0001000001000000 )
b011000011 2
15
06
#3339
05
16
#3340
b00011000 #
b0001100001000000 (
b0001100001000000 )
b011000100 2
15
06
#3341
05
16
#3342
b00100000 #
b0010000001000000 (
b0010000001000000 )
b011000101 2
15
06
#3343
05
16
#3344
b00101000 #
b0010100001000000 (
b0010100001000000 )
b011000110 2
15
06
#3345
05
16
#3346
b00110000 #
b0011000001000000 (
b0011000001000000 )
b011000111 2
15
06
#3347
05
16
#3348
b00111000 #
b0011100001000000 (
b0011100001000000 )
b011001000 2
15
06
#3349
05
16
#3350
b01000000 #
b0100000001000000 (
b0100000001000000 )
b011001001 2
15
06
#3351
05
16
#3352
b01001000 #
b0100100001000000 (
b0100100001000000 )
b011001010 2
15
06
#3353
05
16
#3354
b01010000 #
b0101000001000000 (
b0101000001000000 )
b011001011 2
15
06
#3355
05
16
#3356
b01011000 #
b0101100001000000 (
b0101100001000000 )
b011001100 2
15
06
#3357
05
16
#3358
b01100000 #
b0110000001000000 (
b0110000001000000 )
b011001101 2
15
06
#3359
05
16
#3360
b01101000 #
b0110100001000000 (
b0110100001000000 )
b011001110 2
15
06
#3361
05
16
#3362
b01110000 #
b0111000001000000 (
b0111000001000000 )
b011001111 2
15
06
#3363
05
16
#3364
b01111000 #
b0111100001000000 (
b0111100001000000 )
b011010000 2
15
06
#3365
05
16
#3366
b10000000 #
b1000000001000000 (
b1000000001000000 )
b011010001 2
15
06
#3367
05
16
#3368
b10001000 #
b1000100001000000 (
b1000100001000000 )
b011010010 2
15
06
#3369
05
16
#3370
b10010000 #
b1001000001000000 (
b1001000001000000 )
b011010011 2
15
06
#3371
05
16
#3372
b10011000 #
b1001100001000000 (
b1001100001000000 )
b011010100 2
15
06
#3373
05
16
#3374
b10100000 #
b1010000001000000 (
b1010000001000000 )
b011010101 2
15
06
#3375
05
16
#3376
b10101000 #
b1010100001000000 (
b1010100001000000 )
b011010110 2
15
06
#3377
05
16
#3378
b10110000 #
b1011000001000000 (
b1011000001000000 )
b011010111 2
15
06
#3379
05
16
#3380
b10111000 #
b1011100001000000 (
b1011100001000000 )
b011011000 2
15
06
#3381
05
16
#3382
b11000000 #
b1100000001000000 (
b1100000001000000 )
b011011001 2
15
06
#3383
05
16
#3384
b11001000 #
b1100100001000000 (
b1100100001000000 )
b011011010 2
15
06
#3385
05
16
#3386
b11010000 #
b1101000001000000 (
b1101000001000000 )
b011011011 2
15
06
#3387
05
16
#3388
b11011000 #
b1101100001000000 (
b1101100001000000 )
b011011100 2
15
06
#3389
05
16
#3390
b11100000 #
b1110000001000000 (
b1110000001000000 )
b011011101 2
15
06
#3391
05
16
#3392
b11101000 #
b1110100001000000 (
b1110100001000000 )
b011011110 2
15
06
#3393
05
16
#3394
b11110000 #
b1111000001000000 (
b1111000001000000 )
b011011111 2
15
06
#3395
05
16
#3396
b11111000 #
b1111100001000000 (
b1111100001000000 )
b011100000 2
15
06
#3397
05
16
#3398
b00000000 #
b0000000001000000 (
b0000000001000000 )
b011100001 2
15
06
#3399
05
16
#3400
b00001000 #
b0000100001000000 (
b0000100001000000 )
b011100010 2
15
06
#3401
05
16
#3402
b00010000 #
b0001000001000000 (
b0001000001000000 )
b011100011 2
15
06
#3403
05
16
#3404
b00011000 #
b0001100001000000 (
b0001100001000000 )
b011100100 2
15
06
#3405
05
16
#3406
b00100000 #
b0010000001000000 (
b0010000001000000 )
b011100101 2
15
06
#3407
05
16
#3408
b00101000 #
b0010100001000000 (
b0010100001000000 )
b011100110 2
15
06
#3409
05
16
#3410
b00110000 #
b0011000001000000 (
b0011000001000000 )
b011100111 2
15
06
#3411
05
16
#3412
b00111000 #
b0011100001000000 (
b0011100001000000 )
b011101000 2
15
06
#3413
05
16
#3414
b01000000 #
b0100000001000000 (
b0100000001000000 )
b011101001 2
15
06
#3415
05
16
#3416
b01001000 #
b0100100001000000 (
b0100100001000000 )
b011101010 2
15
06
#3417
05
16
#3418
b01010000 #
b0101000001000000 (
b0101000001000000 )
b011101011 2
15
06
#3419
05
16
#3420
b01011000 #
b0101100001000000 (
b0101100001000000 )
b011101100 2
15
06
#3421
05
16
#3422
b01100000 #
b0110000001000000 (
b0110000001000000 )
b011101101 2
15
06
#3423
05
16
#3424
b01101000 #
b0110100001000000 (
b0110100001000000 )
b011101110 2
15
06
#3425
05
16
#3426
b01110000 #
b0111000001000000 (
b0111000001000000 )
b011101111 2
15
06
#3427
05
16
#3428
b01111000 #
b0111100001000000 (
b0111100001000000 )
b011110000 2
15
06
#3429
05
16
#3430
b10000000 #
b1000000001000000 (
b1000000001000000 )
b011110001 2
15
06
#3431
05
16
#3432
b10001000 #
b1000100001000000 (
b1000100001000000 )
b011110010 2
15
06
#3433
05
16
#3434
b10010000 #
b1001000001000000 (
b1001000001000000 )
b011110011 2
15
06
#3435
05
16
#3436
b10011000 #
b1001100001000000 (
b1001100001000000 )
b011110100 2
15
06
#3437
05
16
#3438
b10100000 #
b1010000001000000 (
b1010000001000000 )
b011110101 2
15
06
#3439
05
16
#3440
b10101000 #
b1010100001000000 (
b1010100001000000 )
b011110110 2
15
06
#3441
05
16
#3442
b10110000 #
b1011000001000000 (
b1011000001000000 )
b011110111 2
15
06
#3443
05
16
#3444
b10111000 #
b1011100001000000 (
b1011100001000000 )
b011111000 2
15
06
#3445
05
16
#3446
b11000000 #
b1100000001000000 (
b1100000001000000 )
b011111001 2
15
06
#3447
05
16
#3448
b11001000 #
b1100100001000000 (
b1100100001000000 )
b011111010 2
15
06
#3449
05
16
#3450
b11010000 #
b1101000001000000 (
b1101000001000000 )
b011111011 2
15
06
#3451
05
16
#3452
b11011000 #
b1101100001000000 (
b1101100001000000 )
b011111100 2
15
06
#3453
05
16
#3454
b11100000 #
b1110000001000000 (
b1110000001000000 )
b011111101 2
15
06
#3455
05
16
#3456
b11101000 #
b1110100001000000 (
b1110100001000000 )
b011111110 2
15
06
#3457
05
16
#3458
b11110000 #
b1111000001000000 (
b1111000001000000 )
b011111111 2
15
06
#3459
05
16
#3460
b11111000 #
b1111100001000000 (
b1111100001000000 )
b100000000 2
15
06
#3461
05
16
#3462
b00000000 #
b0000000001000000 (
b0000000001000000 )
b100000001 2
15
06
#3463
05
16
#3464
b00001000 #
b0000100001000000 (
b0000100001000000 )
b100000010 2
15
06
#3465
05
16
#3466
b00010000 #
b0001000001000000 (
b0001000001000000 )
b100000011 2
15
06
#3467
05
16
#3468
b00011000 #
b0001100001000000 (
b0001100001000000 )
b100000100 2
15
06
#3469
05
16
#3470
b00100000 #
b0010000001000000 (
b0010000001000000 )
b100000101 2
15
06
#3471
05
16
#3472
b00101000 #
b0010100001000000 (
b0010100001000000 )
b100000110 2
15
06
#3473
05
16
#3474
b00110000 #
b0011000001000000 (
b0011000001000000 )
b100000111 2
15
06
#3475
05
16
#3476
b00111000 #
b0011100001000000 (
b0011100001000000 )
b100001000 2
15
06
#3477
05
16
#3478
b01000000 #
b0100000001000000 (
b0100000001000000 )
b100001001 2
15
06
#3479
05
16
#3480
b01001000 #
b0100100001000000 (
b0100100001000000 )
b100001010 2
15
06
#3481
05
16
#3482
b01010000 #
b0101000001000000 (
b0101000001000000 )
b100001011 2
15
06
#3483
05
16
#3484
b01011000 #
b0101100001000000 (
b0101100001000000 )
b100001100 2
15
06
#3485
05
16
#3486
b01100000 #
b0110000001000000 (
b0110000001000000 )
b100001101 2
15
06
#3487
05
16
#3488
b01101000 #
b0110100001000000 (
b0110100001000000 )
b100001110 2
15
06
#3489
05
16
#3490
b01110000 #
b0111000001000000 (
b0111000001000000 )
b100001111 2
15
06
#3491
05
16
#3492
b01111000 #
b0111100001000000 (
b0111100001000000 )
b100010000 2
15
06
#3493
05
16
#3494
b10000000 #
b1000000001000000 (
b1000000001000000 )
b100010001 2
15
06
#3495
05
16
#3496
b10001000 #
b1000100001000000 (
b1000100001000000 )
b100010010 2
15
06
#3497
05
16
#3498
b10010000 #
b1001000001000000 (
b1001000001000000 )
b100010011 2
15
06
#3499
05
16
#3500
b10011000 #
b1001100001000000 (
b1001100001000000 )
b100010100 2
15
06
#3501
05
16
#3502
b10100000 #
b1010000001000000 (
b1010000001000000 )
b100010101 2
15
06
#3503
05
16
#3504
b10101000 #
b1010100001000000 (
b1010100001000000 )
b100010110 2
15
06
#3505
05
16
#3506
b10110000 #
b1011000001000000 (
b1011000001000000 )
b100010111 2
15
06
#3507
05
16
#3508
b10111000 #
b1011100001000000 (
b1011100001000000 )
b100011000 2
15
06
#3509
05
16
#3510
b11000000 #
b1100000001000000 (
b1100000001000000 )
b100011001 2
15
06
#3511
05
16
#3512
b11001000 #
b1100100001000000 (
b1100100001000000 )
b100011010 2
15
06
#3513
05
16
#3514
b11010000 #
b1101000001000000 (
b1101000001000000 )
b100011011 2
15
06
#3515
05
16
#3516
b11011000 #
b1101100001000000 (
b1101100001000000 )
b100011100 2
15
06
#3517
05
16
#3518
b11100000 #
b1110000001000000 (
b1110000001000000 )
b100011101 2
15
06
#3519
05
16
#3520
b11101000 #
b1110100001000000 (
b1110100001000000 )
b100011110 2
15
06
#3521
05
16
#3522
b11110000 #
b1111000001000000 (
b1111000001000000 )
b100011111 2
15
06
#3523
05
16
#3524
b11111000 #
b1111100001000000 (
b1111100001000000 )
b100100000 2
15
06
#3525
05
16
#3526
b00000000 #
b0000000001000000 (
b0000000001000000 )
b100100001 2
15
06
#3527
05
16
#3528
b00001000 #
b0000100001000000 (
b0000100001000000 )
b100100010 2
15
06
#3529
05
16
#3530
b00010000 #
b0001000001000000 (
b0001000001000000 )
b100100011 2
15
06
#3531
05
16
#3532
b00011000 #
b0001100001000000 (
b0001100001000000 )
b100100100 2
15
06
#3533
05
16
#3534
b00100000 #
b0010000001000000 (
b0010000001000000 )
b100100101 2
15
06
#3535
05
16
#3536
b00101000 #
b0010100001000000 (
b0010100001000000 )
b100100110 2
15
06
#3537
05
16
#3538
b00110000 #
b0011000001000000 (
b0011000001000000 )
b100100111 2
15
06
#3539
05
16
#3540
b00111000 #
b0011100001000000 (
b0011100001000000 )
b100101000 2
15
06
#3541
05
16
#3542
b01000000 #
b0100000001000000 (
b0100000001000000 )
b100101001 2
15
06
#3543
05
16
#3544
b01001000 #
b0100100001000000 (
b0100100001000000 )
b100101010 2
15
06
#3545
05
16
#3546
b01010000 #
b0101000001000000 (
b0101000001000000 )
b100101011 2
15
06
#3547
05
16
#3548
b01011000 #
b0101100001000000 (
b0101100001000000 )
b100101100 2
15
06
#3549
05
16
#3550
b01100000 #
b0110000001000000 (
b0110000001000000 )
b100101101 2
15
06
#3551
05
16
#3552
b01101000 #
b0110100001000000 (
b0110100001000000 )
b100101110 2
15
06
#3553
05
16
#3554
b01110000 #
b0111000001000000 (
b0111000001000000 )
b100101111 2
15
06
#3555
05
16
#3556
b01111000 #
b0111100001000000 (
b0111100001000000 )
b100110000 2
15
06
#3557
05
16
#3558
b10000000 #
b1000000001000000 (
b1000000001000000 )
b100110001 2
15
06
#3559
05
16
#3560
b10001000 #
b1000100001000000 (
b1000100001000000 )
b100110010 2
15
06
#3561
05
16
#3562
b10010000 #
b1001000001000000 (
b1001000001000000 )
b100110011 2
15
06
#3563
05
16
#3564
b10011000 #
b1001100001000000 (
b1001100001000000 )
b100110100 2
15
06
#3565
05
16
#3566
b10100000 #
b1010000001000000 (
b1010000001000000 )
b100110101 2
15
06
#3567
05
16
#3568
b10101000 #
b1010100001000000 (
b1010100001000000 )
b100110110 2
15
06
#3569
05
16
#3570
b10110000 #
b1011000001000000 (
b1011000001000000 )
b100110111 2
15
06
#3571
05
16
#3572
b10111000 #
b1011100001000000 (
b1011100001000000 )
b100111000 2
15
06
#3573
05
16
#3574
b11000000 #
b1100000001000000 (
b1100000001000000 )
b100111001 2
15
06
#3575
05
16
#3576
b11001000 #
b1100100001000000 (
b1100100001000000 )
b100111010 2
15
06
#3577
05
16
#3578
b11010000 #
b1101000001000000 (
b1101000001000000 )
b100111011 2
15
06
#3579
05
16
#3580
b11011000 #
b1101100001000000 (
b1101100001000000 )
b100111100 2
15
06
#3581
05
16
#3582
b11100000 #
b1110000001000000 (
b1110000001000000 )
b100111101 2
15
06
#3583
05
16
#3584
b11101000 #
b1110100001000000 (
b1110100001000000 )
b100111110 2
15
06
#3585
05
16
#3586
b11110000 #
b1111000001000000 (
b1111000001000000 )
b100111111 2
15
06
#3587
05
16
#3588
b11111000 #
b1111100001000000 (
b1111100001000000 )
b000000000 2
b00000011 3
15
06
#3589
05
16
#3590
b00000000 #
b01100000 $
b0000000001100000 (
b0000000001100000 )
b000000001 2
15
06
#3591
05
16
#3592
b00001000 #
b0000100001100000 (
b0000100001100000 )
b000000010 2
15
06
#3593
05
16
#3594
b00010000 #
b0001000001100000 (
b0001000001100000 )
b000000011 2
15
06
#3595
05
16
#3596
b00011000 #
b0001100001100000 (
b0001100001100000 )
b000000100 2
15
06
#3597
05
16
#3598
b00100000 #
b0010000001100000 (
b0010000001100000 )
b000000101 2
15
06
#3599
05
16
#3600
b00101000 #
b0010100001100000 (
b0010100001100000 )
b000000110 2
15
06
#3601
05
16
#3602
b00110000 #
b0011000001100000 (
b0011000001100000 )
b000000111 2
15
06
#3603
05
16
#3604
b00111000 #
b0011100001100000 (
b0011100001100000 )
b000001000 2
15
06
#3605
05
16
#3606
b01000000 #
b0100000001100000 (
b0100000001100000 )
b000001001 2
15
06
#3607
05
16
#3608
b01001000 #
b0100100001100000 (
b0100100001100000 )
b000001010 2
15
06
#3609
05
16
#3610
b01010000 #
b0101000001100000 (
b0101000001100000 )
b000001011 2
15
06
#3611
05
16
#3612
b01011000 #
b0101100001100000 (
b0101100001100000 )
b000001100 2
15
06
#3613
05
16
#3614
b01100000 #
b0110000001100000 (
b0110000001100000 )
b000001101 2
15
06
#3615
05
16
#3616
b01101000 #
b0110100001100000 (
b0110100001100000 )
b000001110 2
15
06
#3617
05
16
#3618
b01110000 #
b0111000001100000 (
b0111000001100000 )
b000001111 2
15
06
#3619
05
16
#3620
b01111000 #
b0111100001100000 (
b0111100001100000 )
b000010000 2
15
06
#3621
05
16
#3622
b10000000 #
b1000000001100000 (
b1000000001100000 )
b000010001 2
15
06
#3623
05
16
#3624
b10001000 #
b1000100001100000 (
b1000100001100000 )
b000010010 2
15
06
#3625
05
16
#3626
b10010000 #
b1001000001100000 (
b1001000001100000 )
b000010011 2
15
06
#3627
05
16
#3628
b10011000 #
b1001100001100000 (
b1001100001100000 )
b000010100 2
15
06
#3629
05
16
#3630
b10100000 #
b1010000001100000 (
b1010000001100000 )
b000010101 2
15
06
#3631
05
16
#3632
b10101000 #
b1010100001100000 (
b1010100001100000 )
b000010110 2
15
06
#3633
05
16
#3634
b10110000 #
b1011000001100000 (
b1011000001100000 )
b000010111 2
15
06
#3635
05
16
#3636
b10111000 #
b1011100001100000 (
b1011100001100000 )
b000011000 2
15
06
#3637
05
16
#3638
b11000000 #
b1100000001100000 (
b1100000001100000 )
b000011001 2
15
06
#3639
05
16
#3640
b11001000 #
b1100100001100000 (
b1100100001100000 )
b000011010 2
15
06
#3641
05
16
#3642
b11010000 #
b1101000001100000 (
b1101000001100000 )
b000011011 2
15
06
#3643
05
16
#3644
b11011000 #
b1101100001100000 (
b1101100001100000 )
b000011100 2
15
06
#3645
05
16
#3646
b11100000 #
b1110000001100000 (
b1110000001100000 )
b000011101 2
15
06
#3647
05
16
#3648
b11101000 #
b1110100001100000 (
b1110100001100000 )
b000011110 2
15
06
#3649
05
16
#3650
b11110000 #
b1111000001100000 (
b1111000001100000 )
b000011111 2
15
06
#3651
05
16
#3652
b11111000 #
b1111100001100000 (
b1111100001100000 )
b000100000 2
15
06
#3653
05
16
#3654
b00000000 #
b0000000001100000 (
b0000000001100000 )
b000100001 2
15
06
#3655
05
16
#3656
b00001000 #
b0000100001100000 (
b0000100001100000 )
b000100010 2
15
06
#3657
05
16
#3658
b00010000 #
b0001000001100000 (
b0001000001100000 )
b000100011 2
15
06
#3659
05
16
#3660
b00011000 #
b0001100001100000 (
b0001100001100000 )
b000100100 2
15
06
#3661
05
16
#3662
b00100000 #
b0010000001100000 (
b0010000001100000 )
b000100101 2
15
06
#3663
05
16
#3664
b00101000 #
b0010100001100000 (
b0010100001100000 )
b000100110 2
15
06
#3665
05
16
#3666
b00110000 #
b0011000001100000 (
b0011000001100000 )
b000100111 2
15
06
#3667
05
16
#3668
b00111000 #
b0011100001100000 (
b0011100001100000 )
b000101000 2
15
06
#3669
05
16
#3670
b01000000 #
b0100000001100000 (
b0100000001100000 )
b000101001 2
15
06
#3671
05
16
#3672
b01001000 #
b0100100001100000 (
b0100100001100000 )
b000101010 2
15
06
#3673
05
16
#3674
b01010000 #
b0101000001100000 (
b0101000001100000 )
b000101011 2
15
06
#3675
05
16
#3676
b01011000 #
b0101100001100000 (
b0101100001100000 )
b000101100 2
15
06
#3677
05
16
#3678
b01100000 #
b0110000001100000 (
b0110000001100000 )
b000101101 2
15
06
#3679
05
16
#3680
b01101000 #
b0110100001100000 (
b0110100001100000 )
b000101110 2
15
06
#3681
05
16
#3682
b01110000 #
b0111000001100000 (
b0111000001100000 )
b000101111 2
15
06
#3683
05
16
#3684
b01111000 #
b0111100001100000 (
b0111100001100000 )
b000110000 2
15
06
#3685
05
16
#3686
b10000000 #
b1000000001100000 (
b1000000001100000 )
b000110001 2
15
06
#3687
05
16
#3688
b10001000 #
b1000100001100000 (
b1000100001100000 )
b000110010 2
15
06
#3689
05
16
#3690
b10010000 #
b1001000001100000 (
b1001000001100000 )
b000110011 2
15
06
#3691
05
16
#3692
b10011000 #
b1001100001100000 (
b1001100001100000 )
b000110100 2
15
06
#3693
05
16
#3694
b10100000 #
b1010000001100000 (
b1010000001100000 )
b000110101 2
15
06
#3695
05
16
#3696
b10101000 #
b1010100001100000 (
b1010100001100000 )
b000110110 2
15
06
#3697
05
16
#3698
b10110000 #
b1011000001100000 (
b1011000001100000 )
b000110111 2
15
06
#3699
05
16
#3700
b10111000 #
b1011100001100000 (
b1011100001100000 )
b000111000 2
15
06
#3701
05
16
#3702
b11000000 #
b1100000001100000 (
b1100000001100000 )
b000111001 2
15
06
#3703
05
16
#3704
b11001000 #
b1100100001100000 (
b1100100001100000 )
b000111010 2
15
06
#3705
05
16
#3706
b11010000 #
b1101000001100000 (
b1101000001100000 )
b000111011 2
15
06
#3707
05
16
#3708
b11011000 #
b1101100001100000 (
b1101100001100000 )
b000111100 2
15
06
#3709
05
16
#3710
b11100000 #
b1110000001100000 (
b1110000001100000 )
b000111101 2
15
06
#3711
05
16
#3712
b11101000 #
b1110100001100000 (
b1110100001100000 )
b000111110 2
15
06
#3713
05
16
#3714
b11110000 #
b1111000001100000 (
b1111000001100000 )
b000111111 2
15
06
#3715
05
16
#3716
b11111000 #
b1111100001100000 (
b1111100001100000 )
b001000000 2
15
06
#3717
05
16
#3718
b00000000 #
b0000000001100000 (
b0000000001100000 )
b001000001 2
15
06
#3719
05
16
#3720
b00001000 #
b0000100001100000 (
b0000100001100000 )
b001000010 2
15
06
#3721
05
16
#3722
b00010000 #
b0001000001100000 (
b0001000001100000 )
b001000011 2
15
06
#3723
05
16
#3724
b00011000 #
b0001100001100000 (
b0001100001100000 )
b001000100 2
15
06
#3725
05
16
#3726
b00100000 #
b0010000001100000 (
b0010000001100000 )
b001000101 2
15
06
#3727
05
16
#3728
b00101000 #
b0010100001100000 (
b0010100001100000 )
b001000110 2
15
06
#3729
05
16
#3730
b00110000 #
b0011000001100000 (
b0011000001100000 )
b001000111 2
15
06
#3731
05
16
#3732
b00111000 #
b0011100001100000 (
b0011100001100000 )
b001001000 2
15
06
#3733
05
16
#3734
b01000000 #
b0100000001100000 (
b0100000001100000 )
b001001001 2
15
06
#3735
05
16
#3736
b01001000 #
b0100100001100000 (
b0100100001100000 )
b001001010 2
15
06
#3737
05
16
#3738
b01010000 #
b0101000001100000 (
b0101000001100000 )
b001001011 2
15
06
#3739
05
16
#3740
b01011000 #
b0101100001100000 (
b0101100001100000 )
b001001100 2
15
06
#3741
05
16
#3742
b01100000 #
b0110000001100000 (
b0110000001100000 )
b001001101 2
15
06
#3743
05
16
#3744
b01101000 #
b0110100001100000 (
b0110100001100000 )
b001001110 2
15
06
#3745
05
16
#3746
b01110000 #
b0111000001100000 (
b0111000001100000 )
b001001111 2
15
06
#3747
05
16
#3748
b01111000 #
b0111100001100000 (
b0111100001100000 )
b001010000 2
15
06
#3749
05
16
#3750
b10000000 #
b1000000001100000 (
b1000000001100000 )
b001010001 2
15
06
#3751
05
16
#3752
b10001000 #
b1000100001100000 (
b1000100001100000 )
b001010010 2
15
06
#3753
05
16
#3754
b10010000 #
b1001000001100000 (
b1001000001100000 )
b001010011 2
15
06
#3755
05
16
#3756
b10011000 #
b1001100001100000 (
b1001100001100000 )
b001010100 2
15
06
#3757
05
16
#3758
b10100000 #
b1010000001100000 (
b1010000001100000 )
b001010101 2
15
06
#3759
05
16
#3760
b10101000 #
b1010100001100000 (
b1010100001100000 )
b001010110 2
15
06
#3761
05
16
#3762
b10110000 #
b1011000001100000 (
b1011000001100000 )
b001010111 2
15
06
#3763
05
16
#3764
b10111000 #
b1011100001100000 (
b1011100001100000 )
b001011000 2
15
06
#3765
05
16
#3766
b11000000 #
b1100000001100000 (
b1100000001100000 )
b001011001 2
15
06
#3767
05
16
#3768
b11001000 #
b1100100001100000 (
b1100100001100000 )
b001011010 2
15
06
#3769
05
16
#3770
b11010000 #
b1101000001100000 (
b1101000001100000 )
b001011011 2
15
06
#3771
05
16
#3772
b11011000 #
b1101100001100000 (
b1101100001100000 )
b001011100 2
15
06
#3773
05
16
#3774
b11100000 #
b1110000001100000 (
b1110000001100000 )
b001011101 2
15
06
#3775
05
16
#3776
b11101000 #
b1110100001100000 (
b1110100001100000 )
b001011110 2
15
06
#3777
05
16
#3778
b11110000 #
b1111000001100000 (
b1111000001100000 )
b001011111 2
15
06
#3779
05
16
#3780
b11111000 #
b1111100001100000 (
b1111100001100000 )
b001100000 2
15
06
#3781
05
16
#3782
b00000000 #
b0000000001100000 (
b0000000001100000 )
b001100001 2
15
06
#3783
05
16
#3784
b00001000 #
b0000100001100000 (
b0000100001100000 )
b001100010 2
15
06
#3785
05
16
#3786
b00010000 #
b0001000001100000 (
b0001000001100000 )
b001100011 2
15
06
#3787
05
16
#3788
b00011000 #
b0001100001100000 (
b0001100001100000 )
b001100100 2
15
06
#3789
05
16
#3790
b00100000 #
b0010000001100000 (
b0010000001100000 )
b001100101 2
15
06
#3791
05
16
#3792
b00101000 #
b0010100001100000 (
b0010100001100000 )
b001100110 2
15
06
#3793
05
16
#3794
b00110000 #
b0011000001100000 (
b0011000001100000 )
b001100111 2
15
06
#3795
05
16
#3796
b00111000 #
b0011100001100000 (
b0011100001100000 )
b001101000 2
15
06
#3797
05
16
#3798
b01000000 #
b0100000001100000 (
b0100000001100000 )
b001101001 2
15
06
#3799
05
16
#3800
b01001000 #
b0100100001100000 (
b0100100001100000 )
b001101010 2
15
06
#3801
05
16
#3802
b01010000 #
b0101000001100000 (
b0101000001100000 )
b001101011 2
15
06
#3803
05
16
#3804
b01011000 #
b0101100001100000 (
b0101100001100000 )
b001101100 2
15
06
#3805
05
16
#3806
b01100000 #
b0110000001100000 (
b0110000001100000 )
b001101101 2
15
06
#3807
05
16
#3808
b01101000 #
b0110100001100000 (
b0110100001100000 )
b001101110 2
15
06
#3809
05
16
#3810
b01110000 #
b0111000001100000 (
b0111000001100000 )
b001101111 2
15
06
#3811
05
16
#3812
b01111000 #
b0111100001100000 (
b0111100001100000 )
b001110000 2
15
06
#3813
05
16
#3814
b10000000 #
b1000000001100000 (
b1000000001100000 )
b001110001 2
15
06
#3815
05
16
#3816
b10001000 #
b1000100001100000 (
b1000100001100000 )
b001110010 2
15
06
#3817
05
16
#3818
b10010000 #
b1001000001100000 (
b1001000001100000 )
b001110011 2
15
06
#3819
05
16
#3820
b10011000 #
b1001100001100000 (
b1001100001100000 )
b001110100 2
15
06
#3821
05
16
#3822
b10100000 #
b1010000001100000 (
b1010000001100000 )
b001110101 2
15
06
#3823
05
16
#3824
b10101000 #
b1010100001100000 (
b1010100001100000 )
b001110110 2
15
06
#3825
05
16
#3826
b10110000 #
b1011000001100000 (
b1011000001100000 )
b001110111 2
15
06
#3827
05
16
#3828
b10111000 #
b1011100001100000 (
b1011100001100000 )
b001111000 2
15
06
#3829
05
16
#3830
b11000000 #
b1100000001100000 (
b1100000001100000 )
b001111001 2
15
06
#3831
05
16
#3832
b11001000 #
b1100100001100000 (
b1100100001100000 )
b001111010 2
15
06
#3833
05
16
#3834
b11010000 #
b1101000001100000 (
b1101000001100000 )
b001111011 2
15
06
#3835
05
16
#3836
b11011000 #
b1101100001100000 (
b1101100001100000 )
b001111100 2
15
06
#3837
05
16
#3838
b11100000 #
b1110000001100000 (
b1110000001100000 )
b001111101 2
15
06
#3839
05
16
#3840
b11101000 #
b1110100001100000 (
b1110100001100000 )
b001111110 2
15
06
#3841
05
16
#3842
b11110000 #
b1111000001100000 (
b1111000001100000 )
b001111111 2
15
06
#3843
05
16
#3844
b11111000 #
b1111100001100000 (
b1111100001100000 )
b010000000 2
15
06
#3845
05
16
#3846
b00000000 #
b0000000001100000 (
b0000000001100000 )
b010000001 2
15
06
#3847
05
16
#3848
b00001000 #
b0000100001100000 (
b0000100001100000 )
b010000010 2
15
06
#3849
05
16
#3850
b00010000 #
b0001000001100000 (
b0001000001100000 )
b010000011 2
15
06
#3851
05
16
#3852
b00011000 #
b0001100001100000 (
b0001100001100000 )
b010000100 2
15
06
#3853
05
16
#3854
b00100000 #
b0010000001100000 (
b0010000001100000 )
b010000101 2
15
06
#3855
05
16
#3856
b00101000 #
b0010100001100000 (
b0010100001100000 )
b010000110 2
15
06
#3857
05
16
#3858
b00110000 #
b0011000001100000 (
b0011000001100000 )
b010000111 2
15
06
#3859
05
16
#3860
b00111000 #
b0011100001100000 (
b0011100001100000 )
b010001000 2
15
06
#3861
05
16
#3862
b01000000 #
b0100000001100000 (
b0100000001100000 )
b010001001 2
15
06
#3863
05
16
#3864
b01001000 #
b0100100001100000 (
b0100100001100000 )
b010001010 2
15
06
#3865
05
16
#3866
b01010000 #
b0101000001100000 (
b0101000001100000 )
b010001011 2
15
06
#3867
05
16
#3868
b01011000 #
b0101100001100000 (
b0101100001100000 )
b010001100 2
15
06
#3869
05
16
#3870
b01100000 #
b0110000001100000 (
b0110000001100000 )
b010001101 2
15
06
#3871
05
16
#3872
b01101000 #
b0110100001100000 (
b0110100001100000 )
b010001110 2
15
06
#3873
05
16
#3874
b01110000 #
b0111000001100000 (
b0111000001100000 )
b010001111 2
15
06
#3875
05
16
#3876
b01111000 #
b0111100001100000 (
b0111100001100000 )
b010010000 2
15
06
#3877
05
16
#3878
b10000000 #
b1000000001100000 (
b1000000001100000 )
b010010001 2
15
06
#3879
05
16
#3880
b10001000 #
b1000100001100000 (
b1000100001100000 )
b010010010 2
15
06
#3881
05
16
#3882
b10010000 #
b1001000001100000 (
b1001000001100000 )
b010010011 2
15
06
#3883
05
16
#3884
b10011000 #
b1001100001100000 (
b1001100001100000 )
b010010100 2
15
06
#3885
05
16
#3886
b10100000 #
b1010000001100000 (
b1010000001100000 )
b010010101 2
15
06
#3887
05
16
#3888
b10101000 #
b1010100001100000 (
b1010100001100000 )
b010010110 2
15
06
#3889
05
16
#3890
b10110000 #
b1011000001100000 (
b1011000001100000 )
b010010111 2
15
06
#3891
05
16
#3892
b10111000 #
b1011100001100000 (
b1011100001100000 )
b010011000 2
15
06
#3893
05
16
#3894
b11000000 #
b1100000001100000 (
b1100000001100000 )
b010011001 2
15
06
#3895
05
16
#3896
b11001000 #
b1100100001100000 (
b1100100001100000 )
b010011010 2
15
06
#3897
05
16
#3898
b11010000 #
b1101000001100000 (
b1101000001100000 )
b010011011 2
15
06
#3899
05
16
#3900
b11011000 #
b1101100001100000 (
b1101100001100000 )
b010011100 2
15
06
#3901
05
16
#3902
b11100000 #
b1110000001100000 (
b1110000001100000 )
b010011101 2
15
06
#3903
05
16
#3904
b11101000 #
b1110100001100000 (
b1110100001100000 )
b010011110 2
15
06
#3905
05
16
#3906
b11110000 #
b1111000001100000 (
b1111000001100000 )
b010011111 2
15
06
#3907
05
16
#3908
b11111000 #
b1111100001100000 (
b1111100001100000 )
b010100000 2
15
06
#3909
05
16
#3910
b00000000 #
b0000000001100000 (
b0000000001100000 )
b010100001 2
15
06
#3911
05
16
#3912
b00001000 #
b0000100001100000 (
b0000100001100000 )
b010100010 2
15
06
#3913
05
16
#3914
b00010000 #
b0001000001100000 (
b0001000001100000 )
b010100011 2
15
06
#3915
05
16
#3916
b00011000 #
b0001100001100000 (
b0001100001100000 )
b010100100 2
15
06
#3917
05
16
#3918
b00100000 #
b0010000001100000 (
b0010000001100000 )
b010100101 2
15
06
#3919
05
16
#3920
b00101000 #
b0010100001100000 (
b0010100001100000 )
b010100110 2
15
06
#3921
05
16
#3922
b00110000 #
b0011000001100000 (
b0011000001100000 )
b010100111 2
15
06
#3923
05
16
#3924
b00111000 #
b0011100001100000 (
b0011100001100000 )
b010101000 2
15
06
#3925
05
16
#3926
b01000000 #
b0100000001100000 (
b0100000001100000 )
b010101001 2
15
06
#3927
05
16
#3928
b01001000 #
b0100100001100000 (
b0100100001100000 )
b010101010 2
15
06
#3929
05
16
#3930
b01010000 #
b0101000001100000 (
b0101000001100000 )
b010101011 2
15
06
#3931
05
16
#3932
b01011000 #
b0101100001100000 (
b0101100001100000 )
b010101100 2
15
06
#3933
05
16
#3934
b01100000 #
b0110000001100000 (
b0110000001100000 )
b010101101 2
15
06
#3935
05
16
#3936
b01101000 #
b0110100001100000 (
b0110100001100000 )
b010101110 2
15
06
#3937
05
16
#3938
b01110000 #
b0111000001100000 (
b0111000001100000 )
b010101111 2
15
06
#3939
05
16
#3940
b01111000 #
b0111100001100000 (
b0111100001100000 )
b010110000 2
15
06
#3941
05
16
#3942
b10000000 #
b1000000001100000 (
b1000000001100000 )
b010110001 2
15
06
#3943
05
16
#3944
b10001000 #
b1000100001100000 (
b1000100001100000 )
b010110010 2
15
06
#3945
05
16
#3946
b10010000 #
b1001000001100000 (
b1001000001100000 )
b010110011 2
15
06
#3947
05
16
#3948
b10011000 #
b1001100001100000 (
b1001100001100000 )
b010110100 2
15
06
#3949
05
16
#3950
b10100000 #
b1010000001100000 (
b1010000001100000 )
b010110101 2
15
06
#3951
05
16
#3952
b10101000 #
b1010100001100000 (
b1010100001100000 )
b010110110 2
15
06
#3953
05
16
#3954
b10110000 #
b1011000001100000 (
b1011000001100000 )
b010110111 2
15
06
#3955
05
16
#3956
b10111000 #
b1011100001100000 (
b1011100001100000 )
b010111000 2
15
06
#3957
05
16
#3958
b11000000 #
b1100000001100000 (
b1100000001100000 )
b010111001 2
15
06
#3959
05
16
#3960
b11001000 #
b1100100001100000 (
b1100100001100000 )
b010111010 2
15
06
#3961
05
16
#3962
b11010000 #
b1101000001100000 (
b1101000001100000 )
b010111011 2
15
06
#3963
05
16
#3964
b11011000 #
b1101100001100000 (
b1101100001100000 )
b010111100 2
15
06
#3965
05
16
#3966
b11100000 #
b1110000001100000 (
b1110000001100000 )
b010111101 2
15
06
#3967
05
16
#3968
b11101000 #
b1110100001100000 (
b1110100001100000 )
b010111110 2
15
06
#3969
05
16
#3970
b11110000 #
b1111000001100000 (
b1111000001100000 )
b010111111 2
15
06
#3971
05
16
#3972
b11111000 #
b1111100001100000 (
b1111100001100000 )
b011000000 2
15
06
#3973
05
16
#3974
b00000000 #
b0000000001100000 (
b0000000001100000 )
b011000001 2
15
06
#3975
05
16
#3976
b00001000 #
b0000100001100000 (
b0000100001100000 )
b011000010 2
15
06
#3977
05
16
#3978
b00010000 #
b0001000001100000 (
b0001000001100000 )
b011000011 2
15
06
#3979
05
16
#3980
b00011000 #
b0001100001100000 (
b0001100001100000 )
b011000100 2
15
06
#3981
05
16
#3982
b00100000 #
b0010000001100000 (
b0010000001100000 )
b011000101 2
15
06
#3983
05
16
#3984
b00101000 #
b0010100001100000 (
b0010100001100000 )
b011000110 2
15
06
#3985
05
16
#3986
b00110000 #
b0011000001100000 (
b0011000001100000 )
b011000111 2
15
06
#3987
05
16
#3988
b00111000 #
b0011100001100000 (
b0011100001100000 )
b011001000 2
15
06
#3989
05
16
#3990
b01000000 #
b0100000001100000 (
b0100000001100000 )
b011001001 2
15
06
#3991
05
16
#3992
b01001000 #
b0100100001100000 (
b0100100001100000 )
b011001010 2
15
06
#3993
05
16
#3994
b01010000 #
b0101000001100000 (
b0101000001100000 )
b011001011 2
15
06
#3995
05
16
#3996
b01011000 #
b0101100001100000 (
b0101100001100000 )
b011001100 2
15
06
#3997
05
16
#3998
b01100000 #
b0110000001100000 (
b0110000001100000 )
b011001101 2
15
06
#3999
05
16
#4000
b01101000 #
b0110100001100000 (
b0110100001100000 )
b011001110 2
15
06
#4001
05
16
#4002
b01110000 #
b0111000001100000 (
b0111000001100000 )
b011001111 2
15
06
#4003
05
16
#4004
b01111000 #
b0111100001100000 (
b0111100001100000 )
b011010000 2
15
06
#4005
05
16
#4006
b10000000 #
b1000000001100000 (
b1000000001100000 )
b011010001 2
15
06
#4007
05
16
#4008
b10001000 #
b1000100001100000 (
b1000100001100000 )
b011010010 2
15
06
#4009
05
16
#4010
b10010000 #
b1001000001100000 (
b1001000001100000 )
b011010011 2
15
06
#4011
05
16
#4012
b10011000 #
b1001100001100000 (
b1001100001100000 )
b011010100 2
15
06
#4013
05
16
#4014
b10100000 #
b1010000001100000 (
b1010000001100000 )
b011010101 2
15
06
#4015
05
16
#4016
b10101000 #
b1010100001100000 (
b1010100001100000 )
b011010110 2
15
06
#4017
05
16
#4018
b10110000 #
b1011000001100000 (
b1011000001100000 )
b011010111 2
15
06
#4019
05
16
#4020
b10111000 #
b1011100001100000 (
b1011100001100000 )
b011011000 2
15
06
#4021
05
16
#4022
b11000000 #
b1100000001100000 (
b1100000001100000 )
b011011001 2
15
06
#4023
05
16
#4024
b11001000 #
b1100100001100000 (
b1100100001100000 )
b011011010 2
15
06
#4025
05
16
#4026
b11010000 #
b1101000001100000 (
b1101000001100000 )
b011011011 2
15
06
#4027
05
16
#4028
b11011000 #
b1101100001100000 (
b1101100001100000 )
b011011100 2
15
06
#4029
05
16
#4030
b11100000 #
b1110000001100000 (
b1110000001100000 )
b011011101 2
15
06
#4031
05
16
#4032
b11101000 #
b1110100001100000 (
b1110100001100000 )
b011011110 2
15
06
#4033
05
16
#4034
b11110000 #
b1111000001100000 (
b1111000001100000 )
b011011111 2
15
06
#4035
05
16
#4036
b11111000 #
b1111100001100000 (
b1111100001100000 )
b011100000 2
15
06
#4037
05
16
#4038
b00000000 #
b0000000001100000 (
b0000000001100000 )
b011100001 2
15
06
#4039
05
16
#4040
b00001000 #
b0000100001100000 (
b0000100001100000 )
b011100010 2
15
06
#4041
05
16
#4042
b00010000 #
b0001000001100000 (
b0001000001100000 )
b011100011 2
15
06
#4043
05
16
#4044
b00011000 #
b0001100001100000 (
b0001100001100000 )
b011100100 2
15
06
#4045
05
16
#4046
b00100000 #
b0010000001100000 (
b0010000001100000 )
b011100101 2
15
06
#4047
05
16
#4048
b00101000 #
b0010100001100000 (
b0010100001100000 )
b011100110 2
15
06
#4049
05
16
#4050
b00110000 #
b0011000001100000 (
b0011000001100000 )
b011100111 2
15
06
#4051
05
16
#4052
b00111000 #
b0011100001100000 (
b0011100001100000 )
b011101000 2
15
06
#4053
05
16
#4054
b01000000 #
b0100000001100000 (
b0100000001100000 )
b011101001 2
15
06
#4055
05
16
#4056
b01001000 #
b0100100001100000 (
b0100100001100000 )
b011101010 2
15
06
#4057
05
16
#4058
b01010000 #
b0101000001100000 (
b0101000001100000 )
b011101011 2
15
06
#4059
05
16
#4060
b01011000 #
b0101100001100000 (
b0101100001100000 )
b011101100 2
15
06
#4061
05
16
#4062
b01100000 #
b0110000001100000 (
b0110000001100000 )
b011101101 2
15
06
#4063
05
16
#4064
b01101000 #
b0110100001100000 (
b0110100001100000 )
b011101110 2
15
06
#4065
05
16
#4066
b01110000 #
b0111000001100000 (
b0111000001100000 )
b011101111 2
15
06
#4067
05
16
#4068
b01111000 #
b0111100001100000 (
b0111100001100000 )
b011110000 2
15
06
#4069
05
16
#4070
b10000000 #
b1000000001100000 (
b1000000001100000 )
b011110001 2
15
06
#4071
05
16
#4072
b10001000 #
b1000100001100000 (
b1000100001100000 )
b011110010 2
15
06
#4073
05
16
#4074
b10010000 #
b1001000001100000 (
b1001000001100000 )
b011110011 2
15
06
#4075
05
16
#4076
b10011000 #
b1001100001100000 (
b1001100001100000 )
b011110100 2
15
06
#4077
05
16
#4078
b10100000 #
b1010000001100000 (
b1010000001100000 )
b011110101 2
15
06
#4079
05
16
#4080
b10101000 #
b1010100001100000 (
b1010100001100000 )
b011110110 2
15
06
#4081
05
16
#4082
b10110000 #
b1011000001100000 (
b1011000001100000 )
b011110111 2
15
06
#4083
05
16
#4084
b10111000 #
b1011100001100000 (
b1011100001100000 )
b011111000 2
15
06
#4085
05
16
#4086
b11000000 #
b1100000001100000 (
b1100000001100000 )
b011111001 2
15
06
#4087
05
16
#4088
b11001000 #
b1100100001100000 (
b1100100001100000 )
b011111010 2
15
06
#4089
05
16
#4090
b11010000 #
b1101000001100000 (
b1101000001100000 )
b011111011 2
15
06
#4091
05
16
#4092
b11011000 #
b1101100001100000 (
b1101100001100000 )
b011111100 2
15
06
#4093
05
16
#4094
b11100000 #
b1110000001100000 (
b1110000001100000 )
b011111101 2
15
06
#4095
05
16
#4096
b11101000 #
b1110100001100000 (
b1110100001100000 )
b011111110 2
15
06
#4097
05
16
#4098
b11110000 #
b1111000001100000 (
b1111000001100000 )
b011111111 2
15
06
#4099
05
16
#4100
b11111000 #
b1111100001100000 (
b1111100001100000 )
b100000000 2
15
06
#4101
05
16
#4102
b00000000 #
b0000000001100000 (
b0000000001100000 )
b100000001 2
15
06
#4103
05
16
#4104
b00001000 #
b0000100001100000 (
b0000100001100000 )
b100000010 2
15
06
#4105
05
16
#4106
b00010000 #
b0001000001100000 (
b0001000001100000 )
b100000011 2
15
06
#4107
05
16
#4108
b00011000 #
b0001100001100000 (
b0001100001100000 )
b100000100 2
15
06
#4109
05
16
#4110
b00100000 #
b0010000001100000 (
b0010000001100000 )
b100000101 2
15
06
#4111
05
16
#4112
b00101000 #
b0010100001100000 (
b0010100001100000 )
b100000110 2
15
06
#4113
05
16
#4114
b00110000 #
b0011000001100000 (
b0011000001100000 )
b100000111 2
15
06
#4115
05
16
#4116
b00111000 #
b0011100001100000 (
b0011100001100000 )
b100001000 2
15
06
#4117
05
16
#4118
b01000000 #
b0100000001100000 (
b0100000001100000 )
b100001001 2
15
06
#4119
05
16
#4120
b01001000 #
b0100100001100000 (
b0100100001100000 )
b100001010 2
15
06
#4121
05
16
#4122
b01010000 #
b0101000001100000 (
b0101000001100000 )
b100001011 2
15
06
#4123
05
16
#4124
b01011000 #
b0101100001100000 (
b0101100001100000 )
b100001100 2
15
06
#4125
05
16
#4126
b01100000 #
b0110000001100000 (
b0110000001100000 )
b100001101 2
15
06
#4127
05
16
#4128
b01101000 #
b0110100001100000 (
b0110100001100000 )
b100001110 2
15
06
#4129
05
16
#4130
b01110000 #
b0111000001100000 (
b0111000001100000 )
b100001111 2
15
06
#4131
05
16
#4132
b01111000 #
b0111100001100000 (
b0111100001100000 )
b100010000 2
15
06
#4133
05
16
#4134
b10000000 #
b1000000001100000 (
b1000000001100000 )
b100010001 2
15
06
#4135
05
16
#4136
b10001000 #
b1000100001100000 (
b1000100001100000 )
b100010010 2
15
06
#4137
05
16
#4138
b10010000 #
b1001000001100000 (
b1001000001100000 )
b100010011 2
15
06
#4139
05
16
#4140
b10011000 #
b1001100001100000 (
b1001100001100000 )
b100010100 2
15
06
#4141
05
16
#4142
b10100000 #
b1010000001100000 (
b1010000001100000 )
b100010101 2
15
06
#4143
05
16
#4144
b10101000 #
b1010100001100000 (
b1010100001100000 )
b100010110 2
15
06
#4145
05
16
#4146
b10110000 #
b1011000001100000 (
b1011000001100000 )
b100010111 2
15
06
#4147
05
16
#4148
b10111000 #
b1011100001100000 (
b1011100001100000 )
b100011000 2
15
06
#4149
05
16
#4150
b11000000 #
b1100000001100000 (
b1100000001100000 )
b100011001 2
15
06
#4151
05
16
#4152
b11001000 #
b1100100001100000 (
b1100100001100000 )
b100011010 2
15
06
#4153
05
16
#4154
b11010000 #
b1101000001100000 (
b1101000001100000 )
b100011011 2
15
06
#4155
05
16
#4156
b11011000 #
b1101100001100000 (
b1101100001100000 )
b100011100 2
15
06
#4157
05
16
#4158
b11100000 #
b1110000001100000 (
b1110000001100000 )
b100011101 2
15
06
#4159
05
16
#4160
b11101000 #
b1110100001100000 (
b1110100001100000 )
b100011110 2
15
06
#4161
05
16
#4162
b11110000 #
b1111000001100000 (
b1111000001100000 )
b100011111 2
15
06
#4163
05
16
#4164
b11111000 #
b1111100001100000 (
b1111100001100000 )
b100100000 2
15
06
#4165
05
16
#4166
b00000000 #
b0000000001100000 (
b0000000001100000 )
b100100001 2
15
06
#4167
05
16
#4168
b00001000 #
b0000100001100000 (
b0000100001100000 )
b100100010 2
15
06
#4169
05
16
#4170
b00010000 #
b0001000001100000 (
b0001000001100000 )
b100100011 2
15
06
#4171
05
16
#4172
b00011000 #
b0001100001100000 (
b0001100001100000 )
b100100100 2
15
06
#4173
05
16
#4174
b00100000 #
b0010000001100000 (
b0010000001100000 )
b100100101 2
15
06
#4175
05
16
#4176
b00101000 #
b0010100001100000 (
b0010100001100000 )
b100100110 2
15
06
#4177
05
16
#4178
b00110000 #
b0011000001100000 (
b0011000001100000 )
b100100111 2
15
06
#4179
05
16
#4180
b00111000 #
b0011100001100000 (
b0011100001100000 )
b100101000 2
15
06
#4181
05
16
#4182
b01000000 #
b0100000001100000 (
b0100000001100000 )
b100101001 2
15
06
#4183
05
16
#4184
b01001000 #
b0100100001100000 (
b0100100001100000 )
b100101010 2
15
06
#4185
05
16
#4186
b01010000 #
b0101000001100000 (
b0101000001100000 )
b100101011 2
15
06
#4187
05
16
#4188
b01011000 #
b0101100001100000 (
b0101100001100000 )
b100101100 2
15
06
#4189
05
16
#4190
b01100000 #
b0110000001100000 (
b0110000001100000 )
b100101101 2
15
06
#4191
05
16
#4192
b01101000 #
b0110100001100000 (
b0110100001100000 )
b100101110 2
15
06
#4193
05
16
#4194
b01110000 #
b0111000001100000 (
b0111000001100000 )
b100101111 2
15
06
#4195
05
16
#4196
b01111000 #
b0111100001100000 (
b0111100001100000 )
b100110000 2
15
06
#4197
05
16
#4198
b10000000 #
b1000000001100000 (
b1000000001100000 )
b100110001 2
15
06
#4199
05
16
#4200
b10001000 #
b1000100001100000 (
b1000100001100000 )
b100110010 2
15
06
#4201
05
16
#4202
b10010000 #
b1001000001100000 (
b1001000001100000 )
b100110011 2
15
06
#4203
05
16
#4204
b10011000 #
b1001100001100000 (
b1001100001100000 )
b100110100 2
15
06
#4205
05
16
#4206
b10100000 #
b1010000001100000 (
b1010000001100000 )
b100110101 2
15
06
#4207
05
16
#4208
b10101000 #
b1010100001100000 (
b1010100001100000 )
b100110110 2
15
06
#4209
05
16
#4210
b10110000 #
b1011000001100000 (
b1011000001100000 )
b100110111 2
15
06
#4211
05
16
#4212
b10111000 #
b1011100001100000 (
b1011100001100000 )
b100111000 2
15
06
#4213
05
16
#4214
b11000000 #
b1100000001100000 (
b1100000001100000 )
b100111001 2
15
06
#4215
05
16
#4216
b11001000 #
b1100100001100000 (
b1100100001100000 )
b100111010 2
15
06
#4217
05
16
#4218
b11010000 #
b1101000001100000 (
b1101000001100000 )
b100111011 2
15
06
#4219
05
16
#4220
b11011000 #
b1101100001100000 (
b1101100001100000 )
b100111100 2
15
06
#4221
05
16
#4222
b11100000 #
b1110000001100000 (
b1110000001100000 )
b100111101 2
15
06
#4223
05
16
#4224
b11101000 #
b1110100001100000 (
b1110100001100000 )
b100111110 2
15
06
#4225
05
16
#4226
b11110000 #
b1111000001100000 (
b1111000001100000 )
b100111111 2
15
06
#4227
05
16
#4228
b11111000 #
b1111100001100000 (
b1111100001100000 )
b000000000 2
b00000100 3
15
06
#4229
05
16
#4230
b00000000 #
b10000000 $
b0000000010000000 (
b0000000010000000 )
b000000001 2
15
06
#4231
05
16
#4232
b00001000 #
b0000100010000000 (
b0000100010000000 )
b000000010 2
15
06
#4233
05
16
#4234
b00010000 #
b0001000010000000 (
b0001000010000000 )
b000000011 2
15
06
#4235
05
16
#4236
b00011000 #
b0001100010000000 (
b0001100010000000 )
b000000100 2
15
06
#4237
05
16
#4238
b00100000 #
b0010000010000000 (
b0010000010000000 )
b000000101 2
15
06
#4239
05
16
#4240
b00101000 #
b0010100010000000 (
b0010100010000000 )
b000000110 2
15
06
#4241
05
16
#4242
b00110000 #
b0011000010000000 (
b0011000010000000 )
b000000111 2
15
06
#4243
05
16
#4244
b00111000 #
b0011100010000000 (
b0011100010000000 )
b000001000 2
15
06
#4245
05
16
#4246
b01000000 #
b0100000010000000 (
b0100000010000000 )
b000001001 2
15
06
#4247
05
16
#4248
b01001000 #
b0100100010000000 (
b0100100010000000 )
b000001010 2
15
06
#4249
05
16
#4250
b01010000 #
b0101000010000000 (
b0101000010000000 )
b000001011 2
15
06
#4251
05
16
#4252
b01011000 #
b0101100010000000 (
b0101100010000000 )
b000001100 2
15
06
#4253
05
16
#4254
b01100000 #
b0110000010000000 (
b0110000010000000 )
b000001101 2
15
06
#4255
05
16
#4256
b01101000 #
b0110100010000000 (
b0110100010000000 )
b000001110 2
15
06
#4257
05
16
#4258
b01110000 #
b0111000010000000 (
b0111000010000000 )
b000001111 2
15
06
#4259
05
16
#4260
b01111000 #
b0111100010000000 (
b0111100010000000 )
b000010000 2
15
06
#4261
05
16
#4262
b10000000 #
b1000000010000000 (
b1000000010000000 )
b000010001 2
15
06
#4263
05
16
#4264
b10001000 #
b1000100010000000 (
b1000100010000000 )
b000010010 2
15
06
#4265
05
16
#4266
b10010000 #
b1001000010000000 (
b1001000010000000 )
b000010011 2
15
06
#4267
05
16
#4268
b10011000 #
b1001100010000000 (
b1001100010000000 )
b000010100 2
15
06
#4269
05
16
#4270
b10100000 #
b1010000010000000 (
b1010000010000000 )
b000010101 2
15
06
#4271
05
16
#4272
b10101000 #
b1010100010000000 (
b1010100010000000 )
b000010110 2
15
06
#4273
05
16
#4274
b10110000 #
b1011000010000000 (
b1011000010000000 )
b000010111 2
15
06
#4275
05
16
#4276
b10111000 #
b1011100010000000 (
b1011100010000000 )
b000011000 2
15
06
#4277
05
16
#4278
b11000000 #
b1100000010000000 (
b1100000010000000 )
b000011001 2
15
06
#4279
05
16
#4280
b11001000 #
b1100100010000000 (
b1100100010000000 )
b000011010 2
15
06
#4281
05
16
#4282
b11010000 #
b1101000010000000 (
b1101000010000000 )
b000011011 2
15
06
#4283
05
16
#4284
b11011000 #
b1101100010000000 (
b1101100010000000 )
b000011100 2
15
06
#4285
05
16
#4286
b11100000 #
b1110000010000000 (
b1110000010000000 )
b000011101 2
15
06
#4287
05
16
#4288
b11101000 #
b1110100010000000 (
b1110100010000000 )
b000011110 2
15
06
#4289
05
16
#4290
b11110000 #
b1111000010000000 (
b1111000010000000 )
b000011111 2
15
06
#4291
05
16
#4292
b11111000 #
b1111100010000000 (
b1111100010000000 )
b000100000 2
15
06
#4293
05
16
#4294
b00000000 #
b0000000010000000 (
b0000000010000000 )
b000100001 2
15
06
#4295
05
16
#4296
b00001000 #
b0000100010000000 (
b0000100010000000 )
b000100010 2
15
06
#4297
05
16
#4298
b00010000 #
b0001000010000000 (
b0001000010000000 )
b000100011 2
15
06
#4299
05
16
#4300
b00011000 #
b0001100010000000 (
b0001100010000000 )
b000100100 2
15
06
#4301
05
16
#4302
b00100000 #
b0010000010000000 (
b0010000010000000 )
b000100101 2
15
06
#4303
05
16
#4304
b00101000 #
b0010100010000000 (
b0010100010000000 )
b000100110 2
15
06
#4305
05
16
#4306
b00110000 #
b0011000010000000 (
b0011000010000000 )
b000100111 2
15
06
#4307
05
16
#4308
b00111000 #
b0011100010000000 (
b0011100010000000 )
b000101000 2
15
06
#4309
05
16
#4310
b01000000 #
b0100000010000000 (
b0100000010000000 )
b000101001 2
15
06
#4311
05
16
#4312
b01001000 #
b0100100010000000 (
b0100100010000000 )
b000101010 2
15
06
#4313
05
16
#4314
b01010000 #
b0101000010000000 (
b0101000010000000 )
b000101011 2
15
06
#4315
05
16
#4316
b01011000 #
b0101100010000000 (
b0101100010000000 )
b000101100 2
15
06
#4317
05
16
#4318
b01100000 #
b0110000010000000 (
b0110000010000000 )
b000101101 2
15
06
#4319
05
16
#4320
b01101000 #
b0110100010000000 (
b0110100010000000 )
b000101110 2
15
06
#4321
05
16
#4322
b01110000 #
b0111000010000000 (
b0111000010000000 )
b000101111 2
15
06
#4323
05
16
#4324
b01111000 #
b0111100010000000 (
b0111100010000000 )
b000110000 2
15
06
#4325
05
16
#4326
b10000000 #
b1000000010000000 (
b1000000010000000 )
b000110001 2
15
06
#4327
05
16
#4328
b10001000 #
b1000100010000000 (
b1000100010000000 )
b000110010 2
15
06
#4329
05
16
#4330
b10010000 #
b1001000010000000 (
b1001000010000000 )
b000110011 2
15
06
#4331
05
16
#4332
b10011000 #
b1001100010000000 (
b1001100010000000 )
b000110100 2
15
06
#4333
05
16
#4334
b10100000 #
b1010000010000000 (
b1010000010000000 )
b000110101 2
15
06
#4335
05
16
#4336
b10101000 #
b1010100010000000 (
b1010100010000000 )
b000110110 2
15
06
#4337
05
16
#4338
b10110000 #
b1011000010000000 (
b1011000010000000 )
b000110111 2
15
06
#4339
05
16
#4340
b10111000 #
b1011100010000000 (
b1011100010000000 )
b000111000 2
15
06
#4341
05
16
#4342
b11000000 #
b1100000010000000 (
b1100000010000000 )
b000111001 2
15
06
#4343
05
16
#4344
b11001000 #
b1100100010000000 (
b1100100010000000 )
b000111010 2
15
06
#4345
05
16
#4346
b11010000 #
b1101000010000000 (
b1101000010000000 )
b000111011 2
15
06
#4347
05
16
#4348
b11011000 #
b1101100010000000 (
b1101100010000000 )
b000111100 2
15
06
#4349
05
16
#4350
b11100000 #
b1110000010000000 (
b1110000010000000 )
b000111101 2
15
06
#4351
05
16
#4352
b11101000 #
b1110100010000000 (
b1110100010000000 )
b000111110 2
15
06
#4353
05
16
#4354
b11110000 #
b1111000010000000 (
b1111000010000000 )
b000111111 2
15
06
#4355
05
16
#4356
b11111000 #
b1111100010000000 (
b1111100010000000 )
b001000000 2
15
06
#4357
05
16
#4358
b00000000 #
b0000000010000000 (
b0000000010000000 )
b001000001 2
15
06
#4359
05
16
#4360
b00001000 #
b0000100010000000 (
b0000100010000000 )
b001000010 2
15
06
#4361
05
16
#4362
b00010000 #
b0001000010000000 (
b0001000010000000 )
b001000011 2
15
06
#4363
05
16
#4364
b00011000 #
b0001100010000000 (
b0001100010000000 )
b001000100 2
15
06
#4365
05
16
#4366
b00100000 #
b0010000010000000 (
b0010000010000000 )
b001000101 2
15
06
#4367
05
16
#4368
b00101000 #
b0010100010000000 (
b0010100010000000 )
b001000110 2
15
06
#4369
05
16
#4370
b00110000 #
b0011000010000000 (
b0011000010000000 )
b001000111 2
15
06
#4371
05
16
#4372
b00111000 #
b0011100010000000 (
b0011100010000000 )
b001001000 2
15
06
#4373
05
16
#4374
b01000000 #
b0100000010000000 (
b0100000010000000 )
b001001001 2
15
06
#4375
05
16
#4376
b01001000 #
b0100100010000000 (
b0100100010000000 )
b001001010 2
15
06
#4377
05
16
#4378
b01010000 #
b0101000010000000 (
b0101000010000000 )
b001001011 2
15
06
#4379
05
16
#4380
b01011000 #
b0101100010000000 (
b0101100010000000 )
b001001100 2
15
06
#4381
05
16
#4382
b01100000 #
b0110000010000000 (
b0110000010000000 )
b001001101 2
15
06
#4383
05
16
#4384
b01101000 #
b0110100010000000 (
b0110100010000000 )
b001001110 2
15
06
#4385
05
16
#4386
b01110000 #
b0111000010000000 (
b0111000010000000 )
b001001111 2
15
06
#4387
05
16
#4388
b01111000 #
b0111100010000000 (
b0111100010000000 )
b001010000 2
15
06
#4389
05
16
#4390
b10000000 #
b1000000010000000 (
b1000000010000000 )
b001010001 2
15
06
#4391
05
16
#4392
b10001000 #
b1000100010000000 (
b1000100010000000 )
b001010010 2
15
06
#4393
05
16
#4394
b10010000 #
b1001000010000000 (
b1001000010000000 )
b001010011 2
15
06
#4395
05
16
#4396
b10011000 #
b1001100010000000 (
b1001100010000000 )
b001010100 2
15
06
#4397
05
16
#4398
b10100000 #
b1010000010000000 (
b1010000010000000 )
b001010101 2
15
06
#4399
05
16
#4400
b10101000 #
b1010100010000000 (
b1010100010000000 )
b001010110 2
15
06
#4401
05
16
#4402
b10110000 #
b1011000010000000 (
b1011000010000000 )
b001010111 2
15
06
#4403
05
16
#4404
b10111000 #
b1011100010000000 (
b1011100010000000 )
b001011000 2
15
06
#4405
05
16
#4406
b11000000 #
b1100000010000000 (
b1100000010000000 )
b001011001 2
15
06
#4407
05
16
#4408
b11001000 #
b1100100010000000 (
b1100100010000000 )
b001011010 2
15
06
#4409
05
16
#4410
b11010000 #
b1101000010000000 (
b1101000010000000 )
b001011011 2
15
06
#4411
05
16
#4412
b11011000 #
b1101100010000000 (
b1101100010000000 )
b001011100 2
15
06
#4413
05
16
#4414
b11100000 #
b1110000010000000 (
b1110000010000000 )
b001011101 2
15
06
#4415
05
16
#4416
b11101000 #
b1110100010000000 (
b1110100010000000 )
b001011110 2
15
06
#4417
05
16
#4418
b11110000 #
b1111000010000000 (
b1111000010000000 )
b001011111 2
15
06
#4419
05
16
#4420
b11111000 #
b1111100010000000 (
b1111100010000000 )
b001100000 2
15
06
#4421
05
16
#4422
b00000000 #
b0000000010000000 (
b0000000010000000 )
b001100001 2
15
06
#4423
05
16
#4424
b00001000 #
b0000100010000000 (
b0000100010000000 )
b001100010 2
15
06
#4425
05
16
#4426
b00010000 #
b0001000010000000 (
b0001000010000000 )
b001100011 2
15
06
#4427
05
16
#4428
b00011000 #
b0001100010000000 (
b0001100010000000 )
b001100100 2
15
06
#4429
05
16
#4430
b00100000 #
b0010000010000000 (
b0010000010000000 )
b001100101 2
15
06
#4431
05
16
#4432
b00101000 #
b0010100010000000 (
b0010100010000000 )
b001100110 2
15
06
#4433
05
16
#4434
b00110000 #
b0011000010000000 (
b0011000010000000 )
b001100111 2
15
06
#4435
05
16
#4436
b00111000 #
b0011100010000000 (
b0011100010000000 )
b001101000 2
15
06
#4437
05
16
#4438
b01000000 #
b0100000010000000 (
b0100000010000000 )
b001101001 2
15
06
#4439
05
16
#4440
b01001000 #
b0100100010000000 (
b0100100010000000 )
b001101010 2
15
06
#4441
05
16
#4442
b01010000 #
b0101000010000000 (
b0101000010000000 )
b001101011 2
15
06
#4443
05
16
#4444
b01011000 #
b0101100010000000 (
b0101100010000000 )
b001101100 2
15
06
#4445
05
16
#4446
b01100000 #
b0110000010000000 (
b0110000010000000 )
b001101101 2
15
06
#4447
05
16
#4448
b01101000 #
b0110100010000000 (
b0110100010000000 )
b001101110 2
15
06
#4449
05
16
#4450
b01110000 #
b0111000010000000 (
b0111000010000000 )
b001101111 2
15
06
#4451
05
16
#4452
b01111000 #
b0111100010000000 (
b0111100010000000 )
b001110000 2
15
06
#4453
05
16
#4454
b10000000 #
b1000000010000000 (
b1000000010000000 )
b001110001 2
15
06
#4455
05
16
#4456
b10001000 #
b1000100010000000 (
b1000100010000000 )
b001110010 2
15
06
#4457
05
16
#4458
b10010000 #
b1001000010000000 (
b1001000010000000 )
b001110011 2
15
06
#4459
05
16
#4460
b10011000 #
b1001100010000000 (
b1001100010000000 )
b001110100 2
15
06
#4461
05
16
#4462
b10100000 #
b1010000010000000 (
b1010000010000000 )
b001110101 2
15
06
#4463
05
16
#4464
b10101000 #
b1010100010000000 (
b1010100010000000 )
b001110110 2
15
06
#4465
05
16
#4466
b10110000 #
b1011000010000000 (
b1011000010000000 )
b001110111 2
15
06
#4467
05
16
#4468
b10111000 #
b1011100010000000 (
b1011100010000000 )
b001111000 2
15
06
#4469
05
16
#4470
b11000000 #
b1100000010000000 (
b1100000010000000 )
b001111001 2
15
06
#4471
05
16
#4472
b11001000 #
b1100100010000000 (
b1100100010000000 )
b001111010 2
15
06
#4473
05
16
#4474
b11010000 #
b1101000010000000 (
b1101000010000000 )
b001111011 2
15
06
#4475
05
16
#4476
b11011000 #
b1101100010000000 (
b1101100010000000 )
b001111100 2
15
06
#4477
05
16
#4478
b11100000 #
b1110000010000000 (
b1110000010000000 )
b001111101 2
15
06
#4479
05
16
#4480
b11101000 #
b1110100010000000 (
b1110100010000000 )
b001111110 2
15
06
#4481
05
16
#4482
b11110000 #
b1111000010000000 (
b1111000010000000 )
b001111111 2
15
06
#4483
05
16
#4484
b11111000 #
b1111100010000000 (
b1111100010000000 )
b010000000 2
15
06
#4485
05
16
#4486
b00000000 #
b0000000010000000 (
b0000000010000000 )
b010000001 2
15
06
#4487
05
16
#4488
b00001000 #
b0000100010000000 (
b0000100010000000 )
b010000010 2
15
06
#4489
05
16
#4490
b00010000 #
b0001000010000000 (
b0001000010000000 )
b010000011 2
15
06
#4491
05
16
#4492
b00011000 #
b0001100010000000 (
b0001100010000000 )
b010000100 2
15
06
#4493
05
16
#4494
b00100000 #
b0010000010000000 (
b0010000010000000 )
b010000101 2
15
06
#4495
05
16
#4496
b00101000 #
b0010100010000000 (
b0010100010000000 )
b010000110 2
15
06
#4497
05
16
#4498
b00110000 #
b0011000010000000 (
b0011000010000000 )
b010000111 2
15
06
#4499
05
16
#4500
b00111000 #
b0011100010000000 (
b0011100010000000 )
b010001000 2
15
06
#4501
05
16
#4502
b01000000 #
b0100000010000000 (
b0100000010000000 )
b010001001 2
15
06
#4503
05
16
#4504
b01001000 #
b0100100010000000 (
b0100100010000000 )
b010001010 2
15
06
#4505
05
16
#4506
b01010000 #
b0101000010000000 (
b0101000010000000 )
b010001011 2
15
06
#4507
05
16
#4508
b01011000 #
b0101100010000000 (
b0101100010000000 )
b010001100 2
15
06
#4509
05
16
#4510
b01100000 #
b0110000010000000 (
b0110000010000000 )
b010001101 2
15
06
#4511
05
16
#4512
b01101000 #
b0110100010000000 (
b0110100010000000 )
b010001110 2
15
06
#4513
05
16
#4514
b01110000 #
b0111000010000000 (
b0111000010000000 )
b010001111 2
15
06
#4515
05
16
#4516
b01111000 #
b0111100010000000 (
b0111100010000000 )
b010010000 2
15
06
#4517
05
16
#4518
b10000000 #
b1000000010000000 (
b1000000010000000 )
b010010001 2
15
06
#4519
05
16
#4520
b10001000 #
b1000100010000000 (
b1000100010000000 )
b010010010 2
15
06
#4521
05
16
#4522
b10010000 #
b1001000010000000 (
b1001000010000000 )
b010010011 2
15
06
#4523
05
16
#4524
b10011000 #
b1001100010000000 (
b1001100010000000 )
b010010100 2
15
06
#4525
05
16
#4526
b10100000 #
b1010000010000000 (
b1010000010000000 )
b010010101 2
15
06
#4527
05
16
#4528
b10101000 #
b1010100010000000 (
b1010100010000000 )
b010010110 2
15
06
#4529
05
16
#4530
b10110000 #
b1011000010000000 (
b1011000010000000 )
b010010111 2
15
06
#4531
05
16
#4532
b10111000 #
b1011100010000000 (
b1011100010000000 )
b010011000 2
15
06
#4533
05
16
#4534
b11000000 #
b1100000010000000 (
b1100000010000000 )
b010011001 2
15
06
#4535
05
16
#4536
b11001000 #
b1100100010000000 (
b1100100010000000 )
b010011010 2
15
06
#4537
05
16
#4538
b11010000 #
b1101000010000000 (
b1101000010000000 )
b010011011 2
15
06
#4539
05
16
#4540
b11011000 #
b1101100010000000 (
b1101100010000000 )
b010011100 2
15
06
#4541
05
16
#4542
b11100000 #
b1110000010000000 (
b1110000010000000 )
b010011101 2
15
06
#4543
05
16
#4544
b11101000 #
b1110100010000000 (
b1110100010000000 )
b010011110 2
15
06
#4545
05
16
#4546
b11110000 #
b1111000010000000 (
b1111000010000000 )
b010011111 2
15
06
#4547
05
16
#4548
b11111000 #
b1111100010000000 (
b1111100010000000 )
b010100000 2
15
06
#4549
05
16
#4550
b00000000 #
b0000000010000000 (
b0000000010000000 )
b010100001 2
15
06
#4551
05
16
#4552
b00001000 #
b0000100010000000 (
b0000100010000000 )
b010100010 2
15
06
#4553
05
16
#4554
b00010000 #
b0001000010000000 (
b0001000010000000 )
b010100011 2
15
06
#4555
05
16
#4556
b00011000 #
b0001100010000000 (
b0001100010000000 )
b010100100 2
15
06
#4557
05
16
#4558
b00100000 #
b0010000010000000 (
b0010000010000000 )
b010100101 2
15
06
#4559
05
16
#4560
b00101000 #
b0010100010000000 (
b0010100010000000 )
b010100110 2
15
06
#4561
05
16
#4562
b00110000 #
b0011000010000000 (
b0011000010000000 )
b010100111 2
15
06
#4563
05
16
#4564
b00111000 #
b0011100010000000 (
b0011100010000000 )
b010101000 2
15
06
#4565
05
16
#4566
b01000000 #
b0100000010000000 (
b0100000010000000 )
b010101001 2
15
06
#4567
05
16
#4568
b01001000 #
b0100100010000000 (
b0100100010000000 )
b010101010 2
15
06
#4569
05
16
#4570
b01010000 #
b0101000010000000 (
b0101000010000000 )
b010101011 2
15
06
#4571
05
16
#4572
b01011000 #
b0101100010000000 (
b0101100010000000 )
b010101100 2
15
06
#4573
05
16
#4574
b01100000 #
b0110000010000000 (
b0110000010000000 )
b010101101 2
15
06
#4575
05
16
#4576
b01101000 #
b0110100010000000 (
b0110100010000000 )
b010101110 2
15
06
#4577
05
16
#4578
b01110000 #
b0111000010000000 (
b0111000010000000 )
b010101111 2
15
06
#4579
05
16
#4580
b01111000 #
b0111100010000000 (
b0111100010000000 )
b010110000 2
15
06
#4581
05
16
#4582
b10000000 #
b1000000010000000 (
b1000000010000000 )
b010110001 2
15
06
#4583
05
16
#4584
b10001000 #
b1000100010000000 (
b1000100010000000 )
b010110010 2
15
06
#4585
05
16
#4586
b10010000 #
b1001000010000000 (
b1001000010000000 )
b010110011 2
15
06
#4587
05
16
#4588
b10011000 #
b1001100010000000 (
b1001100010000000 )
b010110100 2
15
06
#4589
05
16
#4590
b10100000 #
b1010000010000000 (
b1010000010000000 )
b010110101 2
15
06
#4591
05
16
#4592
b10101000 #
b1010100010000000 (
b1010100010000000 )
b010110110 2
15
06
#4593
05
16
#4594
b10110000 #
b1011000010000000 (
b1011000010000000 )
b010110111 2
15
06
#4595
05
16
#4596
b10111000 #
b1011100010000000 (
b1011100010000000 )
b010111000 2
15
06
#4597
05
16
#4598
b11000000 #
b1100000010000000 (
b1100000010000000 )
b010111001 2
15
06
#4599
05
16
#4600
b11001000 #
b1100100010000000 (
b1100100010000000 )
b010111010 2
15
06
#4601
05
16
#4602
b11010000 #
b1101000010000000 (
b1101000010000000 )
b010111011 2
15
06
#4603
05
16
#4604
b11011000 #
b1101100010000000 (
b1101100010000000 )
b010111100 2
15
06
#4605
05
16
#4606
b11100000 #
b1110000010000000 (
b1110000010000000 )
b010111101 2
15
06
#4607
05
16
#4608
b11101000 #
b1110100010000000 (
b1110100010000000 )
b010111110 2
15
06
#4609
05
16
#4610
b11110000 #
b1111000010000000 (
b1111000010000000 )
b010111111 2
15
06
#4611
05
16
#4612
b11111000 #
b1111100010000000 (
b1111100010000000 )
b011000000 2
15
06
#4613
05
16
#4614
b00000000 #
b0000000010000000 (
b0000000010000000 )
b011000001 2
15
06
#4615
05
16
#4616
b00001000 #
b0000100010000000 (
b0000100010000000 )
b011000010 2
15
06
#4617
05
16
#4618
b00010000 #
b0001000010000000 (
b0001000010000000 )
b011000011 2
15
06
#4619
05
16
#4620
b00011000 #
b0001100010000000 (
b0001100010000000 )
b011000100 2
15
06
#4621
05
16
#4622
b00100000 #
b0010000010000000 (
b0010000010000000 )
b011000101 2
15
06
#4623
05
16
#4624
b00101000 #
b0010100010000000 (
b0010100010000000 )
b011000110 2
15
06
#4625
05
16
#4626
b00110000 #
b0011000010000000 (
b0011000010000000 )
b011000111 2
15
06
#4627
05
16
#4628
b00111000 #
b0011100010000000 (
b0011100010000000 )
b011001000 2
15
06
#4629
05
16
#4630
b01000000 #
b0100000010000000 (
b0100000010000000 )
b011001001 2
15
06
#4631
05
16
#4632
b01001000 #
b0100100010000000 (
b0100100010000000 )
b011001010 2
15
06
#4633
05
16
#4634
b01010000 #
b0101000010000000 (
b0101000010000000 )
b011001011 2
15
06
#4635
05
16
#4636
b01011000 #
b0101100010000000 (
b0101100010000000 )
b011001100 2
15
06
#4637
05
16
#4638
b01100000 #
b0110000010000000 (
b0110000010000000 )
b011001101 2
15
06
#4639
05
16
#4640
b01101000 #
b0110100010000000 (
b0110100010000000 )
b011001110 2
15
06
#4641
05
16
#4642
b01110000 #
b0111000010000000 (
b0111000010000000 )
b011001111 2
15
06
#4643
05
16
#4644
b01111000 #
b0111100010000000 (
b0111100010000000 )
b011010000 2
15
06
#4645
05
16
#4646
b10000000 #
b1000000010000000 (
b1000000010000000 )
b011010001 2
15
06
#4647
05
16
#4648
b10001000 #
b1000100010000000 (
b1000100010000000 )
b011010010 2
15
06
#4649
05
16
#4650
b10010000 #
b1001000010000000 (
b1001000010000000 )
b011010011 2
15
06
#4651
05
16
#4652
b10011000 #
b1001100010000000 (
b1001100010000000 )
b011010100 2
15
06
#4653
05
16
#4654
b10100000 #
b1010000010000000 (
b1010000010000000 )
b011010101 2
15
06
#4655
05
16
#4656
b10101000 #
b1010100010000000 (
b1010100010000000 )
b011010110 2
15
06
#4657
05
16
#4658
b10110000 #
b1011000010000000 (
b1011000010000000 )
b011010111 2
15
06
#4659
05
16
#4660
b10111000 #
b1011100010000000 (
b1011100010000000 )
b011011000 2
15
06
#4661
05
16
#4662
b11000000 #
b1100000010000000 (
b1100000010000000 )
b011011001 2
15
06
#4663
05
16
#4664
b11001000 #
b1100100010000000 (
b1100100010000000 )
b011011010 2
15
06
#4665
05
16
#4666
b11010000 #
b1101000010000000 (
b1101000010000000 )
b011011011 2
15
06
#4667
05
16
#4668
b11011000 #
b1101100010000000 (
b1101100010000000 )
b011011100 2
15
06
#4669
05
16
#4670
b11100000 #
b1110000010000000 (
b1110000010000000 )
b011011101 2
15
06
#4671
05
16
#4672
b11101000 #
b1110100010000000 (
b1110100010000000 )
b011011110 2
15
06
#4673
05
16
#4674
b11110000 #
b1111000010000000 (
b1111000010000000 )
b011011111 2
15
06
#4675
05
16
#4676
b11111000 #
b1111100010000000 (
b1111100010000000 )
b011100000 2
15
06
#4677
05
16
#4678
b00000000 #
b0000000010000000 (
b0000000010000000 )
b011100001 2
15
06
#4679
05
16
#4680
b00001000 #
b0000100010000000 (
b0000100010000000 )
b011100010 2
15
06
#4681
05
16
#4682
b00010000 #
b0001000010000000 (
b0001000010000000 )
b011100011 2
15
06
#4683
05
16
#4684
b00011000 #
b0001100010000000 (
b0001100010000000 )
b011100100 2
15
06
#4685
05
16
#4686
b00100000 #
b0010000010000000 (
b0010000010000000 )
b011100101 2
15
06
#4687
05
16
#4688
b00101000 #
b0010100010000000 (
b0010100010000000 )
b011100110 2
15
06
#4689
05
16
#4690
b00110000 #
b0011000010000000 (
b0011000010000000 )
b011100111 2
15
06
#4691
05
16
#4692
b00111000 #
b0011100010000000 (
b0011100010000000 )
b011101000 2
15
06
#4693
05
16
#4694
b01000000 #
b0100000010000000 (
b0100000010000000 )
b011101001 2
15
06
#4695
05
16
#4696
b01001000 #
b0100100010000000 (
b0100100010000000 )
b011101010 2
15
06
#4697
05
16
#4698
b01010000 #
b0101000010000000 (
b0101000010000000 )
b011101011 2
15
06
#4699
05
16
#4700
b01011000 #
b0101100010000000 (
b0101100010000000 )
b011101100 2
15
06
#4701
05
16
#4702
b01100000 #
b0110000010000000 (
b0110000010000000 )
b011101101 2
15
06
#4703
05
16
#4704
b01101000 #
b0110100010000000 (
b0110100010000000 )
b011101110 2
15
06
#4705
05
16
#4706
b01110000 #
b0111000010000000 (
b0111000010000000 )
b011101111 2
15
06
#4707
05
16
#4708
b01111000 #
b0111100010000000 (
b0111100010000000 )
b011110000 2
15
06
#4709
05
16
#4710
b10000000 #
b1000000010000000 (
b1000000010000000 )
b011110001 2
15
06
#4711
05
16
#4712
b10001000 #
b1000100010000000 (
b1000100010000000 )
b011110010 2
15
06
#4713
05
16
#4714
b10010000 #
b1001000010000000 (
b1001000010000000 )
b011110011 2
15
06
#4715
05
16
#4716
b10011000 #
b1001100010000000 (
b1001100010000000 )
b011110100 2
15
06
#4717
05
16
#4718
b10100000 #
b1010000010000000 (
b1010000010000000 )
b011110101 2
15
06
#4719
05
16
#4720
b10101000 #
b1010100010000000 (
b1010100010000000 )
b011110110 2
15
06
#4721
05
16
#4722
b10110000 #
b1011000010000000 (
b1011000010000000 )
b011110111 2
15
06
#4723
05
16
#4724
b10111000 #
b1011100010000000 (
b1011100010000000 )
b011111000 2
15
06
#4725
05
16
#4726
b11000000 #
b1100000010000000 (
b1100000010000000 )
b011111001 2
15
06
#4727
05
16
#4728
b11001000 #
b1100100010000000 (
b1100100010000000 )
b011111010 2
15
06
#4729
05
16
#4730
b11010000 #
b1101000010000000 (
b1101000010000000 )
b011111011 2
15
06
#4731
05
16
#4732
b11011000 #
b1101100010000000 (
b1101100010000000 )
b011111100 2
15
06
#4733
05
16
#4734
b11100000 #
b1110000010000000 (
b1110000010000000 )
b011111101 2
15
06
#4735
05
16
#4736
b11101000 #
b1110100010000000 (
b1110100010000000 )
b011111110 2
15
06
#4737
05
16
#4738
b11110000 #
b1111000010000000 (
b1111000010000000 )
b011111111 2
15
06
#4739
05
16
#4740
b11111000 #
b1111100010000000 (
b1111100010000000 )
b100000000 2
15
06
#4741
05
16
#4742
b00000000 #
b0000000010000000 (
b0000000010000000 )
b100000001 2
15
06
#4743
05
16
#4744
b00001000 #
b0000100010000000 (
b0000100010000000 )
b100000010 2
15
06
#4745
05
16
#4746
b00010000 #
b0001000010000000 (
b0001000010000000 )
b100000011 2
15
06
#4747
05
16
#4748
b00011000 #
b0001100010000000 (
b0001100010000000 )
b100000100 2
15
06
#4749
05
16
#4750
b00100000 #
b0010000010000000 (
b0010000010000000 )
b100000101 2
15
06
#4751
05
16
#4752
b00101000 #
b0010100010000000 (
b0010100010000000 )
b100000110 2
15
06
#4753
05
16
#4754
b00110000 #
b0011000010000000 (
b0011000010000000 )
b100000111 2
15
06
#4755
05
16
#4756
b00111000 #
b0011100010000000 (
b0011100010000000 )
b100001000 2
15
06
#4757
05
16
#4758
b01000000 #
b0100000010000000 (
b0100000010000000 )
b100001001 2
15
06
#4759
05
16
#4760
b01001000 #
b0100100010000000 (
b0100100010000000 )
b100001010 2
15
06
#4761
05
16
#4762
b01010000 #
b0101000010000000 (
b0101000010000000 )
b100001011 2
15
06
#4763
05
16
#4764
b01011000 #
b0101100010000000 (
b0101100010000000 )
b100001100 2
15
06
#4765
05
16
#4766
b01100000 #
b0110000010000000 (
b0110000010000000 )
b100001101 2
15
06
#4767
05
16
#4768
b01101000 #
b0110100010000000 (
b0110100010000000 )
b100001110 2
15
06
#4769
05
16
#4770
b01110000 #
b0111000010000000 (
b0111000010000000 )
b100001111 2
15
06
#4771
05
16
#4772
b01111000 #
b0111100010000000 (
b0111100010000000 )
b100010000 2
15
06
#4773
05
16
#4774
b10000000 #
b1000000010000000 (
b1000000010000000 )
b100010001 2
15
06
#4775
05
16
#4776
b10001000 #
b1000100010000000 (
b1000100010000000 )
b100010010 2
15
06
#4777
05
16
#4778
b10010000 #
b1001000010000000 (
b1001000010000000 )
b100010011 2
15
06
#4779
05
16
#4780
b10011000 #
b1001100010000000 (
b1001100010000000 )
b100010100 2
15
06
#4781
05
16
#4782
b10100000 #
b1010000010000000 (
b1010000010000000 )
b100010101 2
15
06
#4783
05
16
#4784
b10101000 #
b1010100010000000 (
b1010100010000000 )
b100010110 2
15
06
#4785
05
16
#4786
b10110000 #
b1011000010000000 (
b1011000010000000 )
b100010111 2
15
06
#4787
05
16
#4788
b10111000 #
b1011100010000000 (
b1011100010000000 )
b100011000 2
15
06
#4789
05
16
#4790
b11000000 #
b1100000010000000 (
b1100000010000000 )
b100011001 2
15
06
#4791
05
16
#4792
b11001000 #
b1100100010000000 (
b1100100010000000 )
b100011010 2
15
06
#4793
05
16
#4794
b11010000 #
b1101000010000000 (
b1101000010000000 )
b100011011 2
15
06
#4795
05
16
#4796
b11011000 #
b1101100010000000 (
b1101100010000000 )
b100011100 2
15
06
#4797
05
16
#4798
b11100000 #
b1110000010000000 (
b1110000010000000 )
b100011101 2
15
06
#4799
05
16
#4800
b11101000 #
b1110100010000000 (
b1110100010000000 )
b100011110 2
15
06
#4801
05
16
#4802
b11110000 #
b1111000010000000 (
b1111000010000000 )
b100011111 2
15
06
#4803
05
16
#4804
b11111000 #
b1111100010000000 (
b1111100010000000 )
b100100000 2
15
06
#4805
05
16
#4806
b00000000 #
b0000000010000000 (
b0000000010000000 )
b100100001 2
15
06
#4807
05
16
#4808
b00001000 #
b0000100010000000 (
b0000100010000000 )
b100100010 2
15
06
#4809
05
16
#4810
b00010000 #
b0001000010000000 (
b0001000010000000 )
b100100011 2
15
06
#4811
05
16
#4812
b00011000 #
b0001100010000000 (
b0001100010000000 )
b100100100 2
15
06
#4813
05
16
#4814
b00100000 #
b0010000010000000 (
b0010000010000000 )
b100100101 2
15
06
#4815
05
16
#4816
b00101000 #
b0010100010000000 (
b0010100010000000 )
b100100110 2
15
06
#4817
05
16
#4818
b00110000 #
b0011000010000000 (
b0011000010000000 )
b100100111 2
15
06
#4819
05
16
#4820
b00111000 #
b0011100010000000 (
b0011100010000000 )
b100101000 2
15
06
#4821
05
16
#4822
b01000000 #
b0100000010000000 (
b0100000010000000 )
b100101001 2
15
06
#4823
05
16
#4824
b01001000 #
b0100100010000000 (
b0100100010000000 )
b100101010 2
15
06
#4825
05
16
#4826
b01010000 #
b0101000010000000 (
b0101000010000000 )
b100101011 2
15
06
#4827
05
16
#4828
b01011000 #
b0101100010000000 (
b0101100010000000 )
b100101100 2
15
06
#4829
05
16
#4830
b01100000 #
b0110000010000000 (
b0110000010000000 )
b100101101 2
15
06
#4831
05
16
#4832
b01101000 #
b0110100010000000 (
b0110100010000000 )
b100101110 2
15
06
#4833
05
16
#4834
b01110000 #
b0111000010000000 (
b0111000010000000 )
b100101111 2
15
06
#4835
05
16
#4836
b01111000 #
b0111100010000000 (
b0111100010000000 )
b100110000 2
15
06
#4837
05
16
#4838
b10000000 #
b1000000010000000 (
b1000000010000000 )
b100110001 2
15
06
#4839
05
16
#4840
b10001000 #
b1000100010000000 (
b1000100010000000 )
b100110010 2
15
06
#4841
05
16
#4842
b10010000 #
b1001000010000000 (
b1001000010000000 )
b100110011 2
15
06
#4843
05
16
#4844
b10011000 #
b1001100010000000 (
b1001100010000000 )
b100110100 2
15
06
#4845
05
16
#4846
b10100000 #
b1010000010000000 (
b1010000010000000 )
b100110101 2
15
06
#4847
05
16
#4848
b10101000 #
b1010100010000000 (
b1010100010000000 )
b100110110 2
15
06
#4849
05
16
#4850
b10110000 #
b1011000010000000 (
b1011000010000000 )
b100110111 2
15
06
#4851
05
16
#4852
b10111000 #
b1011100010000000 (
b1011100010000000 )
b100111000 2
15
06
#4853
05
16
#4854
b11000000 #
b1100000010000000 (
b1100000010000000 )
b100111001 2
15
06
#4855
05
16
#4856
b11001000 #
b1100100010000000 (
b1100100010000000 )
b100111010 2
15
06
#4857
05
16
#4858
b11010000 #
b1101000010000000 (
b1101000010000000 )
b100111011 2
15
06
#4859
05
16
#4860
b11011000 #
b1101100010000000 (
b1101100010000000 )
b100111100 2
15
06
#4861
05
16
#4862
b11100000 #
b1110000010000000 (
b1110000010000000 )
b100111101 2
15
06
#4863
05
16
#4864
b11101000 #
b1110100010000000 (
b1110100010000000 )
b100111110 2
15
06
#4865
05
16
#4866
b11110000 #
b1111000010000000 (
b1111000010000000 )
b100111111 2
15
06
#4867
05
16
#4868
b11111000 #
b1111100010000000 (
b1111100010000000 )
b000000000 2
b00000101 3
15
06
#4869
05
16
#4870
b00000000 #
b10100000 $
b0000000010100000 (
b0000000010100000 )
b000000001 2
15
06
#4871
05
16
#4872
b00001000 #
b0000100010100000 (
b0000100010100000 )
b000000010 2
15
06
#4873
05
16
#4874
b00010000 #
b0001000010100000 (
b0001000010100000 )
b000000011 2
15
06
#4875
05
16
#4876
b00011000 #
b0001100010100000 (
b0001100010100000 )
b000000100 2
15
06
#4877
05
16
#4878
b00100000 #
b0010000010100000 (
b0010000010100000 )
b000000101 2
15
06
#4879
05
16
#4880
b00101000 #
b0010100010100000 (
b0010100010100000 )
b000000110 2
15
06
#4881
05
16
#4882
b00110000 #
b0011000010100000 (
b0011000010100000 )
b000000111 2
15
06
#4883
05
16
#4884
b00111000 #
b0011100010100000 (
b0011100010100000 )
b000001000 2
15
06
#4885
05
16
#4886
b01000000 #
b0100000010100000 (
b0100000010100000 )
b000001001 2
15
06
#4887
05
16
#4888
b01001000 #
b0100100010100000 (
b0100100010100000 )
b000001010 2
15
06
#4889
05
16
#4890
b01010000 #
b0101000010100000 (
b0101000010100000 )
b000001011 2
15
06
#4891
05
16
#4892
b01011000 #
b0101100010100000 (
b0101100010100000 )
b000001100 2
15
06
#4893
05
16
#4894
b01100000 #
b0110000010100000 (
b0110000010100000 )
b000001101 2
15
06
#4895
05
16
#4896
b01101000 #
b0110100010100000 (
b0110100010100000 )
b000001110 2
15
06
#4897
05
16
#4898
b01110000 #
b0111000010100000 (
b0111000010100000 )
b000001111 2
15
06
#4899
05
16
#4900
b01111000 #
b0111100010100000 (
b0111100010100000 )
b000010000 2
15
06
#4901
05
16
#4902
b10000000 #
b1000000010100000 (
b1000000010100000 )
b000010001 2
15
06
#4903
05
16
#4904
b10001000 #
b1000100010100000 (
b1000100010100000 )
b000010010 2
15
06
#4905
05
16
#4906
b10010000 #
b1001000010100000 (
b1001000010100000 )
b000010011 2
15
06
#4907
05
16
#4908
b10011000 #
b1001100010100000 (
b1001100010100000 )
b000010100 2
15
06
#4909
05
16
#4910
b10100000 #
b1010000010100000 (
b1010000010100000 )
b000010101 2
15
06
#4911
05
16
#4912
b10101000 #
b1010100010100000 (
b1010100010100000 )
b000010110 2
15
06
#4913
05
16
#4914
b10110000 #
b1011000010100000 (
b1011000010100000 )
b000010111 2
15
06
#4915
05
16
#4916
b10111000 #
b1011100010100000 (
b1011100010100000 )
b000011000 2
15
06
#4917
05
16
#4918
b11000000 #
b1100000010100000 (
b1100000010100000 )
b000011001 2
15
06
#4919
05
16
#4920
b11001000 #
b1100100010100000 (
b1100100010100000 )
b000011010 2
15
06
#4921
05
16
#4922
b11010000 #
b1101000010100000 (
b1101000010100000 )
b000011011 2
15
06
#4923
05
16
#4924
b11011000 #
b1101100010100000 (
b1101100010100000 )
b000011100 2
15
06
#4925
05
16
#4926
b11100000 #
b1110000010100000 (
b1110000010100000 )
b000011101 2
15
06
#4927
05
16
#4928
b11101000 #
b1110100010100000 (
b1110100010100000 )
b000011110 2
15
06
#4929
05
16
#4930
b11110000 #
b1111000010100000 (
b1111000010100000 )
b000011111 2
15
06
#4931
05
16
#4932
b11111000 #
b1111100010100000 (
b1111100010100000 )
b000100000 2
15
06
#4933
05
16
#4934
b00000000 #
b0000000010100000 (
b0000000010100000 )
b000100001 2
15
06
#4935
05
16
#4936
b00001000 #
b0000100010100000 (
b0000100010100000 )
b000100010 2
15
06
#4937
05
16
#4938
b00010000 #
b0001000010100000 (
b0001000010100000 )
b000100011 2
15
06
#4939
05
16
#4940
b00011000 #
b0001100010100000 (
b0001100010100000 )
b000100100 2
15
06
#4941
05
16
#4942
b00100000 #
b0010000010100000 (
b0010000010100000 )
b000100101 2
15
06
#4943
05
16
#4944
b00101000 #
b0010100010100000 (
b0010100010100000 )
b000100110 2
15
06
#4945
05
16
#4946
b00110000 #
b0011000010100000 (
b0011000010100000 )
b000100111 2
15
06
#4947
05
16
#4948
b00111000 #
b0011100010100000 (
b0011100010100000 )
b000101000 2
15
06
#4949
05
16
#4950
b01000000 #
b0100000010100000 (
b0100000010100000 )
b000101001 2
15
06
#4951
05
16
#4952
b01001000 #
b0100100010100000 (
b0100100010100000 )
b000101010 2
15
06
#4953
05
16
#4954
b01010000 #
b0101000010100000 (
b0101000010100000 )
b000101011 2
15
06
#4955
05
16
#4956
b01011000 #
b0101100010100000 (
b0101100010100000 )
b000101100 2
15
06
#4957
05
16
#4958
b01100000 #
b0110000010100000 (
b0110000010100000 )
b000101101 2
15
06
#4959
05
16
#4960
b01101000 #
b0110100010100000 (
b0110100010100000 )
b000101110 2
15
06
#4961
05
16
#4962
b01110000 #
b0111000010100000 (
b0111000010100000 )
b000101111 2
15
06
#4963
05
16
#4964
b01111000 #
b0111100010100000 (
b0111100010100000 )
b000110000 2
15
06
#4965
05
16
#4966
b10000000 #
b1000000010100000 (
b1000000010100000 )
b000110001 2
15
06
#4967
05
16
#4968
b10001000 #
b1000100010100000 (
b1000100010100000 )
b000110010 2
15
06
#4969
05
16
#4970
b10010000 #
b1001000010100000 (
b1001000010100000 )
b000110011 2
15
06
#4971
05
16
#4972
b10011000 #
b1001100010100000 (
b1001100010100000 )
b000110100 2
15
06
#4973
05
16
#4974
b10100000 #
b1010000010100000 (
b1010000010100000 )
b000110101 2
15
06
#4975
05
16
#4976
b10101000 #
b1010100010100000 (
b1010100010100000 )
b000110110 2
15
06
#4977
05
16
#4978
b10110000 #
b1011000010100000 (
b1011000010100000 )
b000110111 2
15
06
#4979
05
16
#4980
b10111000 #
b1011100010100000 (
b1011100010100000 )
b000111000 2
15
06
#4981
05
16
#4982
b11000000 #
b1100000010100000 (
b1100000010100000 )
b000111001 2
15
06
#4983
05
16
#4984
b11001000 #
b1100100010100000 (
b1100100010100000 )
b000111010 2
15
06
#4985
05
16
#4986
b11010000 #
b1101000010100000 (
b1101000010100000 )
b000111011 2
15
06
#4987
05
16
#4988
b11011000 #
b1101100010100000 (
b1101100010100000 )
b000111100 2
15
06
#4989
05
16
#4990
b11100000 #
b1110000010100000 (
b1110000010100000 )
b000111101 2
15
06
#4991
05
16
#4992
b11101000 #
b1110100010100000 (
b1110100010100000 )
b000111110 2
15
06
#4993
05
16
#4994
b11110000 #
b1111000010100000 (
b1111000010100000 )
b000111111 2
15
06
#4995
05
16
#4996
b11111000 #
b1111100010100000 (
b1111100010100000 )
b001000000 2
15
06
#4997
05
16
#4998
b00000000 #
b0000000010100000 (
b0000000010100000 )
b001000001 2
15
06
#4999
05
16
#5000
b00001000 #
b0000100010100000 (
b0000100010100000 )
b001000010 2
15
06
#5001
05
16
#5002
b00010000 #
b0001000010100000 (
b0001000010100000 )
b001000011 2
15
06
#5003
05
16
#5004
b00011000 #
b0001100010100000 (
b0001100010100000 )
b001000100 2
15
06
#5005
05
16
#5006
b00100000 #
b0010000010100000 (
b0010000010100000 )
b001000101 2
15
06
#5007
05
16
#5008
b00101000 #
b0010100010100000 (
b0010100010100000 )
b001000110 2
15
06
#5009
05
16
#5010
b00110000 #
b0011000010100000 (
b0011000010100000 )
b001000111 2
15
06
#5011
05
16
#5012
b00111000 #
b0011100010100000 (
b0011100010100000 )
b001001000 2
15
06
#5013
05
16
#5014
b01000000 #
b0100000010100000 (
b0100000010100000 )
b001001001 2
15
06
#5015
05
16
#5016
b01001000 #
b0100100010100000 (
b0100100010100000 )
b001001010 2
15
06
#5017
05
16
#5018
b01010000 #
b0101000010100000 (
b0101000010100000 )
b001001011 2
15
06
#5019
05
16
#5020
b01011000 #
b0101100010100000 (
b0101100010100000 )
b001001100 2
15
06
#5021
05
16
#5022
b01100000 #
b0110000010100000 (
b0110000010100000 )
b001001101 2
15
06
#5023
05
16
#5024
b01101000 #
b0110100010100000 (
b0110100010100000 )
b001001110 2
15
06
#5025
05
16
#5026
b01110000 #
b0111000010100000 (
b0111000010100000 )
b001001111 2
15
06
#5027
05
16
#5028
b01111000 #
b0111100010100000 (
b0111100010100000 )
b001010000 2
15
06
#5029
05
16
#5030
b10000000 #
b1000000010100000 (
b1000000010100000 )
b001010001 2
15
06
#5031
05
16
#5032
b10001000 #
b1000100010100000 (
b1000100010100000 )
b001010010 2
15
06
#5033
05
16
#5034
b10010000 #
b1001000010100000 (
b1001000010100000 )
b001010011 2
15
06
#5035
05
16
#5036
b10011000 #
b1001100010100000 (
b1001100010100000 )
b001010100 2
15
06
#5037
05
16
#5038
b10100000 #
b1010000010100000 (
b1010000010100000 )
b001010101 2
15
06
#5039
05
16
#5040
b10101000 #
b1010100010100000 (
b1010100010100000 )
b001010110 2
15
06
#5041
05
16
#5042
b10110000 #
b1011000010100000 (
b1011000010100000 )
b001010111 2
15
06
#5043
05
16
#5044
b10111000 #
b1011100010100000 (
b1011100010100000 )
b001011000 2
15
06
#5045
05
16
#5046
b11000000 #
b1100000010100000 (
b1100000010100000 )
b001011001 2
15
06
#5047
05
16
#5048
b11001000 #
b1100100010100000 (
b1100100010100000 )
b001011010 2
15
06
#5049
05
16
#5050
b11010000 #
b1101000010100000 (
b1101000010100000 )
b001011011 2
15
06
#5051
05
16
#5052
b11011000 #
b1101100010100000 (
b1101100010100000 )
b001011100 2
15
06
#5053
05
16
#5054
b11100000 #
b1110000010100000 (
b1110000010100000 )
b001011101 2
15
06
#5055
05
16
#5056
b11101000 #
b1110100010100000 (
b1110100010100000 )
b001011110 2
15
06
#5057
05
16
#5058
b11110000 #
b1111000010100000 (
b1111000010100000 )
b001011111 2
15
06
#5059
05
16
#5060
b11111000 #
b1111100010100000 (
b1111100010100000 )
b001100000 2
15
06
#5061
05
16
#5062
b00000000 #
b0000000010100000 (
b0000000010100000 )
b001100001 2
15
06
#5063
05
16
#5064
b00001000 #
b0000100010100000 (
b0000100010100000 )
b001100010 2
15
06
#5065
05
16
#5066
b00010000 #
b0001000010100000 (
b0001000010100000 )
b001100011 2
15
06
#5067
05
16
#5068
b00011000 #
b0001100010100000 (
b0001100010100000 )
b001100100 2
15
06
#5069
05
16
#5070
b00100000 #
b0010000010100000 (
b0010000010100000 )
b001100101 2
15
06
#5071
05
16
#5072
b00101000 #
b0010100010100000 (
b0010100010100000 )
b001100110 2
15
06
#5073
05
16
#5074
b00110000 #
b0011000010100000 (
b0011000010100000 )
b001100111 2
15
06
#5075
05
16
#5076
b00111000 #
b0011100010100000 (
b0011100010100000 )
b001101000 2
15
06
#5077
05
16
#5078
b01000000 #
b0100000010100000 (
b0100000010100000 )
b001101001 2
15
06
#5079
05
16
#5080
b01001000 #
b0100100010100000 (
b0100100010100000 )
b001101010 2
15
06
#5081
05
16
#5082
b01010000 #
b0101000010100000 (
b0101000010100000 )
b001101011 2
15
06
#5083
05
16
#5084
b01011000 #
b0101100010100000 (
b0101100010100000 )
b001101100 2
15
06
#5085
05
16
#5086
b01100000 #
b0110000010100000 (
b0110000010100000 )
b001101101 2
15
06
#5087
05
16
#5088
b01101000 #
b0110100010100000 (
b0110100010100000 )
b001101110 2
15
06
#5089
05
16
#5090
b01110000 #
b0111000010100000 (
b0111000010100000 )
b001101111 2
15
06
#5091
05
16
#5092
b01111000 #
b0111100010100000 (
b0111100010100000 )
b001110000 2
15
06
#5093
05
16
#5094
b10000000 #
b1000000010100000 (
b1000000010100000 )
b001110001 2
15
06
#5095
05
16
#5096
b10001000 #
b1000100010100000 (
b1000100010100000 )
b001110010 2
15
06
#5097
05
16
#5098
b10010000 #
b1001000010100000 (
b1001000010100000 )
b001110011 2
15
06
#5099
05
16
#5100
b10011000 #
b1001100010100000 (
b1001100010100000 )
b001110100 2
15
06
#5101
05
16
#5102
b10100000 #
b1010000010100000 (
b1010000010100000 )
b001110101 2
15
06
#5103
05
16
#5104
b10101000 #
b1010100010100000 (
b1010100010100000 )
b001110110 2
15
06
#5105
05
16
#5106
b10110000 #
b1011000010100000 (
b1011000010100000 )
b001110111 2
15
06
#5107
05
16
#5108
b10111000 #
b1011100010100000 (
b1011100010100000 )
b001111000 2
15
06
#5109
05
16
#5110
b11000000 #
b1100000010100000 (
b1100000010100000 )
b001111001 2
15
06
#5111
05
16
#5112
b11001000 #
b1100100010100000 (
b1100100010100000 )
b001111010 2
15
06
#5113
05
16
#5114
b11010000 #
b1101000010100000 (
b1101000010100000 )
b001111011 2
15
06
#5115
05
16
#5116
b11011000 #
b1101100010100000 (
b1101100010100000 )
b001111100 2
15
06
#5117
05
16
#5118
b11100000 #
b1110000010100000 (
b1110000010100000 )
b001111101 2
15
06
#5119
05
16
#5120
b11101000 #
b1110100010100000 (
b1110100010100000 )
b001111110 2
15
06
#5121
05
16
#5122
b11110000 #
b1111000010100000 (
b1111000010100000 )
b001111111 2
15
06
#5123
05
16
#5124
b11111000 #
b1111100010100000 (
b1111100010100000 )
b010000000 2
15
06
#5125
05
16
#5126
b00000000 #
b0000000010100000 (
b0000000010100000 )
b010000001 2
15
06
#5127
05
16
#5128
b00001000 #
b0000100010100000 (
b0000100010100000 )
b010000010 2
15
06
#5129
05
16
#5130
b00010000 #
b0001000010100000 (
b0001000010100000 )
b010000011 2
15
06
#5131
05
16
#5132
b00011000 #
b0001100010100000 (
b0001100010100000 )
b010000100 2
15
06
#5133
05
16
#5134
b00100000 #
b0010000010100000 (
b0010000010100000 )
b010000101 2
15
06
#5135
05
16
#5136
b00101000 #
b0010100010100000 (
b0010100010100000 )
b010000110 2
15
06
#5137
05
16
#5138
b00110000 #
b0011000010100000 (
b0011000010100000 )
b010000111 2
15
06
#5139
05
16
#5140
b00111000 #
b0011100010100000 (
b0011100010100000 )
b010001000 2
15
06
#5141
05
16
#5142
b01000000 #
b0100000010100000 (
b0100000010100000 )
b010001001 2
15
06
#5143
05
16
#5144
b01001000 #
b0100100010100000 (
b0100100010100000 )
b010001010 2
15
06
#5145
05
16
#5146
b01010000 #
b0101000010100000 (
b0101000010100000 )
b010001011 2
15
06
#5147
05
16
#5148
b01011000 #
b0101100010100000 (
b0101100010100000 )
b010001100 2
15
06
#5149
05
16
#5150
b01100000 #
b0110000010100000 (
b0110000010100000 )
b010001101 2
15
06
#5151
05
16
#5152
b01101000 #
b0110100010100000 (
b0110100010100000 )
b010001110 2
15
06
#5153
05
16
#5154
b01110000 #
b0111000010100000 (
b0111000010100000 )
b010001111 2
15
06
#5155
05
16
#5156
b01111000 #
b0111100010100000 (
b0111100010100000 )
b010010000 2
15
06
#5157
05
16
#5158
b10000000 #
b1000000010100000 (
b1000000010100000 )
b010010001 2
15
06
#5159
05
16
#5160
b10001000 #
b1000100010100000 (
b1000100010100000 )
b010010010 2
15
06
#5161
05
16
#5162
b10010000 #
b1001000010100000 (
b1001000010100000 )
b010010011 2
15
06
#5163
05
16
#5164
b10011000 #
b1001100010100000 (
b1001100010100000 )
b010010100 2
15
06
#5165
05
16
#5166
b10100000 #
b1010000010100000 (
b1010000010100000 )
b010010101 2
15
06
#5167
05
16
#5168
b10101000 #
b1010100010100000 (
b1010100010100000 )
b010010110 2
15
06
#5169
05
16
#5170
b10110000 #
b1011000010100000 (
b1011000010100000 )
b010010111 2
15
06
#5171
05
16
#5172
b10111000 #
b1011100010100000 (
b1011100010100000 )
b010011000 2
15
06
#5173
05
16
#5174
b11000000 #
b1100000010100000 (
b1100000010100000 )
b010011001 2
15
06
#5175
05
16
#5176
b11001000 #
b1100100010100000 (
b1100100010100000 )
b010011010 2
15
06
#5177
05
16
#5178
b11010000 #
b1101000010100000 (
b1101000010100000 )
b010011011 2
15
06
#5179
05
16
#5180
b11011000 #
b1101100010100000 (
b1101100010100000 )
b010011100 2
15
06
#5181
05
16
#5182
b11100000 #
b1110000010100000 (
b1110000010100000 )
b010011101 2
15
06
#5183
05
16
#5184
b11101000 #
b1110100010100000 (
b1110100010100000 )
b010011110 2
15
06
#5185
05
16
#5186
b11110000 #
b1111000010100000 (
b1111000010100000 )
b010011111 2
15
06
#5187
05
16
#5188
b11111000 #
b1111100010100000 (
b1111100010100000 )
b010100000 2
15
06
#5189
05
16
#5190
b00000000 #
b0000000010100000 (
b0000000010100000 )
b010100001 2
15
06
#5191
05
16
#5192
b00001000 #
b0000100010100000 (
b0000100010100000 )
b010100010 2
15
06
#5193
05
16
#5194
b00010000 #
b0001000010100000 (
b0001000010100000 )
b010100011 2
15
06
#5195
05
16
#5196
b00011000 #
b0001100010100000 (
b0001100010100000 )
b010100100 2
15
06
#5197
05
16
#5198
b00100000 #
b0010000010100000 (
b0010000010100000 )
b010100101 2
15
06
#5199
05
16
#5200
b00101000 #
b0010100010100000 (
b0010100010100000 )
b010100110 2
15
06
#5201
05
16
#5202
b00110000 #
b0011000010100000 (
b0011000010100000 )
b010100111 2
15
06
#5203
05
16
#5204
b00111000 #
b0011100010100000 (
b0011100010100000 )
b010101000 2
15
06
#5205
05
16
#5206
b01000000 #
b0100000010100000 (
b0100000010100000 )
b010101001 2
15
06
#5207
05
16
#5208
b01001000 #
b0100100010100000 (
b0100100010100000 )
b010101010 2
15
06
#5209
05
16
#5210
b01010000 #
b0101000010100000 (
b0101000010100000 )
b010101011 2
15
06
#5211
05
16
#5212
b01011000 #
b0101100010100000 (
b0101100010100000 )
b010101100 2
15
06
#5213
05
16
#5214
b01100000 #
b0110000010100000 (
b0110000010100000 )
b010101101 2
15
06
#5215
05
16
#5216
b01101000 #
b0110100010100000 (
b0110100010100000 )
b010101110 2
15
06
#5217
05
16
#5218
b01110000 #
b0111000010100000 (
b0111000010100000 )
b010101111 2
15
06
#5219
05
16
#5220
b01111000 #
b0111100010100000 (
b0111100010100000 )
b010110000 2
15
06
#5221
05
16
#5222
b10000000 #
b1000000010100000 (
b1000000010100000 )
b010110001 2
15
06
#5223
05
16
#5224
b10001000 #
b1000100010100000 (
b1000100010100000 )
b010110010 2
15
06
#5225
05
16
#5226
b10010000 #
b1001000010100000 (
b1001000010100000 )
b010110011 2
15
06
#5227
05
16
#5228
b10011000 #
b1001100010100000 (
b1001100010100000 )
b010110100 2
15
06
#5229
05
16
#5230
b10100000 #
b1010000010100000 (
b1010000010100000 )
b010110101 2
15
06
#5231
05
16
#5232
b10101000 #
b1010100010100000 (
b1010100010100000 )
b010110110 2
15
06
#5233
05
16
#5234
b10110000 #
b1011000010100000 (
b1011000010100000 )
b010110111 2
15
06
#5235
05
16
#5236
b10111000 #
b1011100010100000 (
b1011100010100000 )
b010111000 2
15
06
#5237
05
16
#5238
b11000000 #
b1100000010100000 (
b1100000010100000 )
b010111001 2
15
06
#5239
05
16
#5240
b11001000 #
b1100100010100000 (
b1100100010100000 )
b010111010 2
15
06
#5241
05
16
#5242
b11010000 #
b1101000010100000 (
b1101000010100000 )
b010111011 2
15
06
#5243
05
16
#5244
b11011000 #
b1101100010100000 (
b1101100010100000 )
b010111100 2
15
06
#5245
05
16
#5246
b11100000 #
b1110000010100000 (
b1110000010100000 )
b010111101 2
15
06
#5247
05
16
#5248
b11101000 #
b1110100010100000 (
b1110100010100000 )
b010111110 2
15
06
#5249
05
16
#5250
b11110000 #
b1111000010100000 (
b1111000010100000 )
b010111111 2
15
06
#5251
05
16
#5252
b11111000 #
b1111100010100000 (
b1111100010100000 )
b011000000 2
15
06
#5253
05
16
#5254
b00000000 #
b0000000010100000 (
b0000000010100000 )
b011000001 2
15
06
#5255
05
16
#5256
b00001000 #
b0000100010100000 (
b0000100010100000 )
b011000010 2
15
06
#5257
05
16
#5258
b00010000 #
b0001000010100000 (
b0001000010100000 )
b011000011 2
15
06
#5259
05
16
#5260
b00011000 #
b0001100010100000 (
b0001100010100000 )
b011000100 2
15
06
#5261
05
16
#5262
b00100000 #
b0010000010100000 (
b0010000010100000 )
b011000101 2
15
06
#5263
05
16
#5264
b00101000 #
b0010100010100000 (
b0010100010100000 )
b011000110 2
15
06
#5265
05
16
#5266
b00110000 #
b0011000010100000 (
b0011000010100000 )
b011000111 2
15
06
#5267
05
16
#5268
b00111000 #
b0011100010100000 (
b0011100010100000 )
b011001000 2
15
06
#5269
05
16
#5270
b01000000 #
b0100000010100000 (
b0100000010100000 )
b011001001 2
15
06
#5271
05
16
#5272
b01001000 #
b0100100010100000 (
b0100100010100000 )
b011001010 2
15
06
#5273
05
16
#5274
b01010000 #
b0101000010100000 (
b0101000010100000 )
b011001011 2
15
06
#5275
05
16
#5276
b01011000 #
b0101100010100000 (
b0101100010100000 )
b011001100 2
15
06
#5277
05
16
#5278
b01100000 #
b0110000010100000 (
b0110000010100000 )
b011001101 2
15
06
#5279
05
16
#5280
b01101000 #
b0110100010100000 (
b0110100010100000 )
b011001110 2
15
06
#5281
05
16
#5282
b01110000 #
b0111000010100000 (
b0111000010100000 )
b011001111 2
15
06
#5283
05
16
#5284
b01111000 #
b0111100010100000 (
b0111100010100000 )
b011010000 2
15
06
#5285
05
16
#5286
b10000000 #
b1000000010100000 (
b1000000010100000 )
b011010001 2
15
06
#5287
05
16
#5288
b10001000 #
b1000100010100000 (
b1000100010100000 )
b011010010 2
15
06
#5289
05
16
#5290
b10010000 #
b1001000010100000 (
b1001000010100000 )
b011010011 2
15
06
#5291
05
16
#5292
b10011000 #
b1001100010100000 (
b1001100010100000 )
b011010100 2
15
06
#5293
05
16
#5294
b10100000 #
b1010000010100000 (
b1010000010100000 )
b011010101 2
15
06
#5295
05
16
#5296
b10101000 #
b1010100010100000 (
b1010100010100000 )
b011010110 2
15
06
#5297
05
16
#5298
b10110000 #
b1011000010100000 (
b1011000010100000 )
b011010111 2
15
06
#5299
05
16
#5300
b10111000 #
b1011100010100000 (
b1011100010100000 )
b011011000 2
15
06
#5301
05
16
#5302
b11000000 #
b1100000010100000 (
b1100000010100000 )
b011011001 2
15
06
#5303
05
16
#5304
b11001000 #
b1100100010100000 (
b1100100010100000 )
b011011010 2
15
06
#5305
05
16
#5306
b11010000 #
b1101000010100000 (
b1101000010100000 )
b011011011 2
15
06
#5307
05
16
#5308
b11011000 #
b1101100010100000 (
b1101100010100000 )
b011011100 2
15
06
#5309
05
16
#5310
b11100000 #
b1110000010100000 (
b1110000010100000 )
b011011101 2
15
06
#5311
05
16
#5312
b11101000 #
b1110100010100000 (
b1110100010100000 )
b011011110 2
15
06
#5313
05
16
#5314
b11110000 #
b1111000010100000 (
b1111000010100000 )
b011011111 2
15
06
#5315
05
16
#5316
b11111000 #
b1111100010100000 (
b1111100010100000 )
b011100000 2
15
06
#5317
05
16
#5318
b00000000 #
b0000000010100000 (
b0000000010100000 )
b011100001 2
15
06
#5319
05
16
#5320
b00001000 #
b0000100010100000 (
b0000100010100000 )
b011100010 2
15
06
#5321
05
16
#5322
b00010000 #
b0001000010100000 (
b0001000010100000 )
b011100011 2
15
06
#5323
05
16
#5324
b00011000 #
b0001100010100000 (
b0001100010100000 )
b011100100 2
15
06
#5325
05
16
#5326
b00100000 #
b0010000010100000 (
b0010000010100000 )
b011100101 2
15
06
#5327
05
16
#5328
b00101000 #
b0010100010100000 (
b0010100010100000 )
b011100110 2
15
06
#5329
05
16
#5330
b00110000 #
b0011000010100000 (
b0011000010100000 )
b011100111 2
15
06
#5331
05
16
#5332
b00111000 #
b0011100010100000 (
b0011100010100000 )
b011101000 2
15
06
#5333
05
16
#5334
b01000000 #
b0100000010100000 (
b0100000010100000 )
b011101001 2
15
06
#5335
05
16
#5336
b01001000 #
b0100100010100000 (
b0100100010100000 )
b011101010 2
15
06
#5337
05
16
#5338
b01010000 #
b0101000010100000 (
b0101000010100000 )
b011101011 2
15
06
#5339
05
16
#5340
b01011000 #
b0101100010100000 (
b0101100010100000 )
b011101100 2
15
06
#5341
05
16
#5342
b01100000 #
b0110000010100000 (
b0110000010100000 )
b011101101 2
15
06
#5343
05
16
#5344
b01101000 #
b0110100010100000 (
b0110100010100000 )
b011101110 2
15
06
#5345
05
16
#5346
b01110000 #
b0111000010100000 (
b0111000010100000 )
b011101111 2
15
06
#5347
05
16
#5348
b01111000 #
b0111100010100000 (
b0111100010100000 )
b011110000 2
15
06
#5349
05
16
#5350
b10000000 #
b1000000010100000 (
b1000000010100000 )
b011110001 2
15
06
#5351
05
16
#5352
b10001000 #
b1000100010100000 (
b1000100010100000 )
b011110010 2
15
06
#5353
05
16
#5354
b10010000 #
b1001000010100000 (
b1001000010100000 )
b011110011 2
15
06
#5355
05
16
#5356
b10011000 #
b1001100010100000 (
b1001100010100000 )
b011110100 2
15
06
#5357
05
16
#5358
b10100000 #
b1010000010100000 (
b1010000010100000 )
b011110101 2
15
06
#5359
05
16
#5360
b10101000 #
b1010100010100000 (
b1010100010100000 )
b011110110 2
15
06
#5361
05
16
#5362
b10110000 #
b1011000010100000 (
b1011000010100000 )
b011110111 2
15
06
#5363
05
16
#5364
b10111000 #
b1011100010100000 (
b1011100010100000 )
b011111000 2
15
06
#5365
05
16
#5366
b11000000 #
b1100000010100000 (
b1100000010100000 )
b011111001 2
15
06
#5367
05
16
#5368
b11001000 #
b1100100010100000 (
b1100100010100000 )
b011111010 2
15
06
#5369
05
16
#5370
b11010000 #
b1101000010100000 (
b1101000010100000 )
b011111011 2
15
06
#5371
05
16
#5372
b11011000 #
b1101100010100000 (
b1101100010100000 )
b011111100 2
15
06
#5373
05
16
#5374
b11100000 #
b1110000010100000 (
b1110000010100000 )
b011111101 2
15
06
#5375
05
16
#5376
b11101000 #
b1110100010100000 (
b1110100010100000 )
b011111110 2
15
06
#5377
05
16
#5378
b11110000 #
b1111000010100000 (
b1111000010100000 )
b011111111 2
15
06
#5379
05
16
#5380
b11111000 #
b1111100010100000 (
b1111100010100000 )
b100000000 2
15
06
#5381
05
16
#5382
b00000000 #
b0000000010100000 (
b0000000010100000 )
b100000001 2
15
06
#5383
05
16
#5384
b00001000 #
b0000100010100000 (
b0000100010100000 )
b100000010 2
15
06
#5385
05
16
#5386
b00010000 #
b0001000010100000 (
b0001000010100000 )
b100000011 2
15
06
#5387
05
16
#5388
b00011000 #
b0001100010100000 (
b0001100010100000 )
b100000100 2
15
06
#5389
05
16
#5390
b00100000 #
b0010000010100000 (
b0010000010100000 )
b100000101 2
15
06
#5391
05
16
#5392
b00101000 #
b0010100010100000 (
b0010100010100000 )
b100000110 2
15
06
#5393
05
16
#5394
b00110000 #
b0011000010100000 (
b0011000010100000 )
b100000111 2
15
06
#5395
05
16
#5396
b00111000 #
b0011100010100000 (
b0011100010100000 )
b100001000 2
15
06
#5397
05
16
#5398
b01000000 #
b0100000010100000 (
b0100000010100000 )
b100001001 2
15
06
#5399
05
16
#5400
b01001000 #
b0100100010100000 (
b0100100010100000 )
b100001010 2
15
06
#5401
05
16
#5402
b01010000 #
b0101000010100000 (
b0101000010100000 )
b100001011 2
15
06
#5403
05
16
#5404
b01011000 #
b0101100010100000 (
b0101100010100000 )
b100001100 2
15
06
#5405
05
16
#5406
b01100000 #
b0110000010100000 (
b0110000010100000 )
b100001101 2
15
06
#5407
05
16
#5408
b01101000 #
b0110100010100000 (
b0110100010100000 )
b100001110 2
15
06
#5409
05
16
#5410
b01110000 #
b0111000010100000 (
b0111000010100000 )
b100001111 2
15
06
#5411
05
16
#5412
b01111000 #
b0111100010100000 (
b0111100010100000 )
b100010000 2
15
06
#5413
05
16
#5414
b10000000 #
b1000000010100000 (
b1000000010100000 )
b100010001 2
15
06
#5415
05
16
#5416
b10001000 #
b1000100010100000 (
b1000100010100000 )
b100010010 2
15
06
#5417
05
16
#5418
b10010000 #
b1001000010100000 (
b1001000010100000 )
b100010011 2
15
06
#5419
05
16
#5420
b10011000 #
b1001100010100000 (
b1001100010100000 )
b100010100 2
15
06
#5421
05
16
#5422
b10100000 #
b1010000010100000 (
b1010000010100000 )
b100010101 2
15
06
#5423
05
16
#5424
b10101000 #
b1010100010100000 (
b1010100010100000 )
b100010110 2
15
06
#5425
05
16
#5426
b10110000 #
b1011000010100000 (
b1011000010100000 )
b100010111 2
15
06
#5427
05
16
#5428
b10111000 #
b1011100010100000 (
b1011100010100000 )
b100011000 2
15
06
#5429
05
16
#5430
b11000000 #
b1100000010100000 (
b1100000010100000 )
b100011001 2
15
06
#5431
05
16
#5432
b11001000 #
b1100100010100000 (
b1100100010100000 )
b100011010 2
15
06
#5433
05
16
#5434
b11010000 #
b1101000010100000 (
b1101000010100000 )
b100011011 2
15
06
#5435
05
16
#5436
b11011000 #
b1101100010100000 (
b1101100010100000 )
b100011100 2
15
06
#5437
05
16
#5438
b11100000 #
b1110000010100000 (
b1110000010100000 )
b100011101 2
15
06
#5439
05
16
#5440
b11101000 #
b1110100010100000 (
b1110100010100000 )
b100011110 2
15
06
#5441
05
16
#5442
b11110000 #
b1111000010100000 (
b1111000010100000 )
b100011111 2
15
06
#5443
05
16
#5444
b11111000 #
b1111100010100000 (
b1111100010100000 )
b100100000 2
15
06
#5445
05
16
#5446
b00000000 #
b0000000010100000 (
b0000000010100000 )
b100100001 2
15
06
#5447
05
16
#5448
b00001000 #
b0000100010100000 (
b0000100010100000 )
b100100010 2
15
06
#5449
05
16
#5450
b00010000 #
b0001000010100000 (
b0001000010100000 )
b100100011 2
15
06
#5451
05
16
#5452
b00011000 #
b0001100010100000 (
b0001100010100000 )
b100100100 2
15
06
#5453
05
16
#5454
b00100000 #
b0010000010100000 (
b0010000010100000 )
b100100101 2
15
06
#5455
05
16
#5456
b00101000 #
b0010100010100000 (
b0010100010100000 )
b100100110 2
15
06
#5457
05
16
#5458
b00110000 #
b0011000010100000 (
b0011000010100000 )
b100100111 2
15
06
#5459
05
16
#5460
b00111000 #
b0011100010100000 (
b0011100010100000 )
b100101000 2
15
06
#5461
05
16
#5462
b01000000 #
b0100000010100000 (
b0100000010100000 )
b100101001 2
15
06
#5463
05
16
#5464
b01001000 #
b0100100010100000 (
b0100100010100000 )
b100101010 2
15
06
#5465
05
16
#5466
b01010000 #
b0101000010100000 (
b0101000010100000 )
b100101011 2
15
06
#5467
05
16
#5468
b01011000 #
b0101100010100000 (
b0101100010100000 )
b100101100 2
15
06
#5469
05
16
#5470
b01100000 #
b0110000010100000 (
b0110000010100000 )
b100101101 2
15
06
#5471
05
16
#5472
b01101000 #
b0110100010100000 (
b0110100010100000 )
b100101110 2
15
06
#5473
05
16
#5474
b01110000 #
b0111000010100000 (
b0111000010100000 )
b100101111 2
15
06
#5475
05
16
#5476
b01111000 #
b0111100010100000 (
b0111100010100000 )
b100110000 2
15
06
#5477
05
16
#5478
b10000000 #
b1000000010100000 (
b1000000010100000 )
b100110001 2
15
06
#5479
05
16
#5480
b10001000 #
b1000100010100000 (
b1000100010100000 )
b100110010 2
15
06
#5481
05
16
#5482
b10010000 #
b1001000010100000 (
b1001000010100000 )
b100110011 2
15
06
#5483
05
16
#5484
b10011000 #
b1001100010100000 (
b1001100010100000 )
b100110100 2
15
06
#5485
05
16
#5486
b10100000 #
b1010000010100000 (
b1010000010100000 )
b100110101 2
15
06
#5487
05
16
#5488
b10101000 #
b1010100010100000 (
b1010100010100000 )
b100110110 2
15
06
#5489
05
16
#5490
b10110000 #
b1011000010100000 (
b1011000010100000 )
b100110111 2
15
06
#5491
05
16
#5492
b10111000 #
b1011100010100000 (
b1011100010100000 )
b100111000 2
15
06
#5493
05
16
#5494
b11000000 #
b1100000010100000 (
b1100000010100000 )
b100111001 2
15
06
#5495
05
16
#5496
b11001000 #
b1100100010100000 (
b1100100010100000 )
b100111010 2
15
06
#5497
05
16
#5498
b11010000 #
b1101000010100000 (
b1101000010100000 )
b100111011 2
15
06
#5499
05
16
#5500
b11011000 #
b1101100010100000 (
b1101100010100000 )
b100111100 2
15
06
#5501
05
16
#5502
b11100000 #
b1110000010100000 (
b1110000010100000 )
b100111101 2
15
06
#5503
05
16
#5504
b11101000 #
b1110100010100000 (
b1110100010100000 )
b100111110 2
15
06
#5505
05
16
#5506
b11110000 #
b1111000010100000 (
b1111000010100000 )
b100111111 2
15
06
#5507
05
16
#5508
b11111000 #
b1111100010100000 (
b1111100010100000 )
b000000000 2
b00000110 3
15
06
#5509
05
16
#5510
b00000000 #
b11000000 $
b0000000011000000 (
b0000000011000000 )
b000000001 2
15
06
#5511
05
16
#5512
b00001000 #
b0000100011000000 (
b0000100011000000 )
b000000010 2
15
06
#5513
05
16
#5514
b00010000 #
b0001000011000000 (
b0001000011000000 )
b000000011 2
15
06
#5515
05
16
#5516
b00011000 #
b0001100011000000 (
b0001100011000000 )
b000000100 2
15
06
#5517
05
16
#5518
b00100000 #
b0010000011000000 (
b0010000011000000 )
b000000101 2
15
06
#5519
05
16
#5520
b00101000 #
b0010100011000000 (
b0010100011000000 )
b000000110 2
15
06
#5521
05
16
#5522
b00110000 #
b0011000011000000 (
b0011000011000000 )
b000000111 2
15
06
#5523
05
16
#5524
b00111000 #
b0011100011000000 (
b0011100011000000 )
b000001000 2
15
06
#5525
05
16
#5526
b01000000 #
b0100000011000000 (
b0100000011000000 )
b000001001 2
15
06
#5527
05
16
#5528
b01001000 #
b0100100011000000 (
b0100100011000000 )
b000001010 2
15
06
#5529
05
16
#5530
b01010000 #
b0101000011000000 (
b0101000011000000 )
b000001011 2
15
06
#5531
05
16
#5532
b01011000 #
b0101100011000000 (
b0101100011000000 )
b000001100 2
15
06
#5533
05
16
#5534
b01100000 #
b0110000011000000 (
b0110000011000000 )
b000001101 2
15
06
#5535
05
16
#5536
b01101000 #
b0110100011000000 (
b0110100011000000 )
b000001110 2
15
06
#5537
05
16
#5538
b01110000 #
b0111000011000000 (
b0111000011000000 )
b000001111 2
15
06
#5539
05
16
#5540
b01111000 #
b0111100011000000 (
b0111100011000000 )
b000010000 2
15
06
#5541
05
16
#5542
b10000000 #
b1000000011000000 (
b1000000011000000 )
b000010001 2
15
06
#5543
05
16
#5544
b10001000 #
b1000100011000000 (
b1000100011000000 )
b000010010 2
15
06
#5545
05
16
#5546
b10010000 #
b1001000011000000 (
b1001000011000000 )
b000010011 2
15
06
#5547
05
16
#5548
b10011000 #
b1001100011000000 (
b1001100011000000 )
b000010100 2
15
06
#5549
05
16
#5550
b10100000 #
b1010000011000000 (
b1010000011000000 )
b000010101 2
15
06
#5551
05
16
#5552
b10101000 #
b1010100011000000 (
b1010100011000000 )
b000010110 2
15
06
#5553
05
16
#5554
b10110000 #
b1011000011000000 (
b1011000011000000 )
b000010111 2
15
06
#5555
05
16
#5556
b10111000 #
b1011100011000000 (
b1011100011000000 )
b000011000 2
15
06
#5557
05
16
#5558
b11000000 #
b1100000011000000 (
b1100000011000000 )
b000011001 2
15
06
#5559
05
16
#5560
b11001000 #
b1100100011000000 (
b1100100011000000 )
b000011010 2
15
06
#5561
05
16
#5562
b11010000 #
b1101000011000000 (
b1101000011000000 )
b000011011 2
15
06
#5563
05
16
#5564
b11011000 #
b1101100011000000 (
b1101100011000000 )
b000011100 2
15
06
#5565
05
16
#5566
b11100000 #
b1110000011000000 (
b1110000011000000 )
b000011101 2
15
06
#5567
05
16
#5568
b11101000 #
b1110100011000000 (
b1110100011000000 )
b000011110 2
15
06
#5569
05
16
#5570
b11110000 #
b1111000011000000 (
b1111000011000000 )
b000011111 2
15
06
#5571
05
16
#5572
b11111000 #
b1111100011000000 (
b1111100011000000 )
b000100000 2
15
06
#5573
05
16
#5574
b00000000 #
b0000000011000000 (
b0000000011000000 )
b000100001 2
15
06
#5575
05
16
#5576
b00001000 #
b0000100011000000 (
b0000100011000000 )
b000100010 2
15
06
#5577
05
16
#5578
b00010000 #
b0001000011000000 (
b0001000011000000 )
b000100011 2
15
06
#5579
05
16
#5580
b00011000 #
b0001100011000000 (
b0001100011000000 )
b000100100 2
15
06
#5581
05
16
#5582
b00100000 #
b0010000011000000 (
b0010000011000000 )
b000100101 2
15
06
#5583
05
16
#5584
b00101000 #
b0010100011000000 (
b0010100011000000 )
b000100110 2
15
06
#5585
05
16
#5586
b00110000 #
b0011000011000000 (
b0011000011000000 )
b000100111 2
15
06
#5587
05
16
#5588
b00111000 #
b0011100011000000 (
b0011100011000000 )
b000101000 2
15
06
#5589
05
16
#5590
b01000000 #
b0100000011000000 (
b0100000011000000 )
b000101001 2
15
06
#5591
05
16
#5592
b01001000 #
b0100100011000000 (
b0100100011000000 )
b000101010 2
15
06
#5593
05
16
#5594
b01010000 #
b0101000011000000 (
b0101000011000000 )
b000101011 2
15
06
#5595
05
16
#5596
b01011000 #
b0101100011000000 (
b0101100011000000 )
b000101100 2
15
06
#5597
05
16
#5598
b01100000 #
b0110000011000000 (
b0110000011000000 )
b000101101 2
15
06
#5599
05
16
#5600
b01101000 #
b0110100011000000 (
b0110100011000000 )
b000101110 2
15
06
#5601
05
16
#5602
b01110000 #
b0111000011000000 (
b0111000011000000 )
b000101111 2
15
06
#5603
05
16
#5604
b01111000 #
b0111100011000000 (
b0111100011000000 )
b000110000 2
15
06
#5605
05
16
#5606
b10000000 #
b1000000011000000 (
b1000000011000000 )
b000110001 2
15
06
#5607
05
16
#5608
b10001000 #
b1000100011000000 (
b1000100011000000 )
b000110010 2
15
06
#5609
05
16
#5610
b10010000 #
b1001000011000000 (
b1001000011000000 )
b000110011 2
15
06
#5611
05
16
#5612
b10011000 #
b1001100011000000 (
b1001100011000000 )
b000110100 2
15
06
#5613
05
16
#5614
b10100000 #
b1010000011000000 (
b1010000011000000 )
b000110101 2
15
06
#5615
05
16
#5616
b10101000 #
b1010100011000000 (
b1010100011000000 )
b000110110 2
15
06
#5617
05
16
#5618
b10110000 #
b1011000011000000 (
b1011000011000000 )
b000110111 2
15
06
#5619
05
16
#5620
b10111000 #
b1011100011000000 (
b1011100011000000 )
b000111000 2
15
06
#5621
05
16
#5622
b11000000 #
b1100000011000000 (
b1100000011000000 )
b000111001 2
15
06
#5623
05
16
#5624
b11001000 #
b1100100011000000 (
b1100100011000000 )
b000111010 2
15
06
#5625
05
16
#5626
b11010000 #
b1101000011000000 (
b1101000011000000 )
b000111011 2
15
06
#5627
05
16
#5628
b11011000 #
b1101100011000000 (
b1101100011000000 )
b000111100 2
15
06
#5629
05
16
#5630
b11100000 #
b1110000011000000 (
b1110000011000000 )
b000111101 2
15
06
#5631
05
16
#5632
b11101000 #
b1110100011000000 (
b1110100011000000 )
b000111110 2
15
06
#5633
05
16
#5634
b11110000 #
b1111000011000000 (
b1111000011000000 )
b000111111 2
15
06
#5635
05
16
#5636
b11111000 #
b1111100011000000 (
b1111100011000000 )
b001000000 2
15
06
#5637
05
16
#5638
b00000000 #
b0000000011000000 (
b0000000011000000 )
b001000001 2
15
06
#5639
05
16
#5640
b00001000 #
b0000100011000000 (
b0000100011000000 )
b001000010 2
15
06
#5641
05
16
#5642
b00010000 #
b0001000011000000 (
b0001000011000000 )
b001000011 2
15
06
#5643
05
16
#5644
b00011000 #
b0001100011000000 (
b0001100011000000 )
b001000100 2
15
06
#5645
05
16
#5646
b00100000 #
b0010000011000000 (
b0010000011000000 )
b001000101 2
15
06
#5647
05
16
#5648
b00101000 #
b0010100011000000 (
b0010100011000000 )
b001000110 2
15
06
#5649
05
16
#5650
b00110000 #
b0011000011000000 (
b0011000011000000 )
b001000111 2
15
06
#5651
05
16
#5652
b00111000 #
b0011100011000000 (
b0011100011000000 )
b001001000 2
15
06
#5653
05
16
#5654
b01000000 #
b0100000011000000 (
b0100000011000000 )
b001001001 2
15
06
#5655
05
16
#5656
b01001000 #
b0100100011000000 (
b0100100011000000 )
b001001010 2
15
06
#5657
05
16
#5658
b01010000 #
b0101000011000000 (
b0101000011000000 )
b001001011 2
15
06
#5659
05
16
#5660
b01011000 #
b0101100011000000 (
b0101100011000000 )
b001001100 2
15
06
#5661
05
16
#5662
b01100000 #
b0110000011000000 (
b0110000011000000 )
b001001101 2
15
06
#5663
05
16
#5664
b01101000 #
b0110100011000000 (
b0110100011000000 )
b001001110 2
15
06
#5665
05
16
#5666
b01110000 #
b0111000011000000 (
b0111000011000000 )
b001001111 2
15
06
#5667
05
16
#5668
b01111000 #
b0111100011000000 (
b0111100011000000 )
b001010000 2
15
06
#5669
05
16
#5670
b10000000 #
b1000000011000000 (
b1000000011000000 )
b001010001 2
15
06
#5671
05
16
#5672
b10001000 #
b1000100011000000 (
b1000100011000000 )
b001010010 2
15
06
#5673
05
16
#5674
b10010000 #
b1001000011000000 (
b1001000011000000 )
b001010011 2
15
06
#5675
05
16
#5676
b10011000 #
b1001100011000000 (
b1001100011000000 )
b001010100 2
15
06
#5677
05
16
#5678
b10100000 #
b1010000011000000 (
b1010000011000000 )
b001010101 2
15
06
#5679
05
16
#5680
b10101000 #
b1010100011000000 (
b1010100011000000 )
b001010110 2
15
06
#5681
05
16
#5682
b10110000 #
b1011000011000000 (
b1011000011000000 )
b001010111 2
15
06
#5683
05
16
#5684
b10111000 #
b1011100011000000 (
b1011100011000000 )
b001011000 2
15
06
#5685
05
16
#5686
b11000000 #
b1100000011000000 (
b1100000011000000 )
b001011001 2
15
06
#5687
05
16
#5688
b11001000 #
b1100100011000000 (
b1100100011000000 )
b001011010 2
15
06
#5689
05
16
#5690
b11010000 #
b1101000011000000 (
b1101000011000000 )
b001011011 2
15
06
#5691
05
16
#5692
b11011000 #
b1101100011000000 (
b1101100011000000 )
b001011100 2
15
06
#5693
05
16
#5694
b11100000 #
b1110000011000000 (
b1110000011000000 )
b001011101 2
15
06
#5695
05
16
#5696
b11101000 #
b1110100011000000 (
b1110100011000000 )
b001011110 2
15
06
#5697
05
16
#5698
b11110000 #
b1111000011000000 (
b1111000011000000 )
b001011111 2
15
06
#5699
05
16
#5700
b11111000 #
b1111100011000000 (
b1111100011000000 )
b001100000 2
15
06
#5701
05
16
#5702
b00000000 #
b0000000011000000 (
b0000000011000000 )
b001100001 2
15
06
#5703
05
16
#5704
b00001000 #
b0000100011000000 (
b0000100011000000 )
b001100010 2
15
06
#5705
05
16
#5706
b00010000 #
b0001000011000000 (
b0001000011000000 )
b001100011 2
15
06
#5707
05
16
#5708
b00011000 #
b0001100011000000 (
b0001100011000000 )
b001100100 2
15
06
#5709
05
16
#5710
b00100000 #
b0010000011000000 (
b0010000011000000 )
b001100101 2
15
06
#5711
05
16
#5712
b00101000 #
b0010100011000000 (
b0010100011000000 )
b001100110 2
15
06
#5713
05
16
#5714
b00110000 #
b0011000011000000 (
b0011000011000000 )
b001100111 2
15
06
#5715
05
16
#5716
b00111000 #
b0011100011000000 (
b0011100011000000 )
b001101000 2
15
06
#5717
05
16
#5718
b01000000 #
b0100000011000000 (
b0100000011000000 )
b001101001 2
15
06
#5719
05
16
#5720
b01001000 #
b0100100011000000 (
b0100100011000000 )
b001101010 2
15
06
#5721
05
16
#5722
b01010000 #
b0101000011000000 (
b0101000011000000 )
b001101011 2
15
06
#5723
05
16
#5724
b01011000 #
b0101100011000000 (
b0101100011000000 )
b001101100 2
15
06
#5725
05
16
#5726
b01100000 #
b0110000011000000 (
b0110000011000000 )
b001101101 2
15
06
#5727
05
16
#5728
b01101000 #
b0110100011000000 (
b0110100011000000 )
b001101110 2
15
06
#5729
05
16
#5730
b01110000 #
b0111000011000000 (
b0111000011000000 )
b001101111 2
15
06
#5731
05
16
#5732
b01111000 #
b0111100011000000 (
b0111100011000000 )
b001110000 2
15
06
#5733
05
16
#5734
b10000000 #
b1000000011000000 (
b1000000011000000 )
b001110001 2
15
06
#5735
05
16
#5736
b10001000 #
b1000100011000000 (
b1000100011000000 )
b001110010 2
15
06
#5737
05
16
#5738
b10010000 #
b1001000011000000 (
b1001000011000000 )
b001110011 2
15
06
#5739
05
16
#5740
b10011000 #
b1001100011000000 (
b1001100011000000 )
b001110100 2
15
06
#5741
05
16
#5742
b10100000 #
b1010000011000000 (
b1010000011000000 )
b001110101 2
15
06
#5743
05
16
#5744
b10101000 #
b1010100011000000 (
b1010100011000000 )
b001110110 2
15
06
#5745
05
16
#5746
b10110000 #
b1011000011000000 (
b1011000011000000 )
b001110111 2
15
06
#5747
05
16
#5748
b10111000 #
b1011100011000000 (
b1011100011000000 )
b001111000 2
15
06
#5749
05
16
#5750
b11000000 #
b1100000011000000 (
b1100000011000000 )
b001111001 2
15
06
#5751
05
16
#5752
b11001000 #
b1100100011000000 (
b1100100011000000 )
b001111010 2
15
06
#5753
05
16
#5754
b11010000 #
b1101000011000000 (
b1101000011000000 )
b001111011 2
15
06
#5755
05
16
#5756
b11011000 #
b1101100011000000 (
b1101100011000000 )
b001111100 2
15
06
#5757
05
16
#5758
b11100000 #
b1110000011000000 (
b1110000011000000 )
b001111101 2
15
06
#5759
05
16
#5760
b11101000 #
b1110100011000000 (
b1110100011000000 )
b001111110 2
15
06
#5761
05
16
#5762
b11110000 #
b1111000011000000 (
b1111000011000000 )
b001111111 2
15
06
#5763
05
16
#5764
b11111000 #
b1111100011000000 (
b1111100011000000 )
b010000000 2
15
06
#5765
05
16
#5766
b00000000 #
b0000000011000000 (
b0000000011000000 )
b010000001 2
15
06
#5767
05
16
#5768
b00001000 #
b0000100011000000 (
b0000100011000000 )
b010000010 2
15
06
#5769
05
16
#5770
b00010000 #
b0001000011000000 (
b0001000011000000 )
b010000011 2
15
06
#5771
05
16
#5772
b00011000 #
b0001100011000000 (
b0001100011000000 )
b010000100 2
15
06
#5773
05
16
#5774
b00100000 #
b0010000011000000 (
b0010000011000000 )
b010000101 2
15
06
#5775
05
16
#5776
b00101000 #
b0010100011000000 (
b0010100011000000 )
b010000110 2
15
06
#5777
05
16
#5778
b00110000 #
b0011000011000000 (
b0011000011000000 )
b010000111 2
15
06
#5779
05
16
#5780
b00111000 #
b0011100011000000 (
b0011100011000000 )
b010001000 2
15
06
#5781
05
16
#5782
b01000000 #
b0100000011000000 (
b0100000011000000 )
b010001001 2
15
06
#5783
05
16
#5784
b01001000 #
b0100100011000000 (
b0100100011000000 )
b010001010 2
15
06
#5785
05
16
#5786
b01010000 #
b0101000011000000 (
b0101000011000000 )
b010001011 2
15
06
#5787
05
16
#5788
b01011000 #
b0101100011000000 (
b0101100011000000 )
b010001100 2
15
06
#5789
05
16
#5790
b01100000 #
b0110000011000000 (
b0110000011000000 )
b010001101 2
15
06
#5791
05
16
#5792
b01101000 #
b0110100011000000 (
b0110100011000000 )
b010001110 2
15
06
#5793
05
16
#5794
b01110000 #
b0111000011000000 (
b0111000011000000 )
b010001111 2
15
06
#5795
05
16
#5796
b01111000 #
b0111100011000000 (
b0111100011000000 )
b010010000 2
15
06
#5797
05
16
#5798
b10000000 #
b1000000011000000 (
b1000000011000000 )
b010010001 2
15
06
#5799
05
16
#5800
b10001000 #
b1000100011000000 (
b1000100011000000 )
b010010010 2
15
06
#5801
05
16
#5802
b10010000 #
b1001000011000000 (
b1001000011000000 )
b010010011 2
15
06
#5803
05
16
#5804
b10011000 #
b1001100011000000 (
b1001100011000000 )
b010010100 2
15
06
#5805
05
16
#5806
b10100000 #
b1010000011000000 (
b1010000011000000 )
b010010101 2
15
06
#5807
05
16
#5808
b10101000 #
b1010100011000000 (
b1010100011000000 )
b010010110 2
15
06
#5809
05
16
#5810
b10110000 #
b1011000011000000 (
b1011000011000000 )
b010010111 2
15
06
#5811
05
16
#5812
b10111000 #
b1011100011000000 (
b1011100011000000 )
b010011000 2
15
06
#5813
05
16
#5814
b11000000 #
b1100000011000000 (
b1100000011000000 )
b010011001 2
15
06
#5815
05
16
#5816
b11001000 #
b1100100011000000 (
b1100100011000000 )
b010011010 2
15
06
#5817
05
16
#5818
b11010000 #
b1101000011000000 (
b1101000011000000 )
b010011011 2
15
06
#5819
05
16
#5820
b11011000 #
b1101100011000000 (
b1101100011000000 )
b010011100 2
15
06
#5821
05
16
#5822
b11100000 #
b1110000011000000 (
b1110000011000000 )
b010011101 2
15
06
#5823
05
16
#5824
b11101000 #
b1110100011000000 (
b1110100011000000 )
b010011110 2
15
06
#5825
05
16
#5826
b11110000 #
b1111000011000000 (
b1111000011000000 )
b010011111 2
15
06
#5827
05
16
#5828
b11111000 #
b1111100011000000 (
b1111100011000000 )
b010100000 2
15
06
#5829
05
16
#5830
b00000000 #
b0000000011000000 (
b0000000011000000 )
b010100001 2
15
06
#5831
05
16
#5832
b00001000 #
b0000100011000000 (
b0000100011000000 )
b010100010 2
15
06
#5833
05
16
#5834
b00010000 #
b0001000011000000 (
b0001000011000000 )
b010100011 2
15
06
#5835
05
16
#5836
b00011000 #
b0001100011000000 (
b0001100011000000 )
b010100100 2
15
06
#5837
05
16
#5838
b00100000 #
b0010000011000000 (
b0010000011000000 )
b010100101 2
15
06
#5839
05
16
#5840
b00101000 #
b0010100011000000 (
b0010100011000000 )
b010100110 2
15
06
#5841
05
16
#5842
b00110000 #
b0011000011000000 (
b0011000011000000 )
b010100111 2
15
06
#5843
05
16
#5844
b00111000 #
b0011100011000000 (
b0011100011000000 )
b010101000 2
15
06
#5845
05
16
#5846
b01000000 #
b0100000011000000 (
b0100000011000000 )
b010101001 2
15
06
#5847
05
16
#5848
b01001000 #
b0100100011000000 (
b0100100011000000 )
b010101010 2
15
06
#5849
05
16
#5850
b01010000 #
b0101000011000000 (
b0101000011000000 )
b010101011 2
15
06
#5851
05
16
#5852
b01011000 #
b0101100011000000 (
b0101100011000000 )
b010101100 2
15
06
#5853
05
16
#5854
b01100000 #
b0110000011000000 (
b0110000011000000 )
b010101101 2
15
06
#5855
05
16
#5856
b01101000 #
b0110100011000000 (
b0110100011000000 )
b010101110 2
15
06
#5857
05
16
#5858
b01110000 #
b0111000011000000 (
b0111000011000000 )
b010101111 2
15
06
#5859
05
16
#5860
b01111000 #
b0111100011000000 (
b0111100011000000 )
b010110000 2
15
06
#5861
05
16
#5862
b10000000 #
b1000000011000000 (
b1000000011000000 )
b010110001 2
15
06
#5863
05
16
#5864
b10001000 #
b1000100011000000 (
b1000100011000000 )
b010110010 2
15
06
#5865
05
16
#5866
b10010000 #
b1001000011000000 (
b1001000011000000 )
b010110011 2
15
06
#5867
05
16
#5868
b10011000 #
b1001100011000000 (
b1001100011000000 )
b010110100 2
15
06
#5869
05
16
#5870
b10100000 #
b1010000011000000 (
b1010000011000000 )
b010110101 2
15
06
#5871
05
16
#5872
b10101000 #
b1010100011000000 (
b1010100011000000 )
b010110110 2
15
06
#5873
05
16
#5874
b10110000 #
b1011000011000000 (
b1011000011000000 )
b010110111 2
15
06
#5875
05
16
#5876
b10111000 #
b1011100011000000 (
b1011100011000000 )
b010111000 2
15
06
#5877
05
16
#5878
b11000000 #
b1100000011000000 (
b1100000011000000 )
b010111001 2
15
06
#5879
05
16
#5880
b11001000 #
b1100100011000000 (
b1100100011000000 )
b010111010 2
15
06
#5881
05
16
#5882
b11010000 #
b1101000011000000 (
b1101000011000000 )
b010111011 2
15
06
#5883
05
16
#5884
b11011000 #
b1101100011000000 (
b1101100011000000 )
b010111100 2
15
06
#5885
05
16
#5886
b11100000 #
b1110000011000000 (
b1110000011000000 )
b010111101 2
15
06
#5887
05
16
#5888
b11101000 #
b1110100011000000 (
b1110100011000000 )
b010111110 2
15
06
#5889
05
16
#5890
b11110000 #
b1111000011000000 (
b1111000011000000 )
b010111111 2
15
06
#5891
05
16
#5892
b11111000 #
b1111100011000000 (
b1111100011000000 )
b011000000 2
15
06
#5893
05
16
#5894
b00000000 #
b0000000011000000 (
b0000000011000000 )
b011000001 2
15
06
#5895
05
16
#5896
b00001000 #
b0000100011000000 (
b0000100011000000 )
b011000010 2
15
06
#5897
05
16
#5898
b00010000 #
b0001000011000000 (
b0001000011000000 )
b011000011 2
15
06
#5899
05
16
#5900
b00011000 #
b0001100011000000 (
b0001100011000000 )
b011000100 2
15
06
#5901
05
16
#5902
b00100000 #
b0010000011000000 (
b0010000011000000 )
b011000101 2
15
06
#5903
05
16
#5904
b00101000 #
b0010100011000000 (
b0010100011000000 )
b011000110 2
15
06
#5905
05
16
#5906
b00110000 #
b0011000011000000 (
b0011000011000000 )
b011000111 2
15
06
#5907
05
16
#5908
b00111000 #
b0011100011000000 (
b0011100011000000 )
b011001000 2
15
06
#5909
05
16
#5910
b01000000 #
b0100000011000000 (
b0100000011000000 )
b011001001 2
15
06
#5911
05
16
#5912
b01001000 #
b0100100011000000 (
b0100100011000000 )
b011001010 2
15
06
#5913
05
16
#5914
b01010000 #
b0101000011000000 (
b0101000011000000 )
b011001011 2
15
06
#5915
05
16
#5916
b01011000 #
b0101100011000000 (
b0101100011000000 )
b011001100 2
15
06
#5917
05
16
#5918
b01100000 #
b0110000011000000 (
b0110000011000000 )
b011001101 2
15
06
#5919
05
16
#5920
b01101000 #
b0110100011000000 (
b0110100011000000 )
b011001110 2
15
06
#5921
05
16
#5922
b01110000 #
b0111000011000000 (
b0111000011000000 )
b011001111 2
15
06
#5923
05
16
#5924
b01111000 #
b0111100011000000 (
b0111100011000000 )
b011010000 2
15
06
#5925
05
16
#5926
b10000000 #
b1000000011000000 (
b1000000011000000 )
b011010001 2
15
06
#5927
05
16
#5928
b10001000 #
b1000100011000000 (
b1000100011000000 )
b011010010 2
15
06
#5929
05
16
#5930
b10010000 #
b1001000011000000 (
b1001000011000000 )
b011010011 2
15
06
#5931
05
16
#5932
b10011000 #
b1001100011000000 (
b1001100011000000 )
b011010100 2
15
06
#5933
05
16
#5934
b10100000 #
b1010000011000000 (
b1010000011000000 )
b011010101 2
15
06
#5935
05
16
#5936
b10101000 #
b1010100011000000 (
b1010100011000000 )
b011010110 2
15
06
#5937
05
16
#5938
b10110000 #
b1011000011000000 (
b1011000011000000 )
b011010111 2
15
06
#5939
05
16
#5940
b10111000 #
b1011100011000000 (
b1011100011000000 )
b011011000 2
15
06
#5941
05
16
#5942
b11000000 #
b1100000011000000 (
b1100000011000000 )
b011011001 2
15
06
#5943
05
16
#5944
b11001000 #
b1100100011000000 (
b1100100011000000 )
b011011010 2
15
06
#5945
05
16
#5946
b11010000 #
b1101000011000000 (
b1101000011000000 )
b011011011 2
15
06
#5947
05
16
#5948
b11011000 #
b1101100011000000 (
b1101100011000000 )
b011011100 2
15
06
#5949
05
16
#5950
b11100000 #
b1110000011000000 (
b1110000011000000 )
b011011101 2
15
06
#5951
05
16
#5952
b11101000 #
b1110100011000000 (
b1110100011000000 )
b011011110 2
15
06
#5953
05
16
#5954
b11110000 #
b1111000011000000 (
b1111000011000000 )
b011011111 2
15
06
#5955
05
16
#5956
b11111000 #
b1111100011000000 (
b1111100011000000 )
b011100000 2
15
06
#5957
05
16
#5958
b00000000 #
b0000000011000000 (
b0000000011000000 )
b011100001 2
15
06
#5959
05
16
#5960
b00001000 #
b0000100011000000 (
b0000100011000000 )
b011100010 2
15
06
#5961
05
16
#5962
b00010000 #
b0001000011000000 (
b0001000011000000 )
b011100011 2
15
06
#5963
05
16
#5964
b00011000 #
b0001100011000000 (
b0001100011000000 )
b011100100 2
15
06
#5965
05
16
#5966
b00100000 #
b0010000011000000 (
b0010000011000000 )
b011100101 2
15
06
#5967
05
16
#5968
b00101000 #
b0010100011000000 (
b0010100011000000 )
b011100110 2
15
06
#5969
05
16
#5970
b00110000 #
b0011000011000000 (
b0011000011000000 )
b011100111 2
15
06
#5971
05
16
#5972
b00111000 #
b0011100011000000 (
b0011100011000000 )
b011101000 2
15
06
#5973
05
16
#5974
b01000000 #
b0100000011000000 (
b0100000011000000 )
b011101001 2
15
06
#5975
05
16
#5976
b01001000 #
b0100100011000000 (
b0100100011000000 )
b011101010 2
15
06
#5977
05
16
#5978
b01010000 #
b0101000011000000 (
b0101000011000000 )
b011101011 2
15
06
#5979
05
16
#5980
b01011000 #
b0101100011000000 (
b0101100011000000 )
b011101100 2
15
06
#5981
05
16
#5982
b01100000 #
b0110000011000000 (
b0110000011000000 )
b011101101 2
15
06
#5983
05
16
#5984
b01101000 #
b0110100011000000 (
b0110100011000000 )
b011101110 2
15
06
#5985
05
16
#5986
b01110000 #
b0111000011000000 (
b0111000011000000 )
b011101111 2
15
06
#5987
05
16
#5988
b01111000 #
b0111100011000000 (
b0111100011000000 )
b011110000 2
15
06
#5989
05
16
#5990
b10000000 #
b1000000011000000 (
b1000000011000000 )
b011110001 2
15
06
#5991
05
16
#5992
b10001000 #
b1000100011000000 (
b1000100011000000 )
b011110010 2
15
06
#5993
05
16
#5994
b10010000 #
b1001000011000000 (
b1001000011000000 )
b011110011 2
15
06
#5995
05
16
#5996
b10011000 #
b1001100011000000 (
b1001100011000000 )
b011110100 2
15
06
#5997
05
16
#5998
b10100000 #
b1010000011000000 (
b1010000011000000 )
b011110101 2
15
06
#5999
05
16
#6000
b10101000 #
b1010100011000000 (
b1010100011000000 )
b011110110 2
15
06
#6001
05
16
#6002
b10110000 #
b1011000011000000 (
b1011000011000000 )
b011110111 2
15
06
#6003
05
16
#6004
b10111000 #
b1011100011000000 (
b1011100011000000 )
b011111000 2
15
06
#6005
05
16
#6006
b11000000 #
b1100000011000000 (
b1100000011000000 )
b011111001 2
15
06
#6007
05
16
#6008
b11001000 #
b1100100011000000 (
b1100100011000000 )
b011111010 2
15
06
#6009
05
16
#6010
b11010000 #
b1101000011000000 (
b1101000011000000 )
b011111011 2
15
06
#6011
05
16
#6012
b11011000 #
b1101100011000000 (
b1101100011000000 )
b011111100 2
15
06
#6013
05
16
#6014
b11100000 #
b1110000011000000 (
b1110000011000000 )
b011111101 2
15
06
#6015
05
16
#6016
b11101000 #
b1110100011000000 (
b1110100011000000 )
b011111110 2
15
06
#6017
05
16
#6018
b11110000 #
b1111000011000000 (
b1111000011000000 )
b011111111 2
15
06
#6019
05
16
#6020
b11111000 #
b1111100011000000 (
b1111100011000000 )
b100000000 2
15
06
#6021
05
16
#6022
b00000000 #
b0000000011000000 (
b0000000011000000 )
b100000001 2
15
06
#6023
05
16
#6024
b00001000 #
b0000100011000000 (
b0000100011000000 )
b100000010 2
15
06
#6025
05
16
#6026
b00010000 #
b0001000011000000 (
b0001000011000000 )
b100000011 2
15
06
#6027
05
16
#6028
b00011000 #
b0001100011000000 (
b0001100011000000 )
b100000100 2
15
06
#6029
05
16
#6030
b00100000 #
b0010000011000000 (
b0010000011000000 )
b100000101 2
15
06
#6031
05
16
#6032
b00101000 #
b0010100011000000 (
b0010100011000000 )
b100000110 2
15
06
#6033
05
16
#6034
b00110000 #
b0011000011000000 (
b0011000011000000 )
b100000111 2
15
06
#6035
05
16
#6036
b00111000 #
b0011100011000000 (
b0011100011000000 )
b100001000 2
15
06
#6037
05
16
#6038
b01000000 #
b0100000011000000 (
b0100000011000000 )
b100001001 2
15
06
#6039
05
16
#6040
b01001000 #
b0100100011000000 (
b0100100011000000 )
b100001010 2
15
06
#6041
05
16
#6042
b01010000 #
b0101000011000000 (
b0101000011000000 )
b100001011 2
15
06
#6043
05
16
#6044
b01011000 #
b0101100011000000 (
b0101100011000000 )
b100001100 2
15
06
#6045
05
16
#6046
b01100000 #
b0110000011000000 (
b0110000011000000 )
b100001101 2
15
06
#6047
05
16
#6048
b01101000 #
b0110100011000000 (
b0110100011000000 )
b100001110 2
15
06
#6049
05
16
#6050
b01110000 #
b0111000011000000 (
b0111000011000000 )
b100001111 2
15
06
#6051
05
16
#6052
b01111000 #
b0111100011000000 (
b0111100011000000 )
b100010000 2
15
06
#6053
05
16
#6054
b10000000 #
b1000000011000000 (
b1000000011000000 )
b100010001 2
15
06
#6055
05
16
#6056
b10001000 #
b1000100011000000 (
b1000100011000000 )
b100010010 2
15
06
#6057
05
16
#6058
b10010000 #
b1001000011000000 (
b1001000011000000 )
b100010011 2
15
06
#6059
05
16
#6060
b10011000 #
b1001100011000000 (
b1001100011000000 )
b100010100 2
15
06
#6061
05
16
#6062
b10100000 #
b1010000011000000 (
b1010000011000000 )
b100010101 2
15
06
#6063
05
16
#6064
b10101000 #
b1010100011000000 (
b1010100011000000 )
b100010110 2
15
06
#6065
05
16
#6066
b10110000 #
b1011000011000000 (
b1011000011000000 )
b100010111 2
15
06
#6067
05
16
#6068
b10111000 #
b1011100011000000 (
b1011100011000000 )
b100011000 2
15
06
#6069
05
16
#6070
b11000000 #
b1100000011000000 (
b1100000011000000 )
b100011001 2
15
06
#6071
05
16
#6072
b11001000 #
b1100100011000000 (
b1100100011000000 )
b100011010 2
15
06
#6073
05
16
#6074
b11010000 #
b1101000011000000 (
b1101000011000000 )
b100011011 2
15
06
#6075
05
16
#6076
b11011000 #
b1101100011000000 (
b1101100011000000 )
b100011100 2
15
06
#6077
05
16
#6078
b11100000 #
b1110000011000000 (
b1110000011000000 )
b100011101 2
15
06
#6079
05
16
#6080
b11101000 #
b1110100011000000 (
b1110100011000000 )
b100011110 2
15
06
#6081
05
16
#6082
b11110000 #
b1111000011000000 (
b1111000011000000 )
b100011111 2
15
06
#6083
05
16
#6084
b11111000 #
b1111100011000000 (
b1111100011000000 )
b100100000 2
15
06
#6085
05
16
#6086
b00000000 #
b0000000011000000 (
b0000000011000000 )
b100100001 2
15
06
#6087
05
16
#6088
b00001000 #
b0000100011000000 (
b0000100011000000 )
b100100010 2
15
06
#6089
05
16
#6090
b00010000 #
b0001000011000000 (
b0001000011000000 )
b100100011 2
15
06
#6091
05
16
#6092
b00011000 #
b0001100011000000 (
b0001100011000000 )
b100100100 2
15
06
#6093
05
16
#6094
b00100000 #
b0010000011000000 (
b0010000011000000 )
b100100101 2
15
06
#6095
05
16
#6096
b00101000 #
b0010100011000000 (
b0010100011000000 )
b100100110 2
15
06
#6097
05
16
#6098
b00110000 #
b0011000011000000 (
b0011000011000000 )
b100100111 2
15
06
#6099
05
16
#6100
b00111000 #
b0011100011000000 (
b0011100011000000 )
b100101000 2
15
06
#6101
05
16
#6102
b01000000 #
b0100000011000000 (
b0100000011000000 )
b100101001 2
15
06
#6103
05
16
#6104
b01001000 #
b0100100011000000 (
b0100100011000000 )
b100101010 2
15
06
#6105
05
16
#6106
b01010000 #
b0101000011000000 (
b0101000011000000 )
b100101011 2
15
06
#6107
05
16
#6108
b01011000 #
b0101100011000000 (
b0101100011000000 )
b100101100 2
15
06
#6109
05
16
#6110
b01100000 #
b0110000011000000 (
b0110000011000000 )
b100101101 2
15
06
#6111
05
16
#6112
b01101000 #
b0110100011000000 (
b0110100011000000 )
b100101110 2
15
06
#6113
05
16
#6114
b01110000 #
b0111000011000000 (
b0111000011000000 )
b100101111 2
15
06
#6115
05
16
#6116
b01111000 #
b0111100011000000 (
b0111100011000000 )
b100110000 2
15
06
#6117
05
16
#6118
b10000000 #
b1000000011000000 (
b1000000011000000 )
b100110001 2
15
06
#6119
05
16
#6120
b10001000 #
b1000100011000000 (
b1000100011000000 )
b100110010 2
15
06
#6121
05
16
#6122
b10010000 #
b1001000011000000 (
b1001000011000000 )
b100110011 2
15
06
#6123
05
16
#6124
b10011000 #
b1001100011000000 (
b1001100011000000 )
b100110100 2
15
06
#6125
05
16
#6126
b10100000 #
b1010000011000000 (
b1010000011000000 )
b100110101 2
15
06
#6127
05
16
#6128
b10101000 #
b1010100011000000 (
b1010100011000000 )
b100110110 2
15
06
#6129
05
16
#6130
b10110000 #
b1011000011000000 (
b1011000011000000 )
b100110111 2
15
06
#6131
05
16
#6132
b10111000 #
b1011100011000000 (
b1011100011000000 )
b100111000 2
15
06
#6133
05
16
#6134
b11000000 #
b1100000011000000 (
b1100000011000000 )
b100111001 2
15
06
#6135
05
16
#6136
b11001000 #
b1100100011000000 (
b1100100011000000 )
b100111010 2
15
06
#6137
05
16
#6138
b11010000 #
b1101000011000000 (
b1101000011000000 )
b100111011 2
15
06
#6139
05
16
#6140
b11011000 #
b1101100011000000 (
b1101100011000000 )
b100111100 2
15
06
#6141
05
16
#6142
b11100000 #
b1110000011000000 (
b1110000011000000 )
b100111101 2
15
06
#6143
05
16
#6144
b11101000 #
b1110100011000000 (
b1110100011000000 )
b100111110 2
15
06
#6145
05
16
#6146
b11110000 #
b1111000011000000 (
b1111000011000000 )
b100111111 2
15
06
#6147
05
16
#6148
b11111000 #
b1111100011000000 (
b1111100011000000 )
b000000000 2
b00000111 3
15
06
#6149
05
16
#6150
b00000000 #
b11100000 $
b0000000011100000 (
b0000000011100000 )
b000000001 2
15
06
#6151
05
16
#6152
b00001000 #
b0000100011100000 (
b0000100011100000 )
b000000010 2
15
06
#6153
05
16
#6154
b00010000 #
b0001000011100000 (
b0001000011100000 )
b000000011 2
15
06
#6155
05
16
#6156
b00011000 #
b0001100011100000 (
b0001100011100000 )
b000000100 2
15
06
#6157
05
16
#6158
b00100000 #
b0010000011100000 (
b0010000011100000 )
b000000101 2
15
06
#6159
05
16
#6160
b00101000 #
b0010100011100000 (
b0010100011100000 )
b000000110 2
15
06
#6161
05
16
#6162
b00110000 #
b0011000011100000 (
b0011000011100000 )
b000000111 2
15
06
#6163
05
16
#6164
b00111000 #
b0011100011100000 (
b0011100011100000 )
b000001000 2
15
06
#6165
05
16
#6166
b01000000 #
b0100000011100000 (
b0100000011100000 )
b000001001 2
15
06
#6167
05
16
#6168
b01001000 #
b0100100011100000 (
b0100100011100000 )
b000001010 2
15
06
#6169
05
16
#6170
b01010000 #
b0101000011100000 (
b0101000011100000 )
b000001011 2
15
06
#6171
05
16
#6172
b01011000 #
b0101100011100000 (
b0101100011100000 )
b000001100 2
15
06
#6173
05
16
#6174
b01100000 #
b0110000011100000 (
b0110000011100000 )
b000001101 2
15
06
#6175
05
16
#6176
b01101000 #
b0110100011100000 (
b0110100011100000 )
b000001110 2
15
06
#6177
05
16
#6178
b01110000 #
b0111000011100000 (
b0111000011100000 )
b000001111 2
15
06
#6179
05
16
#6180
b01111000 #
b0111100011100000 (
b0111100011100000 )
b000010000 2
15
06
#6181
05
16
#6182
b10000000 #
b1000000011100000 (
b1000000011100000 )
b000010001 2
15
06
#6183
05
16
#6184
b10001000 #
b1000100011100000 (
b1000100011100000 )
b000010010 2
15
06
#6185
05
16
#6186
b10010000 #
b1001000011100000 (
b1001000011100000 )
b000010011 2
15
06
#6187
05
16
#6188
b10011000 #
b1001100011100000 (
b1001100011100000 )
b000010100 2
15
06
#6189
05
16
#6190
b10100000 #
b1010000011100000 (
b1010000011100000 )
b000010101 2
15
06
#6191
05
16
#6192
b10101000 #
b1010100011100000 (
b1010100011100000 )
b000010110 2
15
06
#6193
05
16
#6194
b10110000 #
b1011000011100000 (
b1011000011100000 )
b000010111 2
15
06
#6195
05
16
#6196
b10111000 #
b1011100011100000 (
b1011100011100000 )
b000011000 2
15
06
#6197
05
16
#6198
b11000000 #
b1100000011100000 (
b1100000011100000 )
b000011001 2
15
06
#6199
05
16
#6200
b11001000 #
b1100100011100000 (
b1100100011100000 )
b000011010 2
15
06
#6201
05
16
#6202
b11010000 #
b1101000011100000 (
b1101000011100000 )
b000011011 2
15
06
#6203
05
16
#6204
b11011000 #
b1101100011100000 (
b1101100011100000 )
b000011100 2
15
06
#6205
05
16
#6206
b11100000 #
b1110000011100000 (
b1110000011100000 )
b000011101 2
15
06
#6207
05
16
#6208
b11101000 #
b1110100011100000 (
b1110100011100000 )
b000011110 2
15
06
#6209
05
16
#6210
b11110000 #
b1111000011100000 (
b1111000011100000 )
b000011111 2
15
06
#6211
05
16
#6212
b11111000 #
b1111100011100000 (
b1111100011100000 )
b000100000 2
15
06
#6213
05
16
#6214
b00000000 #
b0000000011100000 (
b0000000011100000 )
b000100001 2
15
06
#6215
05
16
#6216
b00001000 #
b0000100011100000 (
b0000100011100000 )
b000100010 2
15
06
#6217
05
16
#6218
b00010000 #
b0001000011100000 (
b0001000011100000 )
b000100011 2
15
06
#6219
05
16
#6220
b00011000 #
b0001100011100000 (
b0001100011100000 )
b000100100 2
15
06
#6221
05
16
#6222
b00100000 #
b0010000011100000 (
b0010000011100000 )
b000100101 2
15
06
#6223
05
16
#6224
b00101000 #
b0010100011100000 (
b0010100011100000 )
b000100110 2
15
06
#6225
05
16
#6226
b00110000 #
b0011000011100000 (
b0011000011100000 )
b000100111 2
15
06
#6227
05
16
#6228
b00111000 #
b0011100011100000 (
b0011100011100000 )
b000101000 2
15
06
#6229
05
16
#6230
b01000000 #
b0100000011100000 (
b0100000011100000 )
b000101001 2
15
06
#6231
05
16
#6232
b01001000 #
b0100100011100000 (
b0100100011100000 )
b000101010 2
15
06
#6233
05
16
#6234
b01010000 #
b0101000011100000 (
b0101000011100000 )
b000101011 2
15
06
#6235
05
16
#6236
b01011000 #
b0101100011100000 (
b0101100011100000 )
b000101100 2
15
06
#6237
05
16
#6238
b01100000 #
b0110000011100000 (
b0110000011100000 )
b000101101 2
15
06
#6239
05
16
#6240
b01101000 #
b0110100011100000 (
b0110100011100000 )
b000101110 2
15
06
#6241
05
16
#6242
b01110000 #
b0111000011100000 (
b0111000011100000 )
b000101111 2
15
06
#6243
05
16
#6244
b01111000 #
b0111100011100000 (
b0111100011100000 )
b000110000 2
15
06
#6245
05
16
#6246
b10000000 #
b1000000011100000 (
b1000000011100000 )
b000110001 2
15
06
#6247
05
16
#6248
b10001000 #
b1000100011100000 (
b1000100011100000 )
b000110010 2
15
06
#6249
05
16
#6250
b10010000 #
b1001000011100000 (
b1001000011100000 )
b000110011 2
15
06
#6251
05
16
#6252
b10011000 #
b1001100011100000 (
b1001100011100000 )
b000110100 2
15
06
#6253
05
16
#6254
b10100000 #
b1010000011100000 (
b1010000011100000 )
b000110101 2
15
06
#6255
05
16
#6256
b10101000 #
b1010100011100000 (
b1010100011100000 )
b000110110 2
15
06
#6257
05
16
#6258
b10110000 #
b1011000011100000 (
b1011000011100000 )
b000110111 2
15
06
#6259
05
16
#6260
b10111000 #
b1011100011100000 (
b1011100011100000 )
b000111000 2
15
06
#6261
05
16
#6262
b11000000 #
b1100000011100000 (
b1100000011100000 )
b000111001 2
15
06
#6263
05
16
#6264
b11001000 #
b1100100011100000 (
b1100100011100000 )
b000111010 2
15
06
#6265
05
16
#6266
b11010000 #
b1101000011100000 (
b1101000011100000 )
b000111011 2
15
06
#6267
05
16
#6268
b11011000 #
b1101100011100000 (
b1101100011100000 )
b000111100 2
15
06
#6269
05
16
#6270
b11100000 #
b1110000011100000 (
b1110000011100000 )
b000111101 2
15
06
#6271
05
16
#6272
b11101000 #
b1110100011100000 (
b1110100011100000 )
b000111110 2
15
06
#6273
05
16
#6274
b11110000 #
b1111000011100000 (
b1111000011100000 )
b000111111 2
15
06
#6275
05
16
#6276
b11111000 #
b1111100011100000 (
b1111100011100000 )
b001000000 2
15
06
#6277
05
16
#6278
b00000000 #
b0000000011100000 (
b0000000011100000 )
b001000001 2
15
06
#6279
05
16
#6280
b00001000 #
b0000100011100000 (
b0000100011100000 )
b001000010 2
15
06
#6281
05
16
#6282
b00010000 #
b0001000011100000 (
b0001000011100000 )
b001000011 2
15
06
#6283
05
16
#6284
b00011000 #
b0001100011100000 (
b0001100011100000 )
b001000100 2
15
06
#6285
05
16
#6286
b00100000 #
b0010000011100000 (
b0010000011100000 )
b001000101 2
15
06
#6287
05
16
#6288
b00101000 #
b0010100011100000 (
b0010100011100000 )
b001000110 2
15
06
#6289
05
16
#6290
b00110000 #
b0011000011100000 (
b0011000011100000 )
b001000111 2
15
06
#6291
05
16
#6292
b00111000 #
b0011100011100000 (
b0011100011100000 )
b001001000 2
15
06
#6293
05
16
#6294
b01000000 #
b0100000011100000 (
b0100000011100000 )
b001001001 2
15
06
#6295
05
16
#6296
b01001000 #
b0100100011100000 (
b0100100011100000 )
b001001010 2
15
06
#6297
05
16
#6298
b01010000 #
b0101000011100000 (
b0101000011100000 )
b001001011 2
15
06
#6299
05
16
#6300
b01011000 #
b0101100011100000 (
b0101100011100000 )
b001001100 2
15
06
#6301
05
16
#6302
b01100000 #
b0110000011100000 (
b0110000011100000 )
b001001101 2
15
06
#6303
05
16
#6304
b01101000 #
b0110100011100000 (
b0110100011100000 )
b001001110 2
15
06
#6305
05
16
#6306
b01110000 #
b0111000011100000 (
b0111000011100000 )
b001001111 2
15
06
#6307
05
16
#6308
b01111000 #
b0111100011100000 (
b0111100011100000 )
b001010000 2
15
06
#6309
05
16
#6310
b10000000 #
b1000000011100000 (
b1000000011100000 )
b001010001 2
15
06
#6311
05
16
#6312
b10001000 #
b1000100011100000 (
b1000100011100000 )
b001010010 2
15
06
#6313
05
16
#6314
b10010000 #
b1001000011100000 (
b1001000011100000 )
b001010011 2
15
06
#6315
05
16
#6316
b10011000 #
b1001100011100000 (
b1001100011100000 )
b001010100 2
15
06
#6317
05
16
#6318
b10100000 #
b1010000011100000 (
b1010000011100000 )
b001010101 2
15
06
#6319
05
16
#6320
b10101000 #
b1010100011100000 (
b1010100011100000 )
b001010110 2
15
06
#6321
05
16
#6322
b10110000 #
b1011000011100000 (
b1011000011100000 )
b001010111 2
15
06
#6323
05
16
#6324
b10111000 #
b1011100011100000 (
b1011100011100000 )
b001011000 2
15
06
#6325
05
16
#6326
b11000000 #
b1100000011100000 (
b1100000011100000 )
b001011001 2
15
06
#6327
05
16
#6328
b11001000 #
b1100100011100000 (
b1100100011100000 )
b001011010 2
15
06
#6329
05
16
#6330
b11010000 #
b1101000011100000 (
b1101000011100000 )
b001011011 2
15
06
#6331
05
16
#6332
b11011000 #
b1101100011100000 (
b1101100011100000 )
b001011100 2
15
06
#6333
05
16
#6334
b11100000 #
b1110000011100000 (
b1110000011100000 )
b001011101 2
15
06
#6335
05
16
#6336
b11101000 #
b1110100011100000 (
b1110100011100000 )
b001011110 2
15
06
#6337
05
16
#6338
b11110000 #
b1111000011100000 (
b1111000011100000 )
b001011111 2
15
06
#6339
05
16
#6340
b11111000 #
b1111100011100000 (
b1111100011100000 )
b001100000 2
15
06
#6341
05
16
#6342
b00000000 #
b0000000011100000 (
b0000000011100000 )
b001100001 2
15
06
#6343
05
16
#6344
b00001000 #
b0000100011100000 (
b0000100011100000 )
b001100010 2
15
06
#6345
05
16
#6346
b00010000 #
b0001000011100000 (
b0001000011100000 )
b001100011 2
15
06
#6347
05
16
#6348
b00011000 #
b0001100011100000 (
b0001100011100000 )
b001100100 2
15
06
#6349
05
16
#6350
b00100000 #
b0010000011100000 (
b0010000011100000 )
b001100101 2
15
06
#6351
05
16
#6352
b00101000 #
b0010100011100000 (
b0010100011100000 )
b001100110 2
15
06
#6353
05
16
#6354
b00110000 #
b0011000011100000 (
b0011000011100000 )
b001100111 2
15
06
#6355
05
16
#6356
b00111000 #
b0011100011100000 (
b0011100011100000 )
b001101000 2
15
06
#6357
05
16
#6358
b01000000 #
b0100000011100000 (
b0100000011100000 )
b001101001 2
15
06
#6359
05
16
#6360
b01001000 #
b0100100011100000 (
b0100100011100000 )
b001101010 2
15
06
#6361
05
16
#6362
b01010000 #
b0101000011100000 (
b0101000011100000 )
b001101011 2
15
06
#6363
05
16
#6364
b01011000 #
b0101100011100000 (
b0101100011100000 )
b001101100 2
15
06
#6365
05
16
#6366
b01100000 #
b0110000011100000 (
b0110000011100000 )
b001101101 2
15
06
#6367
05
16
#6368
b01101000 #
b0110100011100000 (
b0110100011100000 )
b001101110 2
15
06
#6369
05
16
#6370
b01110000 #
b0111000011100000 (
b0111000011100000 )
b001101111 2
15
06
#6371
05
16
#6372
b01111000 #
b0111100011100000 (
b0111100011100000 )
b001110000 2
15
06
#6373
05
16
#6374
b10000000 #
b1000000011100000 (
b1000000011100000 )
b001110001 2
15
06
#6375
05
16
#6376
b10001000 #
b1000100011100000 (
b1000100011100000 )
b001110010 2
15
06
#6377
05
16
#6378
b10010000 #
b1001000011100000 (
b1001000011100000 )
b001110011 2
15
06
#6379
05
16
#6380
b10011000 #
b1001100011100000 (
b1001100011100000 )
b001110100 2
15
06
#6381
05
16
#6382
b10100000 #
b1010000011100000 (
b1010000011100000 )
b001110101 2
15
06
#6383
05
16
#6384
b10101000 #
b1010100011100000 (
b1010100011100000 )
b001110110 2
15
06
#6385
05
16
#6386
b10110000 #
b1011000011100000 (
b1011000011100000 )
b001110111 2
15
06
#6387
05
16
#6388
b10111000 #
b1011100011100000 (
b1011100011100000 )
b001111000 2
15
06
#6389
05
16
#6390
b11000000 #
b1100000011100000 (
b1100000011100000 )
b001111001 2
15
06
#6391
05
16
#6392
b11001000 #
b1100100011100000 (
b1100100011100000 )
b001111010 2
15
06
#6393
05
16
#6394
b11010000 #
b1101000011100000 (
b1101000011100000 )
b001111011 2
15
06
#6395
05
16
#6396
b11011000 #
b1101100011100000 (
b1101100011100000 )
b001111100 2
15
06
#6397
05
16
#6398
b11100000 #
b1110000011100000 (
b1110000011100000 )
b001111101 2
15
06
#6399
05
16
#6400
b11101000 #
b1110100011100000 (
b1110100011100000 )
b001111110 2
15
06
#6401
05
16
#6402
b11110000 #
b1111000011100000 (
b1111000011100000 )
b001111111 2
15
06
#6403
05
16
#6404
b11111000 #
b1111100011100000 (
b1111100011100000 )
b010000000 2
15
06
#6405
05
16
#6406
b00000000 #
b0000000011100000 (
b0000000011100000 )
b010000001 2
15
06
#6407
05
16
#6408
b00001000 #
b0000100011100000 (
b0000100011100000 )
b010000010 2
15
06
#6409
05
16
#6410
b00010000 #
b0001000011100000 (
b0001000011100000 )
b010000011 2
15
06
#6411
05
16
#6412
b00011000 #
b0001100011100000 (
b0001100011100000 )
b010000100 2
15
06
#6413
05
16
#6414
b00100000 #
b0010000011100000 (
b0010000011100000 )
b010000101 2
15
06
#6415
05
16
#6416
b00101000 #
b0010100011100000 (
b0010100011100000 )
b010000110 2
15
06
#6417
05
16
#6418
b00110000 #
b0011000011100000 (
b0011000011100000 )
b010000111 2
15
06
#6419
05
16
#6420
b00111000 #
b0011100011100000 (
b0011100011100000 )
b010001000 2
15
06
#6421
05
16
#6422
b01000000 #
b0100000011100000 (
b0100000011100000 )
b010001001 2
15
06
#6423
05
16
#6424
b01001000 #
b0100100011100000 (
b0100100011100000 )
b010001010 2
15
06
#6425
05
16
#6426
b01010000 #
b0101000011100000 (
b0101000011100000 )
b010001011 2
15
06
#6427
05
16
#6428
b01011000 #
b0101100011100000 (
b0101100011100000 )
b010001100 2
15
06
#6429
05
16
#6430
b01100000 #
b0110000011100000 (
b0110000011100000 )
b010001101 2
15
06
#6431
05
16
#6432
b01101000 #
b0110100011100000 (
b0110100011100000 )
b010001110 2
15
06
#6433
05
16
#6434
b01110000 #
b0111000011100000 (
b0111000011100000 )
b010001111 2
15
06
#6435
05
16
#6436
b01111000 #
b0111100011100000 (
b0111100011100000 )
b010010000 2
15
06
#6437
05
16
#6438
b10000000 #
b1000000011100000 (
b1000000011100000 )
b010010001 2
15
06
#6439
05
16
#6440
b10001000 #
b1000100011100000 (
b1000100011100000 )
b010010010 2
15
06
#6441
05
16
#6442
b10010000 #
b1001000011100000 (
b1001000011100000 )
b010010011 2
15
06
#6443
05
16
#6444
b10011000 #
b1001100011100000 (
b1001100011100000 )
b010010100 2
15
06
#6445
05
16
#6446
b10100000 #
b1010000011100000 (
b1010000011100000 )
b010010101 2
15
06
#6447
05
16
#6448
b10101000 #
b1010100011100000 (
b1010100011100000 )
b010010110 2
15
06
#6449
05
16
#6450
b10110000 #
b1011000011100000 (
b1011000011100000 )
b010010111 2
15
06
#6451
05
16
#6452
b10111000 #
b1011100011100000 (
b1011100011100000 )
b010011000 2
15
06
#6453
05
16
#6454
b11000000 #
b1100000011100000 (
b1100000011100000 )
b010011001 2
15
06
#6455
05
16
#6456
b11001000 #
b1100100011100000 (
b1100100011100000 )
b010011010 2
15
06
#6457
05
16
#6458
b11010000 #
b1101000011100000 (
b1101000011100000 )
b010011011 2
15
06
#6459
05
16
#6460
b11011000 #
b1101100011100000 (
b1101100011100000 )
b010011100 2
15
06
#6461
05
16
#6462
b11100000 #
b1110000011100000 (
b1110000011100000 )
b010011101 2
15
06
#6463
05
16
#6464
b11101000 #
b1110100011100000 (
b1110100011100000 )
b010011110 2
15
06
#6465
05
16
#6466
b11110000 #
b1111000011100000 (
b1111000011100000 )
b010011111 2
15
06
#6467
05
16
#6468
b11111000 #
b1111100011100000 (
b1111100011100000 )
b010100000 2
15
06
#6469
05
16
#6470
b00000000 #
b0000000011100000 (
b0000000011100000 )
b010100001 2
15
06
#6471
05
16
#6472
b00001000 #
b0000100011100000 (
b0000100011100000 )
b010100010 2
15
06
#6473
05
16
#6474
b00010000 #
b0001000011100000 (
b0001000011100000 )
b010100011 2
15
06
#6475
05
16
#6476
b00011000 #
b0001100011100000 (
b0001100011100000 )
b010100100 2
15
06
#6477
05
16
#6478
b00100000 #
b0010000011100000 (
b0010000011100000 )
b010100101 2
15
06
#6479
05
16
#6480
b00101000 #
b0010100011100000 (
b0010100011100000 )
b010100110 2
15
06
#6481
05
16
#6482
b00110000 #
b0011000011100000 (
b0011000011100000 )
b010100111 2
15
06
#6483
05
16
#6484
b00111000 #
b0011100011100000 (
b0011100011100000 )
b010101000 2
15
06
#6485
05
16
#6486
b01000000 #
b0100000011100000 (
b0100000011100000 )
b010101001 2
15
06
#6487
05
16
#6488
b01001000 #
b0100100011100000 (
b0100100011100000 )
b010101010 2
15
06
#6489
05
16
#6490
b01010000 #
b0101000011100000 (
b0101000011100000 )
b010101011 2
15
06
#6491
05
16
#6492
b01011000 #
b0101100011100000 (
b0101100011100000 )
b010101100 2
15
06
#6493
05
16
#6494
b01100000 #
b0110000011100000 (
b0110000011100000 )
b010101101 2
15
06
#6495
05
16
#6496
b01101000 #
b0110100011100000 (
b0110100011100000 )
b010101110 2
15
06
#6497
05
16
#6498
b01110000 #
b0111000011100000 (
b0111000011100000 )
b010101111 2
15
06
#6499
05
16
#6500
b01111000 #
b0111100011100000 (
b0111100011100000 )
b010110000 2
15
06
#6501
05
16
#6502
b10000000 #
b1000000011100000 (
b1000000011100000 )
b010110001 2
15
06
#6503
05
16
#6504
b10001000 #
b1000100011100000 (
b1000100011100000 )
b010110010 2
15
06
#6505
05
16
#6506
b10010000 #
b1001000011100000 (
b1001000011100000 )
b010110011 2
15
06
#6507
05
16
#6508
b10011000 #
b1001100011100000 (
b1001100011100000 )
b010110100 2
15
06
#6509
05
16
#6510
b10100000 #
b1010000011100000 (
b1010000011100000 )
b010110101 2
15
06
#6511
05
16
#6512
b10101000 #
b1010100011100000 (
b1010100011100000 )
b010110110 2
15
06
#6513
05
16
#6514
b10110000 #
b1011000011100000 (
b1011000011100000 )
b010110111 2
15
06
#6515
05
16
#6516
b10111000 #
b1011100011100000 (
b1011100011100000 )
b010111000 2
15
06
#6517
05
16
#6518
b11000000 #
b1100000011100000 (
b1100000011100000 )
b010111001 2
15
06
#6519
05
16
#6520
b11001000 #
b1100100011100000 (
b1100100011100000 )
b010111010 2
15
06
#6521
05
16
#6522
b11010000 #
b1101000011100000 (
b1101000011100000 )
b010111011 2
15
06
#6523
05
16
#6524
b11011000 #
b1101100011100000 (
b1101100011100000 )
b010111100 2
15
06
#6525
05
16
#6526
b11100000 #
b1110000011100000 (
b1110000011100000 )
b010111101 2
15
06
#6527
05
16
#6528
b11101000 #
b1110100011100000 (
b1110100011100000 )
b010111110 2
15
06
#6529
05
16
#6530
b11110000 #
b1111000011100000 (
b1111000011100000 )
b010111111 2
15
06
#6531
05
16
#6532
b11111000 #
b1111100011100000 (
b1111100011100000 )
b011000000 2
15
06
#6533
05
16
#6534
b00000000 #
b0000000011100000 (
b0000000011100000 )
b011000001 2
15
06
#6535
05
16
#6536
b00001000 #
b0000100011100000 (
b0000100011100000 )
b011000010 2
15
06
#6537
05
16
#6538
b00010000 #
b0001000011100000 (
b0001000011100000 )
b011000011 2
15
06
#6539
05
16
#6540
b00011000 #
b0001100011100000 (
b0001100011100000 )
b011000100 2
15
06
#6541
05
16
#6542
b00100000 #
b0010000011100000 (
b0010000011100000 )
b011000101 2
15
06
#6543
05
16
#6544
b00101000 #
b0010100011100000 (
b0010100011100000 )
b011000110 2
15
06
#6545
05
16
#6546
b00110000 #
b0011000011100000 (
b0011000011100000 )
b011000111 2
15
06
#6547
05
16
#6548
b00111000 #
b0011100011100000 (
b0011100011100000 )
b011001000 2
15
06
#6549
05
16
#6550
b01000000 #
b0100000011100000 (
b0100000011100000 )
b011001001 2
15
06
#6551
05
16
#6552
b01001000 #
b0100100011100000 (
b0100100011100000 )
b011001010 2
15
06
#6553
05
16
#6554
b01010000 #
b0101000011100000 (
b0101000011100000 )
b011001011 2
15
06
#6555
05
16
#6556
b01011000 #
b0101100011100000 (
b0101100011100000 )
b011001100 2
15
06
#6557
05
16
#6558
b01100000 #
b0110000011100000 (
b0110000011100000 )
b011001101 2
15
06
#6559
05
16
#6560
b01101000 #
b0110100011100000 (
b0110100011100000 )
b011001110 2
15
06
#6561
05
16
#6562
b01110000 #
b0111000011100000 (
b0111000011100000 )
b011001111 2
15
06
#6563
05
16
#6564
b01111000 #
b0111100011100000 (
b0111100011100000 )
b011010000 2
15
06
#6565
05
16
#6566
b10000000 #
b1000000011100000 (
b1000000011100000 )
b011010001 2
15
06
#6567
05
16
#6568
b10001000 #
b1000100011100000 (
b1000100011100000 )
b011010010 2
15
06
#6569
05
16
#6570
b10010000 #
b1001000011100000 (
b1001000011100000 )
b011010011 2
15
06
#6571
05
16
#6572
b10011000 #
b1001100011100000 (
b1001100011100000 )
b011010100 2
15
06
#6573
05
16
#6574
b10100000 #
b1010000011100000 (
b1010000011100000 )
b011010101 2
15
06
#6575
05
16
#6576
b10101000 #
b1010100011100000 (
b1010100011100000 )
b011010110 2
15
06
#6577
05
16
#6578
b10110000 #
b1011000011100000 (
b1011000011100000 )
b011010111 2
15
06
#6579
05
16
#6580
b10111000 #
b1011100011100000 (
b1011100011100000 )
b011011000 2
15
06
#6581
05
16
#6582
b11000000 #
b1100000011100000 (
b1100000011100000 )
b011011001 2
15
06
#6583
05
16
#6584
b11001000 #
b1100100011100000 (
b1100100011100000 )
b011011010 2
15
06
#6585
05
16
#6586
b11010000 #
b1101000011100000 (
b1101000011100000 )
b011011011 2
15
06
#6587
05
16
#6588
b11011000 #
b1101100011100000 (
b1101100011100000 )
b011011100 2
15
06
#6589
05
16
#6590
b11100000 #
b1110000011100000 (
b1110000011100000 )
b011011101 2
15
06
#6591
05
16
#6592
b11101000 #
b1110100011100000 (
b1110100011100000 )
b011011110 2
15
06
#6593
05
16
#6594
b11110000 #
b1111000011100000 (
b1111000011100000 )
b011011111 2
15
06
#6595
05
16
#6596
b11111000 #
b1111100011100000 (
b1111100011100000 )
b011100000 2
15
06
#6597
05
16
#6598
b00000000 #
b0000000011100000 (
b0000000011100000 )
b011100001 2
15
06
#6599
05
16
#6600
b00001000 #
b0000100011100000 (
b0000100011100000 )
b011100010 2
15
06
#6601
05
16
#6602
b00010000 #
b0001000011100000 (
b0001000011100000 )
b011100011 2
15
06
#6603
05
16
#6604
b00011000 #
b0001100011100000 (
b0001100011100000 )
b011100100 2
15
06
#6605
05
16
#6606
b00100000 #
b0010000011100000 (
b0010000011100000 )
b011100101 2
15
06
#6607
05
16
#6608
b00101000 #
b0010100011100000 (
b0010100011100000 )
b011100110 2
15
06
#6609
05
16
#6610
b00110000 #
b0011000011100000 (
b0011000011100000 )
b011100111 2
15
06
#6611
05
16
#6612
b00111000 #
b0011100011100000 (
b0011100011100000 )
b011101000 2
15
06
#6613
05
16
#6614
b01000000 #
b0100000011100000 (
b0100000011100000 )
b011101001 2
15
06
#6615
05
16
#6616
b01001000 #
b0100100011100000 (
b0100100011100000 )
b011101010 2
15
06
#6617
05
16
#6618
b01010000 #
b0101000011100000 (
b0101000011100000 )
b011101011 2
15
06
#6619
05
16
#6620
b01011000 #
b0101100011100000 (
b0101100011100000 )
b011101100 2
15
06
#6621
05
16
#6622
b01100000 #
b0110000011100000 (
b0110000011100000 )
b011101101 2
15
06
#6623
05
16
#6624
b01101000 #
b0110100011100000 (
b0110100011100000 )
b011101110 2
15
06
#6625
05
16
#6626
b01110000 #
b0111000011100000 (
b0111000011100000 )
b011101111 2
15
06
#6627
05
16
#6628
b01111000 #
b0111100011100000 (
b0111100011100000 )
b011110000 2
15
06
#6629
05
16
#6630
b10000000 #
b1000000011100000 (
b1000000011100000 )
b011110001 2
15
06
#6631
05
16
#6632
b10001000 #
b1000100011100000 (
b1000100011100000 )
b011110010 2
15
06
#6633
05
16
#6634
b10010000 #
b1001000011100000 (
b1001000011100000 )
b011110011 2
15
06
#6635
05
16
#6636
b10011000 #
b1001100011100000 (
b1001100011100000 )
b011110100 2
15
06
#6637
05
16
#6638
b10100000 #
b1010000011100000 (
b1010000011100000 )
b011110101 2
15
06
#6639
05
16
#6640
b10101000 #
b1010100011100000 (
b1010100011100000 )
b011110110 2
15
06
#6641
05
16
#6642
b10110000 #
b1011000011100000 (
b1011000011100000 )
b011110111 2
15
06
#6643
05
16
#6644
b10111000 #
b1011100011100000 (
b1011100011100000 )
b011111000 2
15
06
#6645
05
16
#6646
b11000000 #
b1100000011100000 (
b1100000011100000 )
b011111001 2
15
06
#6647
05
16
#6648
b11001000 #
b1100100011100000 (
b1100100011100000 )
b011111010 2
15
06
#6649
05
16
#6650
b11010000 #
b1101000011100000 (
b1101000011100000 )
b011111011 2
15
06
#6651
05
16
#6652
b11011000 #
b1101100011100000 (
b1101100011100000 )
b011111100 2
15
06
#6653
05
16
#6654
b11100000 #
b1110000011100000 (
b1110000011100000 )
b011111101 2
15
06
#6655
05
16
#6656
b11101000 #
b1110100011100000 (
b1110100011100000 )
b011111110 2
15
06
#6657
05
16
#6658
b11110000 #
b1111000011100000 (
b1111000011100000 )
b011111111 2
15
06
#6659
05
16
#6660
b11111000 #
b1111100011100000 (
b1111100011100000 )
b100000000 2
15
06
#6661
05
16
#6662
b00000000 #
b0000000011100000 (
b0000000011100000 )
b100000001 2
15
06
#6663
05
16
#6664
b00001000 #
b0000100011100000 (
b0000100011100000 )
b100000010 2
15
06
#6665
05
16
#6666
b00010000 #
b0001000011100000 (
b0001000011100000 )
b100000011 2
15
06
#6667
05
16
#6668
b00011000 #
b0001100011100000 (
b0001100011100000 )
b100000100 2
15
06
#6669
05
16
#6670
b00100000 #
b0010000011100000 (
b0010000011100000 )
b100000101 2
15
06
#6671
05
16
#6672
b00101000 #
b0010100011100000 (
b0010100011100000 )
b100000110 2
15
06
#6673
05
16
#6674
b00110000 #
b0011000011100000 (
b0011000011100000 )
b100000111 2
15
06
#6675
05
16
#6676
b00111000 #
b0011100011100000 (
b0011100011100000 )
b100001000 2
15
06
#6677
05
16
#6678
b01000000 #
b0100000011100000 (
b0100000011100000 )
b100001001 2
15
06
#6679
05
16
#6680
b01001000 #
b0100100011100000 (
b0100100011100000 )
b100001010 2
15
06
#6681
05
16
#6682
b01010000 #
b0101000011100000 (
b0101000011100000 )
b100001011 2
15
06
#6683
05
16
#6684
b01011000 #
b0101100011100000 (
b0101100011100000 )
b100001100 2
15
06
#6685
05
16
#6686
b01100000 #
b0110000011100000 (
b0110000011100000 )
b100001101 2
15
06
#6687
05
16
#6688
b01101000 #
b0110100011100000 (
b0110100011100000 )
b100001110 2
15
06
#6689
05
16
#6690
b01110000 #
b0111000011100000 (
b0111000011100000 )
b100001111 2
15
06
#6691
05
16
#6692
b01111000 #
b0111100011100000 (
b0111100011100000 )
b100010000 2
15
06
#6693
05
16
#6694
b10000000 #
b1000000011100000 (
b1000000011100000 )
b100010001 2
15
06
#6695
05
16
#6696
b10001000 #
b1000100011100000 (
b1000100011100000 )
b100010010 2
15
06
#6697
05
16
#6698
b10010000 #
b1001000011100000 (
b1001000011100000 )
b100010011 2
15
06
#6699
05
16
#6700
b10011000 #
b1001100011100000 (
b1001100011100000 )
b100010100 2
15
06
#6701
05
16
#6702
b10100000 #
b1010000011100000 (
b1010000011100000 )
b100010101 2
15
06
#6703
05
16
#6704
b10101000 #
b1010100011100000 (
b1010100011100000 )
b100010110 2
15
06
#6705
05
16
#6706
b10110000 #
b1011000011100000 (
b1011000011100000 )
b100010111 2
15
06
#6707
05
16
#6708
b10111000 #
b1011100011100000 (
b1011100011100000 )
b100011000 2
15
06
#6709
05
16
#6710
b11000000 #
b1100000011100000 (
b1100000011100000 )
b100011001 2
15
06
#6711
05
16
#6712
b11001000 #
b1100100011100000 (
b1100100011100000 )
b100011010 2
15
06
#6713
05
16
#6714
b11010000 #
b1101000011100000 (
b1101000011100000 )
b100011011 2
15
06
#6715
05
16
#6716
b11011000 #
b1101100011100000 (
b1101100011100000 )
b100011100 2
15
06
#6717
05
16
#6718
b11100000 #
b1110000011100000 (
b1110000011100000 )
b100011101 2
15
06
#6719
05
16
#6720
b11101000 #
b1110100011100000 (
b1110100011100000 )
b100011110 2
15
06
#6721
05
16
#6722
b11110000 #
b1111000011100000 (
b1111000011100000 )
b100011111 2
15
06
#6723
05
16
#6724
b11111000 #
b1111100011100000 (
b1111100011100000 )
b100100000 2
15
06
#6725
05
16
#6726
b00000000 #
b0000000011100000 (
b0000000011100000 )
b100100001 2
15
06
#6727
05
16
#6728
b00001000 #
b0000100011100000 (
b0000100011100000 )
b100100010 2
15
06
#6729
05
16
#6730
b00010000 #
b0001000011100000 (
b0001000011100000 )
b100100011 2
15
06
#6731
05
16
#6732
b00011000 #
b0001100011100000 (
b0001100011100000 )
b100100100 2
15
06
#6733
05
16
#6734
b00100000 #
b0010000011100000 (
b0010000011100000 )
b100100101 2
15
06
#6735
05
16
#6736
b00101000 #
b0010100011100000 (
b0010100011100000 )
b100100110 2
15
06
#6737
05
16
#6738
b00110000 #
b0011000011100000 (
b0011000011100000 )
b100100111 2
15
06
#6739
05
16
#6740
b00111000 #
b0011100011100000 (
b0011100011100000 )
b100101000 2
15
06
#6741
05
16
#6742
b01000000 #
b0100000011100000 (
b0100000011100000 )
b100101001 2
15
06
#6743
05
16
#6744
b01001000 #
b0100100011100000 (
b0100100011100000 )
b100101010 2
15
06
#6745
05
16
#6746
b01010000 #
b0101000011100000 (
b0101000011100000 )
b100101011 2
15
06
#6747
05
16
#6748
b01011000 #
b0101100011100000 (
b0101100011100000 )
b100101100 2
15
06
#6749
05
16
#6750
b01100000 #
b0110000011100000 (
b0110000011100000 )
b100101101 2
15
06
#6751
05
16
#6752
b01101000 #
b0110100011100000 (
b0110100011100000 )
b100101110 2
15
06
#6753
05
16
#6754
b01110000 #
b0111000011100000 (
b0111000011100000 )
b100101111 2
15
06
#6755
05
16
#6756
b01111000 #
b0111100011100000 (
b0111100011100000 )
b100110000 2
15
06
#6757
05
16
#6758
b10000000 #
b1000000011100000 (
b1000000011100000 )
b100110001 2
15
06
#6759
05
16
#6760
b10001000 #
b1000100011100000 (
b1000100011100000 )
b100110010 2
15
06
#6761
05
16
#6762
b10010000 #
b1001000011100000 (
b1001000011100000 )
b100110011 2
15
06
#6763
05
16
#6764
b10011000 #
b1001100011100000 (
b1001100011100000 )
b100110100 2
15
06
#6765
05
16
#6766
b10100000 #
b1010000011100000 (
b1010000011100000 )
b100110101 2
15
06
#6767
05
16
#6768
b10101000 #
b1010100011100000 (
b1010100011100000 )
b100110110 2
15
06
#6769
05
16
#6770
b10110000 #
b1011000011100000 (
b1011000011100000 )
b100110111 2
15
06
#6771
05
16
#6772
b10111000 #
b1011100011100000 (
b1011100011100000 )
b100111000 2
15
06
#6773
05
16
#6774
b11000000 #
b1100000011100000 (
b1100000011100000 )
b100111001 2
15
06
#6775
05
16
#6776
b11001000 #
b1100100011100000 (
b1100100011100000 )
b100111010 2
15
06
#6777
05
16
#6778
b11010000 #
b1101000011100000 (
b1101000011100000 )
b100111011 2
15
06
#6779
05
16
#6780
b11011000 #
b1101100011100000 (
b1101100011100000 )
b100111100 2
15
06
#6781
05
16
#6782
b11100000 #
b1110000011100000 (
b1110000011100000 )
b100111101 2
15
06
#6783
05
16
#6784
b11101000 #
b1110100011100000 (
b1110100011100000 )
b100111110 2
15
06
#6785
05
16
#6786
b11110000 #
b1111000011100000 (
b1111000011100000 )
b100111111 2
15
06
#6787
05
16
#6788
b11111000 #
b1111100011100000 (
b1111100011100000 )
b000000000 2
b00001000 3
15
06
#6789
05
16
#6790
b00000001 #
b00000000 $
b0000000100000000 (
b0000000100000000 )
b000000001 2
15
06
#6791
05
16
#6792
b00001001 #
b0000100100000000 (
b0000100100000000 )
b000000010 2
15
06
#6793
05
16
#6794
b00010001 #
b0001000100000000 (
b0001000100000000 )
b000000011 2
15
06
#6795
05
16
#6796
b00011001 #
b0001100100000000 (
b0001100100000000 )
b000000100 2
15
06
#6797
05
16
#6798
b00100001 #
b0010000100000000 (
b0010000100000000 )
b000000101 2
15
06
#6799
05
16
#6800
b00101001 #
b0010100100000000 (
b0010100100000000 )
b000000110 2
15
06
#6801
05
16
#6802
b00110001 #
b0011000100000000 (
b0011000100000000 )
b000000111 2
15
06
#6803
05
16
#6804
b00111001 #
b0011100100000000 (
b0011100100000000 )
b000001000 2
15
06
#6805
05
16
#6806
b01000001 #
b0100000100000000 (
b0100000100000000 )
b000001001 2
15
06
#6807
05
16
#6808
b01001001 #
b0100100100000000 (
b0100100100000000 )
b000001010 2
15
06
#6809
05
16
#6810
b01010001 #
b0101000100000000 (
b0101000100000000 )
b000001011 2
15
06
#6811
05
16
#6812
b01011001 #
b0101100100000000 (
b0101100100000000 )
b000001100 2
15
06
#6813
05
16
#6814
b01100001 #
b0110000100000000 (
b0110000100000000 )
b000001101 2
15
06
#6815
05
16
#6816
b01101001 #
b0110100100000000 (
b0110100100000000 )
b000001110 2
15
06
#6817
05
16
#6818
b01110001 #
b0111000100000000 (
b0111000100000000 )
b000001111 2
15
06
#6819
05
16
#6820
b01111001 #
b0111100100000000 (
b0111100100000000 )
b000010000 2
15
06
#6821
05
16
#6822
b10000001 #
b1000000100000000 (
b1000000100000000 )
b000010001 2
15
06
#6823
05
16
#6824
b10001001 #
b1000100100000000 (
b1000100100000000 )
b000010010 2
15
06
#6825
05
16
#6826
b10010001 #
b1001000100000000 (
b1001000100000000 )
b000010011 2
15
06
#6827
05
16
#6828
b10011001 #
b1001100100000000 (
b1001100100000000 )
b000010100 2
15
06
#6829
05
16
#6830
b10100001 #
b1010000100000000 (
b1010000100000000 )
b000010101 2
15
06
#6831
05
16
#6832
b10101001 #
b1010100100000000 (
b1010100100000000 )
b000010110 2
15
06
#6833
05
16
#6834
b10110001 #
b1011000100000000 (
b1011000100000000 )
b000010111 2
15
06
#6835
05
16
#6836
b10111001 #
b1011100100000000 (
b1011100100000000 )
b000011000 2
15
06
#6837
05
16
#6838
b11000001 #
b1100000100000000 (
b1100000100000000 )
b000011001 2
15
06
#6839
05
16
#6840
b11001001 #
b1100100100000000 (
b1100100100000000 )
b000011010 2
15
06
#6841
05
16
#6842
b11010001 #
b1101000100000000 (
b1101000100000000 )
b000011011 2
15
06
#6843
05
16
#6844
b11011001 #
b1101100100000000 (
b1101100100000000 )
b000011100 2
15
06
#6845
05
16
#6846
b11100001 #
b1110000100000000 (
b1110000100000000 )
b000011101 2
15
06
#6847
05
16
#6848
b11101001 #
b1110100100000000 (
b1110100100000000 )
b000011110 2
15
06
#6849
05
16
#6850
b11110001 #
b1111000100000000 (
b1111000100000000 )
b000011111 2
15
06
#6851
05
16
#6852
b11111001 #
b1111100100000000 (
b1111100100000000 )
b000100000 2
15
06
#6853
05
16
#6854
b00000001 #
b0000000100000000 (
b0000000100000000 )
b000100001 2
15
06
#6855
05
16
#6856
b00001001 #
b0000100100000000 (
b0000100100000000 )
b000100010 2
15
06
#6857
05
16
#6858
b00010001 #
b0001000100000000 (
b0001000100000000 )
b000100011 2
15
06
#6859
05
16
#6860
b00011001 #
b0001100100000000 (
b0001100100000000 )
b000100100 2
15
06
#6861
05
16
#6862
b00100001 #
b0010000100000000 (
b0010000100000000 )
b000100101 2
15
06
#6863
05
16
#6864
b00101001 #
b0010100100000000 (
b0010100100000000 )
b000100110 2
15
06
#6865
05
16
#6866
b00110001 #
b0011000100000000 (
b0011000100000000 )
b000100111 2
15
06
#6867
05
16
#6868
b00111001 #
b0011100100000000 (
b0011100100000000 )
b000101000 2
15
06
#6869
05
16
#6870
b01000001 #
b0100000100000000 (
b0100000100000000 )
b000101001 2
15
06
#6871
05
16
#6872
b01001001 #
b0100100100000000 (
b0100100100000000 )
b000101010 2
15
06
#6873
05
16
#6874
b01010001 #
b0101000100000000 (
b0101000100000000 )
b000101011 2
15
06
#6875
05
16
#6876
b01011001 #
b0101100100000000 (
b0101100100000000 )
b000101100 2
15
06
#6877
05
16
#6878
b01100001 #
b0110000100000000 (
b0110000100000000 )
b000101101 2
15
06
#6879
05
16
#6880
b01101001 #
b0110100100000000 (
b0110100100000000 )
b000101110 2
15
06
#6881
05
16
#6882
b01110001 #
b0111000100000000 (
b0111000100000000 )
b000101111 2
15
06
#6883
05
16
#6884
b01111001 #
b0111100100000000 (
b0111100100000000 )
b000110000 2
15
06
#6885
05
16
#6886
b10000001 #
b1000000100000000 (
b1000000100000000 )
b000110001 2
15
06
#6887
05
16
#6888
b10001001 #
b1000100100000000 (
b1000100100000000 )
b000110010 2
15
06
#6889
05
16
#6890
b10010001 #
b1001000100000000 (
b1001000100000000 )
b000110011 2
15
06
#6891
05
16
#6892
b10011001 #
b1001100100000000 (
b1001100100000000 )
b000110100 2
15
06
#6893
05
16
#6894
b10100001 #
b1010000100000000 (
b1010000100000000 )
b000110101 2
15
06
#6895
05
16
#6896
b10101001 #
b1010100100000000 (
b1010100100000000 )
b000110110 2
15
06
#6897
05
16
#6898
b10110001 #
b1011000100000000 (
b1011000100000000 )
b000110111 2
15
06
#6899
05
16
#6900
b10111001 #
b1011100100000000 (
b1011100100000000 )
b000111000 2
15
06
#6901
05
16
#6902
b11000001 #
b1100000100000000 (
b1100000100000000 )
b000111001 2
15
06
#6903
05
16
#6904
b11001001 #
b1100100100000000 (
b1100100100000000 )
b000111010 2
15
06
#6905
05
16
#6906
b11010001 #
b1101000100000000 (
b1101000100000000 )
b000111011 2
15
06
#6907
05
16
#6908
b11011001 #
b1101100100000000 (
b1101100100000000 )
b000111100 2
15
06
#6909
05
16
#6910
b11100001 #
b1110000100000000 (
b1110000100000000 )
b000111101 2
15
06
#6911
05
16
#6912
b11101001 #
b1110100100000000 (
b1110100100000000 )
b000111110 2
15
06
#6913
05
16
#6914
b11110001 #
b1111000100000000 (
b1111000100000000 )
b000111111 2
15
06
#6915
05
16
#6916
b11111001 #
b1111100100000000 (
b1111100100000000 )
b001000000 2
15
06
#6917
05
16
#6918
b00000001 #
b0000000100000000 (
b0000000100000000 )
b001000001 2
15
06
#6919
05
16
#6920
b00001001 #
b0000100100000000 (
b0000100100000000 )
b001000010 2
15
06
#6921
05
16
#6922
b00010001 #
b0001000100000000 (
b0001000100000000 )
b001000011 2
15
06
#6923
05
16
#6924
b00011001 #
b0001100100000000 (
b0001100100000000 )
b001000100 2
15
06
#6925
05
16
#6926
b00100001 #
b0010000100000000 (
b0010000100000000 )
b001000101 2
15
06
#6927
05
16
#6928
b00101001 #
b0010100100000000 (
b0010100100000000 )
b001000110 2
15
06
#6929
05
16
#6930
b00110001 #
b0011000100000000 (
b0011000100000000 )
b001000111 2
15
06
#6931
05
16
#6932
b00111001 #
b0011100100000000 (
b0011100100000000 )
b001001000 2
15
06
#6933
05
16
#6934
b01000001 #
b0100000100000000 (
b0100000100000000 )
b001001001 2
15
06
#6935
05
16
#6936
b01001001 #
b0100100100000000 (
b0100100100000000 )
b001001010 2
15
06
#6937
05
16
#6938
b01010001 #
b0101000100000000 (
b0101000100000000 )
b001001011 2
15
06
#6939
05
16
#6940
b01011001 #
b0101100100000000 (
b0101100100000000 )
b001001100 2
15
06
#6941
05
16
#6942
b01100001 #
b0110000100000000 (
b0110000100000000 )
b001001101 2
15
06
#6943
05
16
#6944
b01101001 #
b0110100100000000 (
b0110100100000000 )
b001001110 2
15
06
#6945
05
16
#6946
b01110001 #
b0111000100000000 (
b0111000100000000 )
b001001111 2
15
06
#6947
05
16
#6948
b01111001 #
b0111100100000000 (
b0111100100000000 )
b001010000 2
15
06
#6949
05
16
#6950
b10000001 #
b1000000100000000 (
b1000000100000000 )
b001010001 2
15
06
#6951
05
16
#6952
b10001001 #
b1000100100000000 (
b1000100100000000 )
b001010010 2
15
06
#6953
05
16
#6954
b10010001 #
b1001000100000000 (
b1001000100000000 )
b001010011 2
15
06
#6955
05
16
#6956
b10011001 #
b1001100100000000 (
b1001100100000000 )
b001010100 2
15
06
#6957
05
16
#6958
b10100001 #
b1010000100000000 (
b1010000100000000 )
b001010101 2
15
06
#6959
05
16
#6960
b10101001 #
b1010100100000000 (
b1010100100000000 )
b001010110 2
15
06
#6961
05
16
#6962
b10110001 #
b1011000100000000 (
b1011000100000000 )
b001010111 2
15
06
#6963
05
16
#6964
b10111001 #
b1011100100000000 (
b1011100100000000 )
b001011000 2
15
06
#6965
05
16
#6966
b11000001 #
b1100000100000000 (
b1100000100000000 )
b001011001 2
15
06
#6967
05
16
#6968
b11001001 #
b1100100100000000 (
b1100100100000000 )
b001011010 2
15
06
#6969
05
16
#6970
b11010001 #
b1101000100000000 (
b1101000100000000 )
b001011011 2
15
06
#6971
05
16
#6972
b11011001 #
b1101100100000000 (
b1101100100000000 )
b001011100 2
15
06
#6973
05
16
#6974
b11100001 #
b1110000100000000 (
b1110000100000000 )
b001011101 2
15
06
#6975
05
16
#6976
b11101001 #
b1110100100000000 (
b1110100100000000 )
b001011110 2
15
06
#6977
05
16
#6978
b11110001 #
b1111000100000000 (
b1111000100000000 )
b001011111 2
15
06
#6979
05
16
#6980
b11111001 #
b1111100100000000 (
b1111100100000000 )
b001100000 2
15
06
#6981
05
16
#6982
b00000001 #
b0000000100000000 (
b0000000100000000 )
b001100001 2
15
06
#6983
05
16
#6984
b00001001 #
b0000100100000000 (
b0000100100000000 )
b001100010 2
15
06
#6985
05
16
#6986
b00010001 #
b0001000100000000 (
b0001000100000000 )
b001100011 2
15
06
#6987
05
16
#6988
b00011001 #
b0001100100000000 (
b0001100100000000 )
b001100100 2
15
06
#6989
05
16
#6990
b00100001 #
b0010000100000000 (
b0010000100000000 )
b001100101 2
15
06
#6991
05
16
#6992
b00101001 #
b0010100100000000 (
b0010100100000000 )
b001100110 2
15
06
#6993
05
16
#6994
b00110001 #
b0011000100000000 (
b0011000100000000 )
b001100111 2
15
06
#6995
05
16
#6996
b00111001 #
b0011100100000000 (
b0011100100000000 )
b001101000 2
15
06
#6997
05
16
#6998
b01000001 #
b0100000100000000 (
b0100000100000000 )
b001101001 2
15
06
#6999
05
16
#7000
b01001001 #
b0100100100000000 (
b0100100100000000 )
b001101010 2
15
06
#7001
05
16
#7002
b01010001 #
b0101000100000000 (
b0101000100000000 )
b001101011 2
15
06
#7003
05
16
#7004
b01011001 #
b0101100100000000 (
b0101100100000000 )
b001101100 2
15
06
#7005
05
16
#7006
b01100001 #
b0110000100000000 (
b0110000100000000 )
b001101101 2
15
06
#7007
05
16
#7008
b01101001 #
b0110100100000000 (
b0110100100000000 )
b001101110 2
15
06
#7009
05
16
#7010
b01110001 #
b0111000100000000 (
b0111000100000000 )
b001101111 2
15
06
#7011
05
16
#7012
b01111001 #
b0111100100000000 (
b0111100100000000 )
b001110000 2
15
06
#7013
05
16
#7014
b10000001 #
b1000000100000000 (
b1000000100000000 )
b001110001 2
15
06
#7015
05
16
#7016
b10001001 #
b1000100100000000 (
b1000100100000000 )
b001110010 2
15
06
#7017
05
16
#7018
b10010001 #
b1001000100000000 (
b1001000100000000 )
b001110011 2
15
06
#7019
05
16
#7020
b10011001 #
b1001100100000000 (
b1001100100000000 )
b001110100 2
15
06
#7021
05
16
#7022
b10100001 #
b1010000100000000 (
b1010000100000000 )
b001110101 2
15
06
#7023
05
16
#7024
b10101001 #
b1010100100000000 (
b1010100100000000 )
b001110110 2
15
06
#7025
05
16
#7026
b10110001 #
b1011000100000000 (
b1011000100000000 )
b001110111 2
15
06
#7027
05
16
#7028
b10111001 #
b1011100100000000 (
b1011100100000000 )
b001111000 2
15
06
#7029
05
16
#7030
b11000001 #
b1100000100000000 (
b1100000100000000 )
b001111001 2
15
06
#7031
05
16
#7032
b11001001 #
b1100100100000000 (
b1100100100000000 )
b001111010 2
15
06
#7033
05
16
#7034
b11010001 #
b1101000100000000 (
b1101000100000000 )
b001111011 2
15
06
#7035
05
16
#7036
b11011001 #
b1101100100000000 (
b1101100100000000 )
b001111100 2
15
06
#7037
05
16
#7038
b11100001 #
b1110000100000000 (
b1110000100000000 )
b001111101 2
15
06
#7039
05
16
#7040
b11101001 #
b1110100100000000 (
b1110100100000000 )
b001111110 2
15
06
#7041
05
16
#7042
b11110001 #
b1111000100000000 (
b1111000100000000 )
b001111111 2
15
06
#7043
05
16
#7044
b11111001 #
b1111100100000000 (
b1111100100000000 )
b010000000 2
15
06
#7045
05
16
#7046
b00000001 #
b0000000100000000 (
b0000000100000000 )
b010000001 2
15
06
#7047
05
16
#7048
b00001001 #
b0000100100000000 (
b0000100100000000 )
b010000010 2
15
06
#7049
05
16
#7050
b00010001 #
b0001000100000000 (
b0001000100000000 )
b010000011 2
15
06
#7051
05
16
#7052
b00011001 #
b0001100100000000 (
b0001100100000000 )
b010000100 2
15
06
#7053
05
16
#7054
b00100001 #
b0010000100000000 (
b0010000100000000 )
b010000101 2
15
06
#7055
05
16
#7056
b00101001 #
b0010100100000000 (
b0010100100000000 )
b010000110 2
15
06
#7057
05
16
#7058
b00110001 #
b0011000100000000 (
b0011000100000000 )
b010000111 2
15
06
#7059
05
16
#7060
b00111001 #
b0011100100000000 (
b0011100100000000 )
b010001000 2
15
06
#7061
05
16
#7062
b01000001 #
b0100000100000000 (
b0100000100000000 )
b010001001 2
15
06
#7063
05
16
#7064
b01001001 #
b0100100100000000 (
b0100100100000000 )
b010001010 2
15
06
#7065
05
16
#7066
b01010001 #
b0101000100000000 (
b0101000100000000 )
b010001011 2
15
06
#7067
05
16
#7068
b01011001 #
b0101100100000000 (
b0101100100000000 )
b010001100 2
15
06
#7069
05
16
#7070
b01100001 #
b0110000100000000 (
b0110000100000000 )
b010001101 2
15
06
#7071
05
16
#7072
b01101001 #
b0110100100000000 (
b0110100100000000 )
b010001110 2
15
06
#7073
05
16
#7074
b01110001 #
b0111000100000000 (
b0111000100000000 )
b010001111 2
15
06
#7075
05
16
#7076
b01111001 #
b0111100100000000 (
b0111100100000000 )
b010010000 2
15
06
#7077
05
16
#7078
b10000001 #
b1000000100000000 (
b1000000100000000 )
b010010001 2
15
06
#7079
05
16
#7080
b10001001 #
b1000100100000000 (
b1000100100000000 )
b010010010 2
15
06
#7081
05
16
#7082
b10010001 #
b1001000100000000 (
b1001000100000000 )
b010010011 2
15
06
#7083
05
16
#7084
b10011001 #
b1001100100000000 (
b1001100100000000 )
b010010100 2
15
06
#7085
05
16
#7086
b10100001 #
b1010000100000000 (
b1010000100000000 )
b010010101 2
15
06
#7087
05
16
#7088
b10101001 #
b1010100100000000 (
b1010100100000000 )
b010010110 2
15
06
#7089
05
16
#7090
b10110001 #
b1011000100000000 (
b1011000100000000 )
b010010111 2
15
06
#7091
05
16
#7092
b10111001 #
b1011100100000000 (
b1011100100000000 )
b010011000 2
15
06
#7093
05
16
#7094
b11000001 #
b1100000100000000 (
b1100000100000000 )
b010011001 2
15
06
#7095
05
16
#7096
b11001001 #
b1100100100000000 (
b1100100100000000 )
b010011010 2
15
06
#7097
05
16
#7098
b11010001 #
b1101000100000000 (
b1101000100000000 )
b010011011 2
15
06
#7099
05
16
#7100
b11011001 #
b1101100100000000 (
b1101100100000000 )
b010011100 2
15
06
#7101
05
16
#7102
b11100001 #
b1110000100000000 (
b1110000100000000 )
b010011101 2
15
06
#7103
05
16
#7104
b11101001 #
b1110100100000000 (
b1110100100000000 )
b010011110 2
15
06
#7105
05
16
#7106
b11110001 #
b1111000100000000 (
b1111000100000000 )
b010011111 2
15
06
#7107
05
16
#7108
b11111001 #
b1111100100000000 (
b1111100100000000 )
b010100000 2
15
06
#7109
05
16
#7110
b00000001 #
b0000000100000000 (
b0000000100000000 )
b010100001 2
15
06
#7111
05
16
#7112
b00001001 #
b0000100100000000 (
b0000100100000000 )
b010100010 2
15
06
#7113
05
16
#7114
b00010001 #
b0001000100000000 (
b0001000100000000 )
b010100011 2
15
06
#7115
05
16
#7116
b00011001 #
b0001100100000000 (
b0001100100000000 )
b010100100 2
15
06
#7117
05
16
#7118
b00100001 #
b0010000100000000 (
b0010000100000000 )
b010100101 2
15
06
#7119
05
16
#7120
b00101001 #
b0010100100000000 (
b0010100100000000 )
b010100110 2
15
06
#7121
05
16
#7122
b00110001 #
b0011000100000000 (
b0011000100000000 )
b010100111 2
15
06
#7123
05
16
#7124
b00111001 #
b0011100100000000 (
b0011100100000000 )
b010101000 2
15
06
#7125
05
16
#7126
b01000001 #
b0100000100000000 (
b0100000100000000 )
b010101001 2
15
06
#7127
05
16
#7128
b01001001 #
b0100100100000000 (
b0100100100000000 )
b010101010 2
15
06
#7129
05
16
#7130
b01010001 #
b0101000100000000 (
b0101000100000000 )
b010101011 2
15
06
#7131
05
16
#7132
b01011001 #
b0101100100000000 (
b0101100100000000 )
b010101100 2
15
06
#7133
05
16
#7134
b01100001 #
b0110000100000000 (
b0110000100000000 )
b010101101 2
15
06
#7135
05
16
#7136
b01101001 #
b0110100100000000 (
b0110100100000000 )
b010101110 2
15
06
#7137
05
16
#7138
b01110001 #
b0111000100000000 (
b0111000100000000 )
b010101111 2
15
06
#7139
05
16
#7140
b01111001 #
b0111100100000000 (
b0111100100000000 )
b010110000 2
15
06
#7141
05
16
#7142
b10000001 #
b1000000100000000 (
b1000000100000000 )
b010110001 2
15
06
#7143
05
16
#7144
b10001001 #
b1000100100000000 (
b1000100100000000 )
b010110010 2
15
06
#7145
05
16
#7146
b10010001 #
b1001000100000000 (
b1001000100000000 )
b010110011 2
15
06
#7147
05
16
#7148
b10011001 #
b1001100100000000 (
b1001100100000000 )
b010110100 2
15
06
#7149
05
16
#7150
b10100001 #
b1010000100000000 (
b1010000100000000 )
b010110101 2
15
06
#7151
05
16
#7152
b10101001 #
b1010100100000000 (
b1010100100000000 )
b010110110 2
15
06
#7153
05
16
#7154
b10110001 #
b1011000100000000 (
b1011000100000000 )
b010110111 2
15
06
#7155
05
16
#7156
b10111001 #
b1011100100000000 (
b1011100100000000 )
b010111000 2
15
06
#7157
05
16
#7158
b11000001 #
b1100000100000000 (
b1100000100000000 )
b010111001 2
15
06
#7159
05
16
#7160
b11001001 #
b1100100100000000 (
b1100100100000000 )
b010111010 2
15
06
#7161
05
16
#7162
b11010001 #
b1101000100000000 (
b1101000100000000 )
b010111011 2
15
06
#7163
05
16
#7164
b11011001 #
b1101100100000000 (
b1101100100000000 )
b010111100 2
15
06
#7165
05
16
#7166
b11100001 #
b1110000100000000 (
b1110000100000000 )
b010111101 2
15
06
#7167
05
16
#7168
b11101001 #
b1110100100000000 (
b1110100100000000 )
b010111110 2
15
06
#7169
05
16
#7170
b11110001 #
b1111000100000000 (
b1111000100000000 )
b010111111 2
15
06
#7171
05
16
#7172
b11111001 #
b1111100100000000 (
b1111100100000000 )
b011000000 2
15
06
#7173
05
16
#7174
b00000001 #
b0000000100000000 (
b0000000100000000 )
b011000001 2
15
06
#7175
05
16
#7176
b00001001 #
b0000100100000000 (
b0000100100000000 )
b011000010 2
15
06
#7177
05
16
#7178
b00010001 #
b0001000100000000 (
b0001000100000000 )
b011000011 2
15
06
#7179
05
16
#7180
b00011001 #
b0001100100000000 (
b0001100100000000 )
b011000100 2
15
06
#7181
05
16
#7182
b00100001 #
b0010000100000000 (
b0010000100000000 )
b011000101 2
15
06
#7183
05
16
#7184
b00101001 #
b0010100100000000 (
b0010100100000000 )
b011000110 2
15
06
#7185
05
16
#7186
b00110001 #
b0011000100000000 (
b0011000100000000 )
b011000111 2
15
06
#7187
05
16
#7188
b00111001 #
b0011100100000000 (
b0011100100000000 )
b011001000 2
15
06
#7189
05
16
#7190
b01000001 #
b0100000100000000 (
b0100000100000000 )
b011001001 2
15
06
#7191
05
16
#7192
b01001001 #
b0100100100000000 (
b0100100100000000 )
b011001010 2
15
06
#7193
05
16
#7194
b01010001 #
b0101000100000000 (
b0101000100000000 )
b011001011 2
15
06
#7195
05
16
#7196
b01011001 #
b0101100100000000 (
b0101100100000000 )
b011001100 2
15
06
#7197
05
16
#7198
b01100001 #
b0110000100000000 (
b0110000100000000 )
b011001101 2
15
06
#7199
05
16
#7200
b01101001 #
b0110100100000000 (
b0110100100000000 )
b011001110 2
15
06
#7201
05
16
#7202
b01110001 #
b0111000100000000 (
b0111000100000000 )
b011001111 2
15
06
#7203
05
16
#7204
b01111001 #
b0111100100000000 (
b0111100100000000 )
b011010000 2
15
06
#7205
05
16
#7206
b10000001 #
b1000000100000000 (
b1000000100000000 )
b011010001 2
15
06
#7207
05
16
#7208
b10001001 #
b1000100100000000 (
b1000100100000000 )
b011010010 2
15
06
#7209
05
16
#7210
b10010001 #
b1001000100000000 (
b1001000100000000 )
b011010011 2
15
06
#7211
05
16
#7212
b10011001 #
b1001100100000000 (
b1001100100000000 )
b011010100 2
15
06
#7213
05
16
#7214
b10100001 #
b1010000100000000 (
b1010000100000000 )
b011010101 2
15
06
#7215
05
16
#7216
b10101001 #
b1010100100000000 (
b1010100100000000 )
b011010110 2
15
06
#7217
05
16
#7218
b10110001 #
b1011000100000000 (
b1011000100000000 )
b011010111 2
15
06
#7219
05
16
#7220
b10111001 #
b1011100100000000 (
b1011100100000000 )
b011011000 2
15
06
#7221
05
16
#7222
b11000001 #
b1100000100000000 (
b1100000100000000 )
b011011001 2
15
06
#7223
05
16
#7224
b11001001 #
b1100100100000000 (
b1100100100000000 )
b011011010 2
15
06
#7225
05
16
#7226
b11010001 #
b1101000100000000 (
b1101000100000000 )
b011011011 2
15
06
#7227
05
16
#7228
b11011001 #
b1101100100000000 (
b1101100100000000 )
b011011100 2
15
06
#7229
05
16
#7230
b11100001 #
b1110000100000000 (
b1110000100000000 )
b011011101 2
15
06
#7231
05
16
#7232
b11101001 #
b1110100100000000 (
b1110100100000000 )
b011011110 2
15
06
#7233
05
16
#7234
b11110001 #
b1111000100000000 (
b1111000100000000 )
b011011111 2
15
06
#7235
05
16
#7236
b11111001 #
b1111100100000000 (
b1111100100000000 )
b011100000 2
15
06
#7237
05
16
#7238
b00000001 #
b0000000100000000 (
b0000000100000000 )
b011100001 2
15
06
#7239
05
16
#7240
b00001001 #
b0000100100000000 (
b0000100100000000 )
b011100010 2
15
06
#7241
05
16
#7242
b00010001 #
b0001000100000000 (
b0001000100000000 )
b011100011 2
15
06
#7243
05
16
#7244
b00011001 #
b0001100100000000 (
b0001100100000000 )
b011100100 2
15
06
#7245
05
16
#7246
b00100001 #
b0010000100000000 (
b0010000100000000 )
b011100101 2
15
06
#7247
05
16
#7248
b00101001 #
b0010100100000000 (
b0010100100000000 )
b011100110 2
15
06
#7249
05
16
#7250
b00110001 #
b0011000100000000 (
b0011000100000000 )
b011100111 2
15
06
#7251
05
16
#7252
b00111001 #
b0011100100000000 (
b0011100100000000 )
b011101000 2
15
06
#7253
05
16
#7254
b01000001 #
b0100000100000000 (
b0100000100000000 )
b011101001 2
15
06
#7255
05
16
#7256
b01001001 #
b0100100100000000 (
b0100100100000000 )
b011101010 2
15
06
#7257
05
16
#7258
b01010001 #
b0101000100000000 (
b0101000100000000 )
b011101011 2
15
06
#7259
05
16
#7260
b01011001 #
b0101100100000000 (
b0101100100000000 )
b011101100 2
15
06
#7261
05
16
#7262
b01100001 #
b0110000100000000 (
b0110000100000000 )
b011101101 2
15
06
#7263
05
16
#7264
b01101001 #
b0110100100000000 (
b0110100100000000 )
b011101110 2
15
06
#7265
05
16
#7266
b01110001 #
b0111000100000000 (
b0111000100000000 )
b011101111 2
15
06
#7267
05
16
#7268
b01111001 #
b0111100100000000 (
b0111100100000000 )
b011110000 2
15
06
#7269
05
16
#7270
b10000001 #
b1000000100000000 (
b1000000100000000 )
b011110001 2
15
06
#7271
05
16
#7272
b10001001 #
b1000100100000000 (
b1000100100000000 )
b011110010 2
15
06
#7273
05
16
#7274
b10010001 #
b1001000100000000 (
b1001000100000000 )
b011110011 2
15
06
#7275
05
16
#7276
b10011001 #
b1001100100000000 (
b1001100100000000 )
b011110100 2
15
06
#7277
05
16
#7278
b10100001 #
b1010000100000000 (
b1010000100000000 )
b011110101 2
15
06
#7279
05
16
#7280
b10101001 #
b1010100100000000 (
b1010100100000000 )
b011110110 2
15
06
#7281
05
16
#7282
b10110001 #
b1011000100000000 (
b1011000100000000 )
b011110111 2
15
06
#7283
05
16
#7284
b10111001 #
b1011100100000000 (
b1011100100000000 )
b011111000 2
15
06
#7285
05
16
#7286
b11000001 #
b1100000100000000 (
b1100000100000000 )
b011111001 2
15
06
#7287
05
16
#7288
b11001001 #
b1100100100000000 (
b1100100100000000 )
b011111010 2
15
06
#7289
05
16
#7290
b11010001 #
b1101000100000000 (
b1101000100000000 )
b011111011 2
15
06
#7291
05
16
#7292
b11011001 #
b1101100100000000 (
b1101100100000000 )
b011111100 2
15
06
#7293
05
16
#7294
b11100001 #
b1110000100000000 (
b1110000100000000 )
b011111101 2
15
06
#7295
05
16
#7296
b11101001 #
b1110100100000000 (
b1110100100000000 )
b011111110 2
15
06
#7297
05
16
#7298
b11110001 #
b1111000100000000 (
b1111000100000000 )
b011111111 2
15
06
#7299
05
16
#7300
b11111001 #
b1111100100000000 (
b1111100100000000 )
b100000000 2
15
06
#7301
05
16
#7302
b00000001 #
b0000000100000000 (
b0000000100000000 )
b100000001 2
15
06
#7303
05
16
#7304
b00001001 #
b0000100100000000 (
b0000100100000000 )
b100000010 2
15
06
#7305
05
16
#7306
b00010001 #
b0001000100000000 (
b0001000100000000 )
b100000011 2
15
06
#7307
05
16
#7308
b00011001 #
b0001100100000000 (
b0001100100000000 )
b100000100 2
15
06
#7309
05
16
#7310
b00100001 #
b0010000100000000 (
b0010000100000000 )
b100000101 2
15
06
#7311
05
16
#7312
b00101001 #
b0010100100000000 (
b0010100100000000 )
b100000110 2
15
06
#7313
05
16
#7314
b00110001 #
b0011000100000000 (
b0011000100000000 )
b100000111 2
15
06
#7315
05
16
#7316
b00111001 #
b0011100100000000 (
b0011100100000000 )
b100001000 2
15
06
#7317
05
16
#7318
b01000001 #
b0100000100000000 (
b0100000100000000 )
b100001001 2
15
06
#7319
05
16
#7320
b01001001 #
b0100100100000000 (
b0100100100000000 )
b100001010 2
15
06
#7321
05
16
#7322
b01010001 #
b0101000100000000 (
b0101000100000000 )
b100001011 2
15
06
#7323
05
16
#7324
b01011001 #
b0101100100000000 (
b0101100100000000 )
b100001100 2
15
06
#7325
05
16
#7326
b01100001 #
b0110000100000000 (
b0110000100000000 )
b100001101 2
15
06
#7327
05
16
#7328
b01101001 #
b0110100100000000 (
b0110100100000000 )
b100001110 2
15
06
#7329
05
16
#7330
b01110001 #
b0111000100000000 (
b0111000100000000 )
b100001111 2
15
06
#7331
05
16
#7332
b01111001 #
b0111100100000000 (
b0111100100000000 )
b100010000 2
15
06
#7333
05
16
#7334
b10000001 #
b1000000100000000 (
b1000000100000000 )
b100010001 2
15
06
#7335
05
16
#7336
b10001001 #
b1000100100000000 (
b1000100100000000 )
b100010010 2
15
06
#7337
05
16
#7338
b10010001 #
b1001000100000000 (
b1001000100000000 )
b100010011 2
15
06
#7339
05
16
#7340
b10011001 #
b1001100100000000 (
b1001100100000000 )
b100010100 2
15
06
#7341
05
16
#7342
b10100001 #
b1010000100000000 (
b1010000100000000 )
b100010101 2
15
06
#7343
05
16
#7344
b10101001 #
b1010100100000000 (
b1010100100000000 )
b100010110 2
15
06
#7345
05
16
#7346
b10110001 #
b1011000100000000 (
b1011000100000000 )
b100010111 2
15
06
#7347
05
16
#7348
b10111001 #
b1011100100000000 (
b1011100100000000 )
b100011000 2
15
06
#7349
05
16
#7350
b11000001 #
b1100000100000000 (
b1100000100000000 )
b100011001 2
15
06
#7351
05
16
#7352
b11001001 #
b1100100100000000 (
b1100100100000000 )
b100011010 2
15
06
#7353
05
16
#7354
b11010001 #
b1101000100000000 (
b1101000100000000 )
b100011011 2
15
06
#7355
05
16
#7356
b11011001 #
b1101100100000000 (
b1101100100000000 )
b100011100 2
15
06
#7357
05
16
#7358
b11100001 #
b1110000100000000 (
b1110000100000000 )
b100011101 2
15
06
#7359
05
16
#7360
b11101001 #
b1110100100000000 (
b1110100100000000 )
b100011110 2
15
06
#7361
05
16
#7362
b11110001 #
b1111000100000000 (
b1111000100000000 )
b100011111 2
15
06
#7363
05
16
#7364
b11111001 #
b1111100100000000 (
b1111100100000000 )
b100100000 2
15
06
#7365
05
16
#7366
b00000001 #
b0000000100000000 (
b0000000100000000 )
b100100001 2
15
06
#7367
05
16
#7368
b00001001 #
b0000100100000000 (
b0000100100000000 )
b100100010 2
15
06
#7369
05
16
#7370
b00010001 #
b0001000100000000 (
b0001000100000000 )
b100100011 2
15
06
#7371
05
16
#7372
b00011001 #
b0001100100000000 (
b0001100100000000 )
b100100100 2
15
06
#7373
05
16
#7374
b00100001 #
b0010000100000000 (
b0010000100000000 )
b100100101 2
15
06
#7375
05
16
#7376
b00101001 #
b0010100100000000 (
b0010100100000000 )
b100100110 2
15
06
#7377
05
16
#7378
b00110001 #
b0011000100000000 (
b0011000100000000 )
b100100111 2
15
06
#7379
05
16
#7380
b00111001 #
b0011100100000000 (
b0011100100000000 )
b100101000 2
15
06
#7381
05
16
#7382
b01000001 #
b0100000100000000 (
b0100000100000000 )
b100101001 2
15
06
#7383
05
16
#7384
b01001001 #
b0100100100000000 (
b0100100100000000 )
b100101010 2
15
06
#7385
05
16
#7386
b01010001 #
b0101000100000000 (
b0101000100000000 )
b100101011 2
15
06
#7387
05
16
#7388
b01011001 #
b0101100100000000 (
b0101100100000000 )
b100101100 2
15
06
#7389
05
16
#7390
b01100001 #
b0110000100000000 (
b0110000100000000 )
b100101101 2
15
06
#7391
05
16
#7392
b01101001 #
b0110100100000000 (
b0110100100000000 )
b100101110 2
15
06
#7393
05
16
#7394
b01110001 #
b0111000100000000 (
b0111000100000000 )
b100101111 2
15
06
#7395
05
16
#7396
b01111001 #
b0111100100000000 (
b0111100100000000 )
b100110000 2
15
06
#7397
05
16
#7398
b10000001 #
b1000000100000000 (
b1000000100000000 )
b100110001 2
15
06
#7399
05
16
#7400
b10001001 #
b1000100100000000 (
b1000100100000000 )
b100110010 2
15
06
#7401
05
16
#7402
b10010001 #
b1001000100000000 (
b1001000100000000 )
b100110011 2
15
06
#7403
05
16
#7404
b10011001 #
b1001100100000000 (
b1001100100000000 )
b100110100 2
15
06
#7405
05
16
#7406
b10100001 #
b1010000100000000 (
b1010000100000000 )
b100110101 2
15
06
#7407
05
16
#7408
b10101001 #
b1010100100000000 (
b1010100100000000 )
b100110110 2
15
06
#7409
05
16
#7410
b10110001 #
b1011000100000000 (
b1011000100000000 )
b100110111 2
15
06
#7411
05
16
#7412
b10111001 #
b1011100100000000 (
b1011100100000000 )
b100111000 2
15
06
#7413
05
16
#7414
b11000001 #
b1100000100000000 (
b1100000100000000 )
b100111001 2
15
06
#7415
05
16
#7416
b11001001 #
b1100100100000000 (
b1100100100000000 )
b100111010 2
15
06
#7417
05
16
#7418
b11010001 #
b1101000100000000 (
b1101000100000000 )
b100111011 2
15
06
#7419
05
16
#7420
b11011001 #
b1101100100000000 (
b1101100100000000 )
b100111100 2
15
06
#7421
05
16
#7422
b11100001 #
b1110000100000000 (
b1110000100000000 )
b100111101 2
15
06
#7423
05
16
#7424
b11101001 #
b1110100100000000 (
b1110100100000000 )
b100111110 2
15
06
#7425
05
16
#7426
b11110001 #
b1111000100000000 (
b1111000100000000 )
b100111111 2
15
06
#7427
05
16
#7428
b11111001 #
b1111100100000000 (
b1111100100000000 )
b000000000 2
b00001001 3
15
06
#7429
05
16
#7430
b00000001 #
b00100000 $
b0000000100100000 (
b0000000100100000 )
b000000001 2
15
06
#7431
05
16
#7432
b00001001 #
b0000100100100000 (
b0000100100100000 )
b000000010 2
15
06
#7433
05
16
#7434
b00010001 #
b0001000100100000 (
b0001000100100000 )
b000000011 2
15
06
#7435
05
16
#7436
b00011001 #
b0001100100100000 (
b0001100100100000 )
b000000100 2
15
06
#7437
05
16
#7438
b00100001 #
b0010000100100000 (
b0010000100100000 )
b000000101 2
15
06
#7439
05
16
#7440
b00101001 #
b0010100100100000 (
b0010100100100000 )
b000000110 2
15
06
#7441
05
16
#7442
b00110001 #
b0011000100100000 (
b0011000100100000 )
b000000111 2
15
06
#7443
05
16
#7444
b00111001 #
b0011100100100000 (
b0011100100100000 )
b000001000 2
15
06
#7445
05
16
#7446
b01000001 #
b0100000100100000 (
b0100000100100000 )
b000001001 2
15
06
#7447
05
16
#7448
b01001001 #
b0100100100100000 (
b0100100100100000 )
b000001010 2
15
06
#7449
05
16
#7450
b01010001 #
b0101000100100000 (
b0101000100100000 )
b000001011 2
15
06
#7451
05
16
#7452
b01011001 #
b0101100100100000 (
b0101100100100000 )
b000001100 2
15
06
#7453
05
16
#7454
b01100001 #
b0110000100100000 (
b0110000100100000 )
b000001101 2
15
06
#7455
05
16
#7456
b01101001 #
b0110100100100000 (
b0110100100100000 )
b000001110 2
15
06
#7457
05
16
#7458
b01110001 #
b0111000100100000 (
b0111000100100000 )
b000001111 2
15
06
#7459
05
16
#7460
b01111001 #
b0111100100100000 (
b0111100100100000 )
b000010000 2
15
06
#7461
05
16
#7462
b10000001 #
b1000000100100000 (
b1000000100100000 )
b000010001 2
15
06
#7463
05
16
#7464
b10001001 #
b1000100100100000 (
b1000100100100000 )
b000010010 2
15
06
#7465
05
16
#7466
b10010001 #
b1001000100100000 (
b1001000100100000 )
b000010011 2
15
06
#7467
05
16
#7468
b10011001 #
b1001100100100000 (
b1001100100100000 )
b000010100 2
15
06
#7469
05
16
#7470
b10100001 #
b1010000100100000 (
b1010000100100000 )
b000010101 2
15
06
#7471
05
16
#7472
b10101001 #
b1010100100100000 (
b1010100100100000 )
b000010110 2
15
06
#7473
05
16
#7474
b10110001 #
b1011000100100000 (
b1011000100100000 )
b000010111 2
15
06
#7475
05
16
#7476
b10111001 #
b1011100100100000 (
b1011100100100000 )
b000011000 2
15
06
#7477
05
16
#7478
b11000001 #
b1100000100100000 (
b1100000100100000 )
b000011001 2
15
06
#7479
05
16
#7480
b11001001 #
b1100100100100000 (
b1100100100100000 )
b000011010 2
15
06
#7481
05
16
#7482
b11010001 #
b1101000100100000 (
b1101000100100000 )
b000011011 2
15
06
#7483
05
16
#7484
b11011001 #
b1101100100100000 (
b1101100100100000 )
b000011100 2
15
06
#7485
05
16
#7486
b11100001 #
b1110000100100000 (
b1110000100100000 )
b000011101 2
15
06
#7487
05
16
#7488
b11101001 #
b1110100100100000 (
b1110100100100000 )
b000011110 2
15
06
#7489
05
16
#7490
b11110001 #
b1111000100100000 (
b1111000100100000 )
b000011111 2
15
06
#7491
05
16
#7492
b11111001 #
b1111100100100000 (
b1111100100100000 )
b000100000 2
15
06
#7493
05
16
#7494
b00000001 #
b0000000100100000 (
b0000000100100000 )
b000100001 2
15
06
#7495
05
16
#7496
b00001001 #
b0000100100100000 (
b0000100100100000 )
b000100010 2
15
06
#7497
05
16
#7498
b00010001 #
b0001000100100000 (
b0001000100100000 )
b000100011 2
15
06
#7499
05
16
#7500
b00011001 #
b0001100100100000 (
b0001100100100000 )
b000100100 2
15
06
#7501
05
16
#7502
b00100001 #
b0010000100100000 (
b0010000100100000 )
b000100101 2
15
06
#7503
05
16
#7504
b00101001 #
b0010100100100000 (
b0010100100100000 )
b000100110 2
15
06
#7505
05
16
#7506
b00110001 #
b0011000100100000 (
b0011000100100000 )
b000100111 2
15
06
#7507
05
16
#7508
b00111001 #
b0011100100100000 (
b0011100100100000 )
b000101000 2
15
06
#7509
05
16
#7510
b01000001 #
b0100000100100000 (
b0100000100100000 )
b000101001 2
15
06
#7511
05
16
#7512
b01001001 #
b0100100100100000 (
b0100100100100000 )
b000101010 2
15
06
#7513
05
16
#7514
b01010001 #
b0101000100100000 (
b0101000100100000 )
b000101011 2
15
06
#7515
05
16
#7516
b01011001 #
b0101100100100000 (
b0101100100100000 )
b000101100 2
15
06
#7517
05
16
#7518
b01100001 #
b0110000100100000 (
b0110000100100000 )
b000101101 2
15
06
#7519
05
16
#7520
b01101001 #
b0110100100100000 (
b0110100100100000 )
b000101110 2
15
06
#7521
05
16
#7522
b01110001 #
b0111000100100000 (
b0111000100100000 )
b000101111 2
15
06
#7523
05
16
#7524
b01111001 #
b0111100100100000 (
b0111100100100000 )
b000110000 2
15
06
#7525
05
16
#7526
b10000001 #
b1000000100100000 (
b1000000100100000 )
b000110001 2
15
06
#7527
05
16
#7528
b10001001 #
b1000100100100000 (
b1000100100100000 )
b000110010 2
15
06
#7529
05
16
#7530
b10010001 #
b1001000100100000 (
b1001000100100000 )
b000110011 2
15
06
#7531
05
16
#7532
b10011001 #
b1001100100100000 (
b1001100100100000 )
b000110100 2
15
06
#7533
05
16
#7534
b10100001 #
b1010000100100000 (
b1010000100100000 )
b000110101 2
15
06
#7535
05
16
#7536
b10101001 #
b1010100100100000 (
b1010100100100000 )
b000110110 2
15
06
#7537
05
16
#7538
b10110001 #
b1011000100100000 (
b1011000100100000 )
b000110111 2
15
06
#7539
05
16
#7540
b10111001 #
b1011100100100000 (
b1011100100100000 )
b000111000 2
15
06
#7541
05
16
#7542
b11000001 #
b1100000100100000 (
b1100000100100000 )
b000111001 2
15
06
#7543
05
16
#7544
b11001001 #
b1100100100100000 (
b1100100100100000 )
b000111010 2
15
06
#7545
05
16
#7546
b11010001 #
b1101000100100000 (
b1101000100100000 )
b000111011 2
15
06
#7547
05
16
#7548
b11011001 #
b1101100100100000 (
b1101100100100000 )
b000111100 2
15
06
#7549
05
16
#7550
b11100001 #
b1110000100100000 (
b1110000100100000 )
b000111101 2
15
06
#7551
05
16
#7552
b11101001 #
b1110100100100000 (
b1110100100100000 )
b000111110 2
15
06
#7553
05
16
#7554
b11110001 #
b1111000100100000 (
b1111000100100000 )
b000111111 2
15
06
#7555
05
16
#7556
b11111001 #
b1111100100100000 (
b1111100100100000 )
b001000000 2
15
06
#7557
05
16
#7558
b00000001 #
b0000000100100000 (
b0000000100100000 )
b001000001 2
15
06
#7559
05
16
#7560
b00001001 #
b0000100100100000 (
b0000100100100000 )
b001000010 2
15
06
#7561
05
16
#7562
b00010001 #
b0001000100100000 (
b0001000100100000 )
b001000011 2
15
06
#7563
05
16
#7564
b00011001 #
b0001100100100000 (
b0001100100100000 )
b001000100 2
15
06
#7565
05
16
#7566
b00100001 #
b0010000100100000 (
b0010000100100000 )
b001000101 2
15
06
#7567
05
16
#7568
b00101001 #
b0010100100100000 (
b0010100100100000 )
b001000110 2
15
06
#7569
05
16
#7570
b00110001 #
b0011000100100000 (
b0011000100100000 )
b001000111 2
15
06
#7571
05
16
#7572
b00111001 #
b0011100100100000 (
b0011100100100000 )
b001001000 2
15
06
#7573
05
16
#7574
b01000001 #
b0100000100100000 (
b0100000100100000 )
b001001001 2
15
06
#7575
05
16
#7576
b01001001 #
b0100100100100000 (
b0100100100100000 )
b001001010 2
15
06
#7577
05
16
#7578
b01010001 #
b0101000100100000 (
b0101000100100000 )
b001001011 2
15
06
#7579
05
16
#7580
b01011001 #
b0101100100100000 (
b0101100100100000 )
b001001100 2
15
06
#7581
05
16
#7582
b01100001 #
b0110000100100000 (
b0110000100100000 )
b001001101 2
15
06
#7583
05
16
#7584
b01101001 #
b0110100100100000 (
b0110100100100000 )
b001001110 2
15
06
#7585
05
16
#7586
b01110001 #
b0111000100100000 (
b0111000100100000 )
b001001111 2
15
06
#7587
05
16
#7588
b01111001 #
b0111100100100000 (
b0111100100100000 )
b001010000 2
15
06
#7589
05
16
#7590
b10000001 #
b1000000100100000 (
b1000000100100000 )
b001010001 2
15
06
#7591
05
16
#7592
b10001001 #
b1000100100100000 (
b1000100100100000 )
b001010010 2
15
06
#7593
05
16
#7594
b10010001 #
b1001000100100000 (
b1001000100100000 )
b001010011 2
15
06
#7595
05
16
#7596
b10011001 #
b1001100100100000 (
b1001100100100000 )
b001010100 2
15
06
#7597
05
16
#7598
b10100001 #
b1010000100100000 (
b1010000100100000 )
b001010101 2
15
06
#7599
05
16
#7600
b10101001 #
b1010100100100000 (
b1010100100100000 )
b001010110 2
15
06
#7601
05
16
#7602
b10110001 #
b1011000100100000 (
b1011000100100000 )
b001010111 2
15
06
#7603
05
16
#7604
b10111001 #
b1011100100100000 (
b1011100100100000 )
b001011000 2
15
06
#7605
05
16
#7606
b11000001 #
b1100000100100000 (
b1100000100100000 )
b001011001 2
15
06
#7607
05
16
#7608
b11001001 #
b1100100100100000 (
b1100100100100000 )
b001011010 2
15
06
#7609
05
16
#7610
b11010001 #
b1101000100100000 (
b1101000100100000 )
b001011011 2
15
06
#7611
05
16
#7612
b11011001 #
b1101100100100000 (
b1101100100100000 )
b001011100 2
15
06
#7613
05
16
#7614
b11100001 #
b1110000100100000 (
b1110000100100000 )
b001011101 2
15
06
#7615
05
16
#7616
b11101001 #
b1110100100100000 (
b1110100100100000 )
b001011110 2
15
06
#7617
05
16
#7618
b11110001 #
b1111000100100000 (
b1111000100100000 )
b001011111 2
15
06
#7619
05
16
#7620
b11111001 #
b1111100100100000 (
b1111100100100000 )
b001100000 2
15
06
#7621
05
16
#7622
b00000001 #
b0000000100100000 (
b0000000100100000 )
b001100001 2
15
06
#7623
05
16
#7624
b00001001 #
b0000100100100000 (
b0000100100100000 )
b001100010 2
15
06
#7625
05
16
#7626
b00010001 #
b0001000100100000 (
b0001000100100000 )
b001100011 2
15
06
#7627
05
16
#7628
b00011001 #
b0001100100100000 (
b0001100100100000 )
b001100100 2
15
06
#7629
05
16
#7630
b00100001 #
b0010000100100000 (
b0010000100100000 )
b001100101 2
15
06
#7631
05
16
#7632
b00101001 #
b0010100100100000 (
b0010100100100000 )
b001100110 2
15
06
#7633
05
16
#7634
b00110001 #
b0011000100100000 (
b0011000100100000 )
b001100111 2
15
06
#7635
05
16
#7636
b00111001 #
b0011100100100000 (
b0011100100100000 )
b001101000 2
15
06
#7637
05
16
#7638
b01000001 #
b0100000100100000 (
b0100000100100000 )
b001101001 2
15
06
#7639
05
16
#7640
b01001001 #
b0100100100100000 (
b0100100100100000 )
b001101010 2
15
06
#7641
05
16
#7642
b01010001 #
b0101000100100000 (
b0101000100100000 )
b001101011 2
15
06
#7643
05
16
#7644
b01011001 #
b0101100100100000 (
b0101100100100000 )
b001101100 2
15
06
#7645
05
16
#7646
b01100001 #
b0110000100100000 (
b0110000100100000 )
b001101101 2
15
06
#7647
05
16
#7648
b01101001 #
b0110100100100000 (
b0110100100100000 )
b001101110 2
15
06
#7649
05
16
#7650
b01110001 #
b0111000100100000 (
b0111000100100000 )
b001101111 2
15
06
#7651
05
16
#7652
b01111001 #
b0111100100100000 (
b0111100100100000 )
b001110000 2
15
06
#7653
05
16
#7654
b10000001 #
b1000000100100000 (
b1000000100100000 )
b001110001 2
15
06
#7655
05
16
#7656
b10001001 #
b1000100100100000 (
b1000100100100000 )
b001110010 2
15
06
#7657
05
16
#7658
b10010001 #
b1001000100100000 (
b1001000100100000 )
b001110011 2
15
06
#7659
05
16
#7660
b10011001 #
b1001100100100000 (
b1001100100100000 )
b001110100 2
15
06
#7661
05
16
#7662
b10100001 #
b1010000100100000 (
b1010000100100000 )
b001110101 2
15
06
#7663
05
16
#7664
b10101001 #
b1010100100100000 (
b1010100100100000 )
b001110110 2
15
06
#7665
05
16
#7666
b10110001 #
b1011000100100000 (
b1011000100100000 )
b001110111 2
15
06
#7667
05
16
#7668
b10111001 #
b1011100100100000 (
b1011100100100000 )
b001111000 2
15
06
#7669
05
16
#7670
b11000001 #
b1100000100100000 (
b1100000100100000 )
b001111001 2
15
06
#7671
05
16
#7672
b11001001 #
b1100100100100000 (
b1100100100100000 )
b001111010 2
15
06
#7673
05
16
#7674
b11010001 #
b1101000100100000 (
b1101000100100000 )
b001111011 2
15
06
#7675
05
16
#7676
b11011001 #
b1101100100100000 (
b1101100100100000 )
b001111100 2
15
06
#7677
05
16
#7678
b11100001 #
b1110000100100000 (
b1110000100100000 )
b001111101 2
15
06
#7679
05
16
#7680
b11101001 #
b1110100100100000 (
b1110100100100000 )
b001111110 2
15
06
#7681
05
16
#7682
b11110001 #
b1111000100100000 (
b1111000100100000 )
b001111111 2
15
06
#7683
05
16
#7684
b11111001 #
b1111100100100000 (
b1111100100100000 )
b010000000 2
15
06
#7685
05
16
#7686
b00000001 #
b0000000100100000 (
b0000000100100000 )
b010000001 2
15
06
#7687
05
16
#7688
b00001001 #
b0000100100100000 (
b0000100100100000 )
b010000010 2
15
06
#7689
05
16
#7690
b00010001 #
b0001000100100000 (
b0001000100100000 )
b010000011 2
15
06
#7691
05
16
#7692
b00011001 #
b0001100100100000 (
b0001100100100000 )
b010000100 2
15
06
#7693
05
16
#7694
b00100001 #
b0010000100100000 (
b0010000100100000 )
b010000101 2
15
06
#7695
05
16
#7696
b00101001 #
b0010100100100000 (
b0010100100100000 )
b010000110 2
15
06
#7697
05
16
#7698
b00110001 #
b0011000100100000 (
b0011000100100000 )
b010000111 2
15
06
#7699
05
16
#7700
b00111001 #
b0011100100100000 (
b0011100100100000 )
b010001000 2
15
06
#7701
05
16
#7702
b01000001 #
b0100000100100000 (
b0100000100100000 )
b010001001 2
15
06
#7703
05
16
#7704
b01001001 #
b0100100100100000 (
b0100100100100000 )
b010001010 2
15
06
#7705
05
16
#7706
b01010001 #
b0101000100100000 (
b0101000100100000 )
b010001011 2
15
06
#7707
05
16
#7708
b01011001 #
b0101100100100000 (
b0101100100100000 )
b010001100 2
15
06
#7709
05
16
#7710
b01100001 #
b0110000100100000 (
b0110000100100000 )
b010001101 2
15
06
#7711
05
16
#7712
b01101001 #
b0110100100100000 (
b0110100100100000 )
b010001110 2
15
06
#7713
05
16
#7714
b01110001 #
b0111000100100000 (
b0111000100100000 )
b010001111 2
15
06
#7715
05
16
#7716
b01111001 #
b0111100100100000 (
b0111100100100000 )
b010010000 2
15
06
#7717
05
16
#7718
b10000001 #
b1000000100100000 (
b1000000100100000 )
b010010001 2
15
06
#7719
05
16
#7720
b10001001 #
b1000100100100000 (
b1000100100100000 )
b010010010 2
15
06
#7721
05
16
#7722
b10010001 #
b1001000100100000 (
b1001000100100000 )
b010010011 2
15
06
#7723
05
16
#7724
b10011001 #
b1001100100100000 (
b1001100100100000 )
b010010100 2
15
06
#7725
05
16
#7726
b10100001 #
b1010000100100000 (
b1010000100100000 )
b010010101 2
15
06
#7727
05
16
#7728
b10101001 #
b1010100100100000 (
b1010100100100000 )
b010010110 2
15
06
#7729
05
16
#7730
b10110001 #
b1011000100100000 (
b1011000100100000 )
b010010111 2
15
06
#7731
05
16
#7732
b10111001 #
b1011100100100000 (
b1011100100100000 )
b010011000 2
15
06
#7733
05
16
#7734
b11000001 #
b1100000100100000 (
b1100000100100000 )
b010011001 2
15
06
#7735
05
16
#7736
b11001001 #
b1100100100100000 (
b1100100100100000 )
b010011010 2
15
06
#7737
05
16
#7738
b11010001 #
b1101000100100000 (
b1101000100100000 )
b010011011 2
15
06
#7739
05
16
#7740
b11011001 #
b1101100100100000 (
b1101100100100000 )
b010011100 2
15
06
#7741
05
16
#7742
b11100001 #
b1110000100100000 (
b1110000100100000 )
b010011101 2
15
06
#7743
05
16
#7744
b11101001 #
b1110100100100000 (
b1110100100100000 )
b010011110 2
15
06
#7745
05
16
#7746
b11110001 #
b1111000100100000 (
b1111000100100000 )
b010011111 2
15
06
#7747
05
16
#7748
b11111001 #
b1111100100100000 (
b1111100100100000 )
b010100000 2
15
06
#7749
05
16
#7750
b00000001 #
b0000000100100000 (
b0000000100100000 )
b010100001 2
15
06
#7751
05
16
#7752
b00001001 #
b0000100100100000 (
b0000100100100000 )
b010100010 2
15
06
#7753
05
16
#7754
b00010001 #
b0001000100100000 (
b0001000100100000 )
b010100011 2
15
06
#7755
05
16
#7756
b00011001 #
b0001100100100000 (
b0001100100100000 )
b010100100 2
15
06
#7757
05
16
#7758
b00100001 #
b0010000100100000 (
b0010000100100000 )
b010100101 2
15
06
#7759
05
16
#7760
b00101001 #
b0010100100100000 (
b0010100100100000 )
b010100110 2
15
06
#7761
05
16
#7762
b00110001 #
b0011000100100000 (
b0011000100100000 )
b010100111 2
15
06
#7763
05
16
#7764
b00111001 #
b0011100100100000 (
b0011100100100000 )
b010101000 2
15
06
#7765
05
16
#7766
b01000001 #
b0100000100100000 (
b0100000100100000 )
b010101001 2
15
06
#7767
05
16
#7768
b01001001 #
b0100100100100000 (
b0100100100100000 )
b010101010 2
15
06
#7769
05
16
#7770
b01010001 #
b0101000100100000 (
b0101000100100000 )
b010101011 2
15
06
#7771
05
16
#7772
b01011001 #
b0101100100100000 (
b0101100100100000 )
b010101100 2
15
06
#7773
05
16
#7774
b01100001 #
b0110000100100000 (
b0110000100100000 )
b010101101 2
15
06
#7775
05
16
#7776
b01101001 #
b0110100100100000 (
b0110100100100000 )
b010101110 2
15
06
#7777
05
16
#7778
b01110001 #
b0111000100100000 (
b0111000100100000 )
b010101111 2
15
06
#7779
05
16
#7780
b01111001 #
b0111100100100000 (
b0111100100100000 )
b010110000 2
15
06
#7781
05
16
#7782
b10000001 #
b1000000100100000 (
b1000000100100000 )
b010110001 2
15
06
#7783
05
16
#7784
b10001001 #
b1000100100100000 (
b1000100100100000 )
b010110010 2
15
06
#7785
05
16
#7786
b10010001 #
b1001000100100000 (
b1001000100100000 )
b010110011 2
15
06
#7787
05
16
#7788
b10011001 #
b1001100100100000 (
b1001100100100000 )
b010110100 2
15
06
#7789
05
16
#7790
b10100001 #
b1010000100100000 (
b1010000100100000 )
b010110101 2
15
06
#7791
05
16
#7792
b10101001 #
b1010100100100000 (
b1010100100100000 )
b010110110 2
15
06
#7793
05
16
#7794
b10110001 #
b1011000100100000 (
b1011000100100000 )
b010110111 2
15
06
#7795
05
16
#7796
b10111001 #
b1011100100100000 (
b1011100100100000 )
b010111000 2
15
06
#7797
05
16
#7798
b11000001 #
b1100000100100000 (
b1100000100100000 )
b010111001 2
15
06
#7799
05
16
#7800
b11001001 #
b1100100100100000 (
b1100100100100000 )
b010111010 2
15
06
#7801
05
16
#7802
b11010001 #
b1101000100100000 (
b1101000100100000 )
b010111011 2
15
06
#7803
05
16
#7804
b11011001 #
b1101100100100000 (
b1101100100100000 )
b010111100 2
15
06
#7805
05
16
#7806
b11100001 #
b1110000100100000 (
b1110000100100000 )
b010111101 2
15
06
#7807
05
16
#7808
b11101001 #
b1110100100100000 (
b1110100100100000 )
b010111110 2
15
06
#7809
05
16
#7810
b11110001 #
b1111000100100000 (
b1111000100100000 )
b010111111 2
15
06
#7811
05
16
#7812
b11111001 #
b1111100100100000 (
b1111100100100000 )
b011000000 2
15
06
#7813
05
16
#7814
b00000001 #
b0000000100100000 (
b0000000100100000 )
b011000001 2
15
06
#7815
05
16
#7816
b00001001 #
b0000100100100000 (
b0000100100100000 )
b011000010 2
15
06
#7817
05
16
#7818
b00010001 #
b0001000100100000 (
b0001000100100000 )
b011000011 2
15
06
#7819
05
16
#7820
b00011001 #
b0001100100100000 (
b0001100100100000 )
b011000100 2
15
06
#7821
05
16
#7822
b00100001 #
b0010000100100000 (
b0010000100100000 )
b011000101 2
15
06
#7823
05
16
#7824
b00101001 #
b0010100100100000 (
b0010100100100000 )
b011000110 2
15
06
#7825
05
16
#7826
b00110001 #
b0011000100100000 (
b0011000100100000 )
b011000111 2
15
06
#7827
05
16
#7828
b00111001 #
b0011100100100000 (
b0011100100100000 )
b011001000 2
15
06
#7829
05
16
#7830
b01000001 #
b0100000100100000 (
b0100000100100000 )
b011001001 2
15
06
#7831
05
16
#7832
b01001001 #
b0100100100100000 (
b0100100100100000 )
b011001010 2
15
06
#7833
05
16
#7834
b01010001 #
b0101000100100000 (
b0101000100100000 )
b011001011 2
15
06
#7835
05
16
#7836
b01011001 #
b0101100100100000 (
b0101100100100000 )
b011001100 2
15
06
#7837
05
16
#7838
b01100001 #
b0110000100100000 (
b0110000100100000 )
b011001101 2
15
06
#7839
05
16
#7840
b01101001 #
b0110100100100000 (
b0110100100100000 )
b011001110 2
15
06
#7841
05
16
#7842
b01110001 #
b0111000100100000 (
b0111000100100000 )
b011001111 2
15
06
#7843
05
16
#7844
b01111001 #
b0111100100100000 (
b0111100100100000 )
b011010000 2
15
06
#7845
05
16
#7846
b10000001 #
b1000000100100000 (
b1000000100100000 )
b011010001 2
15
06
#7847
05
16
#7848
b10001001 #
b1000100100100000 (
b1000100100100000 )
b011010010 2
15
06
#7849
05
16
#7850
b10010001 #
b1001000100100000 (
b1001000100100000 )
b011010011 2
15
06
#7851
05
16
#7852
b10011001 #
b1001100100100000 (
b1001100100100000 )
b011010100 2
15
06
#7853
05
16
#7854
b10100001 #
b1010000100100000 (
b1010000100100000 )
b011010101 2
15
06
#7855
05
16
#7856
b10101001 #
b1010100100100000 (
b1010100100100000 )
b011010110 2
15
06
#7857
05
16
#7858
b10110001 #
b1011000100100000 (
b1011000100100000 )
b011010111 2
15
06
#7859
05
16
#7860
b10111001 #
b1011100100100000 (
b1011100100100000 )
b011011000 2
15
06
#7861
05
16
#7862
b11000001 #
b1100000100100000 (
b1100000100100000 )
b011011001 2
15
06
#7863
05
16
#7864
b11001001 #
b1100100100100000 (
b1100100100100000 )
b011011010 2
15
06
#7865
05
16
#7866
b11010001 #
b1101000100100000 (
b1101000100100000 )
b011011011 2
15
06
#7867
05
16
#7868
b11011001 #
b1101100100100000 (
b1101100100100000 )
b011011100 2
15
06
#7869
05
16
#7870
b11100001 #
b1110000100100000 (
b1110000100100000 )
b011011101 2
15
06
#7871
05
16
#7872
b11101001 #
b1110100100100000 (
b1110100100100000 )
b011011110 2
15
06
#7873
05
16
#7874
b11110001 #
b1111000100100000 (
b1111000100100000 )
b011011111 2
15
06
#7875
05
16
#7876
b11111001 #
b1111100100100000 (
b1111100100100000 )
b011100000 2
15
06
#7877
05
16
#7878
b00000001 #
b0000000100100000 (
b0000000100100000 )
b011100001 2
15
06
#7879
05
16
#7880
b00001001 #
b0000100100100000 (
b0000100100100000 )
b011100010 2
15
06
#7881
05
16
#7882
b00010001 #
b0001000100100000 (
b0001000100100000 )
b011100011 2
15
06
#7883
05
16
#7884
b00011001 #
b0001100100100000 (
b0001100100100000 )
b011100100 2
15
06
#7885
05
16
#7886
b00100001 #
b0010000100100000 (
b0010000100100000 )
b011100101 2
15
06
#7887
05
16
#7888
b00101001 #
b0010100100100000 (
b0010100100100000 )
b011100110 2
15
06
#7889
05
16
#7890
b00110001 #
b0011000100100000 (
b0011000100100000 )
b011100111 2
15
06
#7891
05
16
#7892
b00111001 #
b0011100100100000 (
b0011100100100000 )
b011101000 2
15
06
#7893
05
16
#7894
b01000001 #
b0100000100100000 (
b0100000100100000 )
b011101001 2
15
06
#7895
05
16
#7896
b01001001 #
b0100100100100000 (
b0100100100100000 )
b011101010 2
15
06
#7897
05
16
#7898
b01010001 #
b0101000100100000 (
b0101000100100000 )
b011101011 2
15
06
#7899
05
16
#7900
b01011001 #
b0101100100100000 (
b0101100100100000 )
b011101100 2
15
06
#7901
05
16
#7902
b01100001 #
b0110000100100000 (
b0110000100100000 )
b011101101 2
15
06
#7903
05
16
#7904
b01101001 #
b0110100100100000 (
b0110100100100000 )
b011101110 2
15
06
#7905
05
16
#7906
b01110001 #
b0111000100100000 (
b0111000100100000 )
b011101111 2
15
06
#7907
05
16
#7908
b01111001 #
b0111100100100000 (
b0111100100100000 )
b011110000 2
15
06
#7909
05
16
#7910
b10000001 #
b1000000100100000 (
b1000000100100000 )
b011110001 2
15
06
#7911
05
16
#7912
b10001001 #
b1000100100100000 (
b1000100100100000 )
b011110010 2
15
06
#7913
05
16
#7914
b10010001 #
b1001000100100000 (
b1001000100100000 )
b011110011 2
15
06
#7915
05
16
#7916
b10011001 #
b1001100100100000 (
b1001100100100000 )
b011110100 2
15
06
#7917
05
16
#7918
b10100001 #
b1010000100100000 (
b1010000100100000 )
b011110101 2
15
06
#7919
05
16
#7920
b10101001 #
b1010100100100000 (
b1010100100100000 )
b011110110 2
15
06
#7921
05
16
#7922
b10110001 #
b1011000100100000 (
b1011000100100000 )
b011110111 2
15
06
#7923
05
16
#7924
b10111001 #
b1011100100100000 (
b1011100100100000 )
b011111000 2
15
06
#7925
05
16
#7926
b11000001 #
b1100000100100000 (
b1100000100100000 )
b011111001 2
15
06
#7927
05
16
#7928
b11001001 #
b1100100100100000 (
b1100100100100000 )
b011111010 2
15
06
#7929
05
16
#7930
b11010001 #
b1101000100100000 (
b1101000100100000 )
b011111011 2
15
06
#7931
05
16
#7932
b11011001 #
b1101100100100000 (
b1101100100100000 )
b011111100 2
15
06
#7933
05
16
#7934
b11100001 #
b1110000100100000 (
b1110000100100000 )
b011111101 2
15
06
#7935
05
16
#7936
b11101001 #
b1110100100100000 (
b1110100100100000 )
b011111110 2
15
06
#7937
05
16
#7938
b11110001 #
b1111000100100000 (
b1111000100100000 )
b011111111 2
15
06
#7939
05
16
#7940
b11111001 #
b1111100100100000 (
b1111100100100000 )
b100000000 2
15
06
#7941
05
16
#7942
b00000001 #
b0000000100100000 (
b0000000100100000 )
b100000001 2
15
06
#7943
05
16
#7944
b00001001 #
b0000100100100000 (
b0000100100100000 )
b100000010 2
15
06
#7945
05
16
#7946
b00010001 #
b0001000100100000 (
b0001000100100000 )
b100000011 2
15
06
#7947
05
16
#7948
b00011001 #
b0001100100100000 (
b0001100100100000 )
b100000100 2
15
06
#7949
05
16
#7950
b00100001 #
b0010000100100000 (
b0010000100100000 )
b100000101 2
15
06
#7951
05
16
#7952
b00101001 #
b0010100100100000 (
b0010100100100000 )
b100000110 2
15
06
#7953
05
16
#7954
b00110001 #
b0011000100100000 (
b0011000100100000 )
b100000111 2
15
06
#7955
05
16
#7956
b00111001 #
b0011100100100000 (
b0011100100100000 )
b100001000 2
15
06
#7957
05
16
#7958
b01000001 #
b0100000100100000 (
b0100000100100000 )
b100001001 2
15
06
#7959
05
16
#7960
b01001001 #
b0100100100100000 (
b0100100100100000 )
b100001010 2
15
06
#7961
05
16
#7962
b01010001 #
b0101000100100000 (
b0101000100100000 )
b100001011 2
15
06
#7963
05
16
#7964
b01011001 #
b0101100100100000 (
b0101100100100000 )
b100001100 2
15
06
#7965
05
16
#7966
b01100001 #
b0110000100100000 (
b0110000100100000 )
b100001101 2
15
06
#7967
05
16
#7968
b01101001 #
b0110100100100000 (
b0110100100100000 )
b100001110 2
15
06
#7969
05
16
#7970
b01110001 #
b0111000100100000 (
b0111000100100000 )
b100001111 2
15
06
#7971
05
16
#7972
b01111001 #
b0111100100100000 (
b0111100100100000 )
b100010000 2
15
06
#7973
05
16
#7974
b10000001 #
b1000000100100000 (
b1000000100100000 )
b100010001 2
15
06
#7975
05
16
#7976
b10001001 #
b1000100100100000 (
b1000100100100000 )
b100010010 2
15
06
#7977
05
16
#7978
b10010001 #
b1001000100100000 (
b1001000100100000 )
b100010011 2
15
06
#7979
05
16
#7980
b10011001 #
b1001100100100000 (
b1001100100100000 )
b100010100 2
15
06
#7981
05
16
#7982
b10100001 #
b1010000100100000 (
b1010000100100000 )
b100010101 2
15
06
#7983
05
16
#7984
b10101001 #
b1010100100100000 (
b1010100100100000 )
b100010110 2
15
06
#7985
05
16
#7986
b10110001 #
b1011000100100000 (
b1011000100100000 )
b100010111 2
15
06
#7987
05
16
#7988
b10111001 #
b1011100100100000 (
b1011100100100000 )
b100011000 2
15
06
#7989
05
16
#7990
b11000001 #
b1100000100100000 (
b1100000100100000 )
b100011001 2
15
06
#7991
05
16
#7992
b11001001 #
b1100100100100000 (
b1100100100100000 )
b100011010 2
15
06
#7993
05
16
#7994
b11010001 #
b1101000100100000 (
b1101000100100000 )
b100011011 2
15
06
#7995
05
16
#7996
b11011001 #
b1101100100100000 (
b1101100100100000 )
b100011100 2
15
06
#7997
05
16
#7998
b11100001 #
b1110000100100000 (
b1110000100100000 )
b100011101 2
15
06
#7999
05
16
#8000
b11101001 #
b1110100100100000 (
b1110100100100000 )
b100011110 2
15
06
#8001
05
16
#8002
b11110001 #
b1111000100100000 (
b1111000100100000 )
b100011111 2
15
06
#8003
05
16
#8004
b11111001 #
b1111100100100000 (
b1111100100100000 )
b100100000 2
15
06
#8005
05
16
#8006
b00000001 #
b0000000100100000 (
b0000000100100000 )
b100100001 2
15
06
#8007
05
16
#8008
b00001001 #
b0000100100100000 (
b0000100100100000 )
b100100010 2
15
06
#8009
05
16
#8010
b00010001 #
b0001000100100000 (
b0001000100100000 )
b100100011 2
15
06
#8011
05
16
#8012
b00011001 #
b0001100100100000 (
b0001100100100000 )
b100100100 2
15
06
#8013
05
16
#8014
b00100001 #
b0010000100100000 (
b0010000100100000 )
b100100101 2
15
06
#8015
05
16
#8016
b00101001 #
b0010100100100000 (
b0010100100100000 )
b100100110 2
15
06
#8017
05
16
#8018
b00110001 #
b0011000100100000 (
b0011000100100000 )
b100100111 2
15
06
#8019
05
16
#8020
b00111001 #
b0011100100100000 (
b0011100100100000 )
b100101000 2
15
06
#8021
05
16
#8022
b01000001 #
b0100000100100000 (
b0100000100100000 )
b100101001 2
15
06
#8023
05
16
#8024
b01001001 #
b0100100100100000 (
b0100100100100000 )
b100101010 2
15
06
#8025
05
16
#8026
b01010001 #
b0101000100100000 (
b0101000100100000 )
b100101011 2
15
06
#8027
05
16
#8028
b01011001 #
b0101100100100000 (
b0101100100100000 )
b100101100 2
15
06
#8029
05
16
#8030
b01100001 #
b0110000100100000 (
b0110000100100000 )
b100101101 2
15
06
#8031
05
16
#8032
b01101001 #
b0110100100100000 (
b0110100100100000 )
b100101110 2
15
06
#8033
05
16
#8034
b01110001 #
b0111000100100000 (
b0111000100100000 )
b100101111 2
15
06
#8035
05
16
#8036
b01111001 #
b0111100100100000 (
b0111100100100000 )
b100110000 2
15
06
#8037
05
16
#8038
b10000001 #
b1000000100100000 (
b1000000100100000 )
b100110001 2
15
06
#8039
05
16
#8040
b10001001 #
b1000100100100000 (
b1000100100100000 )
b100110010 2
15
06
#8041
05
16
#8042
b10010001 #
b1001000100100000 (
b1001000100100000 )
b100110011 2
15
06
#8043
05
16
#8044
b10011001 #
b1001100100100000 (
b1001100100100000 )
b100110100 2
15
06
#8045
05
16
#8046
b10100001 #
b1010000100100000 (
b1010000100100000 )
b100110101 2
15
06
#8047
05
16
#8048
b10101001 #
b1010100100100000 (
b1010100100100000 )
b100110110 2
15
06
#8049
05
16
#8050
b10110001 #
b1011000100100000 (
b1011000100100000 )
b100110111 2
15
06
#8051
05
16
#8052
b10111001 #
b1011100100100000 (
b1011100100100000 )
b100111000 2
15
06
#8053
05
16
#8054
b11000001 #
b1100000100100000 (
b1100000100100000 )
b100111001 2
15
06
#8055
05
16
#8056
b11001001 #
b1100100100100000 (
b1100100100100000 )
b100111010 2
15
06
#8057
05
16
#8058
b11010001 #
b1101000100100000 (
b1101000100100000 )
b100111011 2
15
06
#8059
05
16
#8060
b11011001 #
b1101100100100000 (
b1101100100100000 )
b100111100 2
15
06
#8061
05
16
#8062
b11100001 #
b1110000100100000 (
b1110000100100000 )
b100111101 2
15
06
#8063
05
16
#8064
b11101001 #
b1110100100100000 (
b1110100100100000 )
b100111110 2
15
06
#8065
05
16
#8066
b11110001 #
b1111000100100000 (
b1111000100100000 )
b100111111 2
15
06
#8067
05
16
#8068
b11111001 #
b1111100100100000 (
b1111100100100000 )
b000000000 2
b00001010 3
15
06
#8069
05
16
#8070
b00000001 #
b01000000 $
b0000000101000000 (
b0000000101000000 )
b000000001 2
15
06
#8071
05
16
#8072
b00001001 #
b0000100101000000 (
b0000100101000000 )
b000000010 2
15
06
#8073
05
16
#8074
b00010001 #
b0001000101000000 (
b0001000101000000 )
b000000011 2
15
06
#8075
05
16
#8076
b00011001 #
b0001100101000000 (
b0001100101000000 )
b000000100 2
15
06
#8077
05
16
#8078
b00100001 #
b0010000101000000 (
b0010000101000000 )
b000000101 2
15
06
#8079
05
16
#8080
b00101001 #
b0010100101000000 (
b0010100101000000 )
b000000110 2
15
06
#8081
05
16
#8082
b00110001 #
b0011000101000000 (
b0011000101000000 )
b000000111 2
15
06
#8083
05
16
#8084
b00111001 #
b0011100101000000 (
b0011100101000000 )
b000001000 2
15
06
#8085
05
16
#8086
b01000001 #
b0100000101000000 (
b0100000101000000 )
b000001001 2
15
06
#8087
05
16
#8088
b01001001 #
b0100100101000000 (
b0100100101000000 )
b000001010 2
15
06
#8089
05
16
#8090
b01010001 #
b0101000101000000 (
b0101000101000000 )
b000001011 2
15
06
#8091
05
16
#8092
b01011001 #
b0101100101000000 (
b0101100101000000 )
b000001100 2
15
06
#8093
05
16
#8094
b01100001 #
b0110000101000000 (
b0110000101000000 )
b000001101 2
15
06
#8095
05
16
#8096
b01101001 #
b0110100101000000 (
b0110100101000000 )
b000001110 2
15
06
#8097
05
16
#8098
b01110001 #
b0111000101000000 (
b0111000101000000 )
b000001111 2
15
06
#8099
05
16
#8100
b01111001 #
b0111100101000000 (
b0111100101000000 )
b000010000 2
15
06
#8101
05
16
#8102
b10000001 #
b1000000101000000 (
b1000000101000000 )
b000010001 2
15
06
#8103
05
16
#8104
b10001001 #
b1000100101000000 (
b1000100101000000 )
b000010010 2
15
06
#8105
05
16
#8106
b10010001 #
b1001000101000000 (
b1001000101000000 )
b000010011 2
15
06
#8107
05
16
#8108
b10011001 #
b1001100101000000 (
b1001100101000000 )
b000010100 2
15
06
#8109
05
16
#8110
b10100001 #
b1010000101000000 (
b1010000101000000 )
b000010101 2
15
06
#8111
05
16
#8112
b10101001 #
b1010100101000000 (
b1010100101000000 )
b000010110 2
15
06
#8113
05
16
#8114
b10110001 #
b1011000101000000 (
b1011000101000000 )
b000010111 2
15
06
#8115
05
16
#8116
b10111001 #
b1011100101000000 (
b1011100101000000 )
b000011000 2
15
06
#8117
05
16
#8118
b11000001 #
b1100000101000000 (
b1100000101000000 )
b000011001 2
15
06
#8119
05
16
#8120
b11001001 #
b1100100101000000 (
b1100100101000000 )
b000011010 2
15
06
#8121
05
16
#8122
b11010001 #
b1101000101000000 (
b1101000101000000 )
b000011011 2
15
06
#8123
05
16
#8124
b11011001 #
b1101100101000000 (
b1101100101000000 )
b000011100 2
15
06
#8125
05
16
#8126
b11100001 #
b1110000101000000 (
b1110000101000000 )
b000011101 2
15
06
#8127
05
16
#8128
b11101001 #
b1110100101000000 (
b1110100101000000 )
b000011110 2
15
06
#8129
05
16
#8130
b11110001 #
b1111000101000000 (
b1111000101000000 )
b000011111 2
15
06
#8131
05
16
#8132
b11111001 #
b1111100101000000 (
b1111100101000000 )
b000100000 2
15
06
#8133
05
16
#8134
b00000001 #
b0000000101000000 (
b0000000101000000 )
b000100001 2
15
06
#8135
05
16
#8136
b00001001 #
b0000100101000000 (
b0000100101000000 )
b000100010 2
15
06
#8137
05
16
#8138
b00010001 #
b0001000101000000 (
b0001000101000000 )
b000100011 2
15
06
#8139
05
16
#8140
b00011001 #
b0001100101000000 (
b0001100101000000 )
b000100100 2
15
06
#8141
05
16
#8142
b00100001 #
b0010000101000000 (
b0010000101000000 )
b000100101 2
15
06
#8143
05
16
#8144
b00101001 #
b0010100101000000 (
b0010100101000000 )
b000100110 2
15
06
#8145
05
16
#8146
b00110001 #
b0011000101000000 (
b0011000101000000 )
b000100111 2
15
06
#8147
05
16
#8148
b00111001 #
b0011100101000000 (
b0011100101000000 )
b000101000 2
15
06
#8149
05
16
#8150
b01000001 #
b0100000101000000 (
b0100000101000000 )
b000101001 2
15
06
#8151
05
16
#8152
b01001001 #
b0100100101000000 (
b0100100101000000 )
b000101010 2
15
06
#8153
05
16
#8154
b01010001 #
b0101000101000000 (
b0101000101000000 )
b000101011 2
15
06
#8155
05
16
#8156
b01011001 #
b0101100101000000 (
b0101100101000000 )
b000101100 2
15
06
#8157
05
16
#8158
b01100001 #
b0110000101000000 (
b0110000101000000 )
b000101101 2
15
06
#8159
05
16
#8160
b01101001 #
b0110100101000000 (
b0110100101000000 )
b000101110 2
15
06
#8161
05
16
#8162
b01110001 #
b0111000101000000 (
b0111000101000000 )
b000101111 2
15
06
#8163
05
16
#8164
b01111001 #
b0111100101000000 (
b0111100101000000 )
b000110000 2
15
06
#8165
05
16
#8166
b10000001 #
b1000000101000000 (
b1000000101000000 )
b000110001 2
15
06
#8167
05
16
#8168
b10001001 #
b1000100101000000 (
b1000100101000000 )
b000110010 2
15
06
#8169
05
16
#8170
b10010001 #
b1001000101000000 (
b1001000101000000 )
b000110011 2
15
06
#8171
05
16
#8172
b10011001 #
b1001100101000000 (
b1001100101000000 )
b000110100 2
15
06
#8173
05
16
#8174
b10100001 #
b1010000101000000 (
b1010000101000000 )
b000110101 2
15
06
#8175
05
16
#8176
b10101001 #
b1010100101000000 (
b1010100101000000 )
b000110110 2
15
06
#8177
05
16
#8178
b10110001 #
b1011000101000000 (
b1011000101000000 )
b000110111 2
15
06
#8179
05
16
#8180
b10111001 #
b1011100101000000 (
b1011100101000000 )
b000111000 2
15
06
#8181
05
16
#8182
b11000001 #
b1100000101000000 (
b1100000101000000 )
b000111001 2
15
06
#8183
05
16
#8184
b11001001 #
b1100100101000000 (
b1100100101000000 )
b000111010 2
15
06
#8185
05
16
#8186
b11010001 #
b1101000101000000 (
b1101000101000000 )
b000111011 2
15
06
#8187
05
16
#8188
b11011001 #
b1101100101000000 (
b1101100101000000 )
b000111100 2
15
06
#8189
05
16
#8190
b11100001 #
b1110000101000000 (
b1110000101000000 )
b000111101 2
15
06
#8191
05
16
#8192
b11101001 #
b1110100101000000 (
b1110100101000000 )
b000111110 2
15
06
#8193
05
16
#8194
b11110001 #
b1111000101000000 (
b1111000101000000 )
b000111111 2
15
06
#8195
05
16
#8196
b11111001 #
b1111100101000000 (
b1111100101000000 )
b001000000 2
15
06
#8197
05
16
#8198
b00000001 #
b0000000101000000 (
b0000000101000000 )
b001000001 2
15
06
#8199
05
16
#8200
b00001001 #
b0000100101000000 (
b0000100101000000 )
b001000010 2
15
06
#8201
05
16
#8202
b00010001 #
b0001000101000000 (
b0001000101000000 )
b001000011 2
15
06
#8203
05
16
#8204
b00011001 #
b0001100101000000 (
b0001100101000000 )
b001000100 2
15
06
#8205
05
16
#8206
b00100001 #
b0010000101000000 (
b0010000101000000 )
b001000101 2
15
06
#8207
05
16
#8208
b00101001 #
b0010100101000000 (
b0010100101000000 )
b001000110 2
15
06
#8209
05
16
#8210
b00110001 #
b0011000101000000 (
b0011000101000000 )
b001000111 2
15
06
#8211
05
16
#8212
b00111001 #
b0011100101000000 (
b0011100101000000 )
b001001000 2
15
06
#8213
05
16
#8214
b01000001 #
b0100000101000000 (
b0100000101000000 )
b001001001 2
15
06
#8215
05
16
#8216
b01001001 #
b0100100101000000 (
b0100100101000000 )
b001001010 2
15
06
#8217
05
16
#8218
b01010001 #
b0101000101000000 (
b0101000101000000 )
b001001011 2
15
06
#8219
05
16
#8220
b01011001 #
b0101100101000000 (
b0101100101000000 )
b001001100 2
15
06
#8221
05
16
#8222
b01100001 #
b0110000101000000 (
b0110000101000000 )
b001001101 2
15
06
#8223
05
16
#8224
b01101001 #
b0110100101000000 (
b0110100101000000 )
b001001110 2
15
06
#8225
05
16
#8226
b01110001 #
b0111000101000000 (
b0111000101000000 )
b001001111 2
15
06
#8227
05
16
#8228
b01111001 #
b0111100101000000 (
b0111100101000000 )
b001010000 2
15
06
#8229
05
16
#8230
b10000001 #
b1000000101000000 (
b1000000101000000 )
b001010001 2
15
06
#8231
05
16
#8232
b10001001 #
b1000100101000000 (
b1000100101000000 )
b001010010 2
15
06
#8233
05
16
#8234
b10010001 #
b1001000101000000 (
b1001000101000000 )
b001010011 2
15
06
#8235
05
16
#8236
b10011001 #
b1001100101000000 (
b1001100101000000 )
b001010100 2
15
06
#8237
05
16
#8238
b10100001 #
b1010000101000000 (
b1010000101000000 )
b001010101 2
15
06
#8239
05
16
#8240
b10101001 #
b1010100101000000 (
b1010100101000000 )
b001010110 2
15
06
#8241
05
16
#8242
b10110001 #
b1011000101000000 (
b1011000101000000 )
b001010111 2
15
06
#8243
05
16
#8244
b10111001 #
b1011100101000000 (
b1011100101000000 )
b001011000 2
15
06
#8245
05
16
#8246
b11000001 #
b1100000101000000 (
b1100000101000000 )
b001011001 2
15
06
#8247
05
16
#8248
b11001001 #
b1100100101000000 (
b1100100101000000 )
b001011010 2
15
06
#8249
05
16
#8250
b11010001 #
b1101000101000000 (
b1101000101000000 )
b001011011 2
15
06
#8251
05
16
#8252
b11011001 #
b1101100101000000 (
b1101100101000000 )
b001011100 2
15
06
#8253
05
16
#8254
b11100001 #
b1110000101000000 (
b1110000101000000 )
b001011101 2
15
06
#8255
05
16
#8256
b11101001 #
b1110100101000000 (
b1110100101000000 )
b001011110 2
15
06
#8257
05
16
#8258
b11110001 #
b1111000101000000 (
b1111000101000000 )
b001011111 2
15
06
#8259
05
16
#8260
b11111001 #
b1111100101000000 (
b1111100101000000 )
b001100000 2
15
06
#8261
05
16
#8262
b00000001 #
b0000000101000000 (
b0000000101000000 )
b001100001 2
15
06
#8263
05
16
#8264
b00001001 #
b0000100101000000 (
b0000100101000000 )
b001100010 2
15
06
#8265
05
16
#8266
b00010001 #
b0001000101000000 (
b0001000101000000 )
b001100011 2
15
06
#8267
05
16
#8268
b00011001 #
b0001100101000000 (
b0001100101000000 )
b001100100 2
15
06
#8269
05
16
#8270
b00100001 #
b0010000101000000 (
b0010000101000000 )
b001100101 2
15
06
#8271
05
16
#8272
b00101001 #
b0010100101000000 (
b0010100101000000 )
b001100110 2
15
06
#8273
05
16
#8274
b00110001 #
b0011000101000000 (
b0011000101000000 )
b001100111 2
15
06
#8275
05
16
#8276
b00111001 #
b0011100101000000 (
b0011100101000000 )
b001101000 2
15
06
#8277
05
16
#8278
b01000001 #
b0100000101000000 (
b0100000101000000 )
b001101001 2
15
06
#8279
05
16
#8280
b01001001 #
b0100100101000000 (
b0100100101000000 )
b001101010 2
15
06
#8281
05
16
#8282
b01010001 #
b0101000101000000 (
b0101000101000000 )
b001101011 2
15
06
#8283
05
16
#8284
b01011001 #
b0101100101000000 (
b0101100101000000 )
b001101100 2
15
06
#8285
05
16
#8286
b01100001 #
b0110000101000000 (
b0110000101000000 )
b001101101 2
15
06
#8287
05
16
#8288
b01101001 #
b0110100101000000 (
b0110100101000000 )
b001101110 2
15
06
#8289
05
16
#8290
b01110001 #
b0111000101000000 (
b0111000101000000 )
b001101111 2
15
06
#8291
05
16
#8292
b01111001 #
b0111100101000000 (
b0111100101000000 )
b001110000 2
15
06
#8293
05
16
#8294
b10000001 #
b1000000101000000 (
b1000000101000000 )
b001110001 2
15
06
#8295
05
16
#8296
b10001001 #
b1000100101000000 (
b1000100101000000 )
b001110010 2
15
06
#8297
05
16
#8298
b10010001 #
b1001000101000000 (
b1001000101000000 )
b001110011 2
15
06
#8299
05
16
#8300
b10011001 #
b1001100101000000 (
b1001100101000000 )
b001110100 2
15
06
#8301
05
16
#8302
b10100001 #
b1010000101000000 (
b1010000101000000 )
b001110101 2
15
06
#8303
05
16
#8304
b10101001 #
b1010100101000000 (
b1010100101000000 )
b001110110 2
15
06
#8305
05
16
#8306
b10110001 #
b1011000101000000 (
b1011000101000000 )
b001110111 2
15
06
#8307
05
16
#8308
b10111001 #
b1011100101000000 (
b1011100101000000 )
b001111000 2
15
06
#8309
05
16
#8310
b11000001 #
b1100000101000000 (
b1100000101000000 )
b001111001 2
15
06
#8311
05
16
#8312
b11001001 #
b1100100101000000 (
b1100100101000000 )
b001111010 2
15
06
#8313
05
16
#8314
b11010001 #
b1101000101000000 (
b1101000101000000 )
b001111011 2
15
06
#8315
05
16
#8316
b11011001 #
b1101100101000000 (
b1101100101000000 )
b001111100 2
15
06
#8317
05
16
#8318
b11100001 #
b1110000101000000 (
b1110000101000000 )
b001111101 2
15
06
#8319
05
16
#8320
b11101001 #
b1110100101000000 (
b1110100101000000 )
b001111110 2
15
06
#8321
05
16
#8322
b11110001 #
b1111000101000000 (
b1111000101000000 )
b001111111 2
15
06
#8323
05
16
#8324
b11111001 #
b1111100101000000 (
b1111100101000000 )
b010000000 2
15
06
#8325
05
16
#8326
b00000001 #
b0000000101000000 (
b0000000101000000 )
b010000001 2
15
06
#8327
05
16
#8328
b00001001 #
b0000100101000000 (
b0000100101000000 )
b010000010 2
15
06
#8329
05
16
#8330
b00010001 #
b0001000101000000 (
b0001000101000000 )
b010000011 2
15
06
#8331
05
16
#8332
b00011001 #
b0001100101000000 (
b0001100101000000 )
b010000100 2
15
06
#8333
05
16
#8334
b00100001 #
b0010000101000000 (
b0010000101000000 )
b010000101 2
15
06
#8335
05
16
#8336
b00101001 #
b0010100101000000 (
b0010100101000000 )
b010000110 2
15
06
#8337
05
16
#8338
b00110001 #
b0011000101000000 (
b0011000101000000 )
b010000111 2
15
06
#8339
05
16
#8340
b00111001 #
b0011100101000000 (
b0011100101000000 )
b010001000 2
15
06
#8341
05
16
#8342
b01000001 #
b0100000101000000 (
b0100000101000000 )
b010001001 2
15
06
#8343
05
16
#8344
b01001001 #
b0100100101000000 (
b0100100101000000 )
b010001010 2
15
06
#8345
05
16
#8346
b01010001 #
b0101000101000000 (
b0101000101000000 )
b010001011 2
15
06
#8347
05
16
#8348
b01011001 #
b0101100101000000 (
b0101100101000000 )
b010001100 2
15
06
#8349
05
16
#8350
b01100001 #
b0110000101000000 (
b0110000101000000 )
b010001101 2
15
06
#8351
05
16
#8352
b01101001 #
b0110100101000000 (
b0110100101000000 )
b010001110 2
15
06
#8353
05
16
#8354
b01110001 #
b0111000101000000 (
b0111000101000000 )
b010001111 2
15
06
#8355
05
16
#8356
b01111001 #
b0111100101000000 (
b0111100101000000 )
b010010000 2
15
06
#8357
05
16
#8358
b10000001 #
b1000000101000000 (
b1000000101000000 )
b010010001 2
15
06
#8359
05
16
#8360
b10001001 #
b1000100101000000 (
b1000100101000000 )
b010010010 2
15
06
#8361
05
16
#8362
b10010001 #
b1001000101000000 (
b1001000101000000 )
b010010011 2
15
06
#8363
05
16
#8364
b10011001 #
b1001100101000000 (
b1001100101000000 )
b010010100 2
15
06
#8365
05
16
#8366
b10100001 #
b1010000101000000 (
b1010000101000000 )
b010010101 2
15
06
#8367
05
16
#8368
b10101001 #
b1010100101000000 (
b1010100101000000 )
b010010110 2
15
06
#8369
05
16
#8370
b10110001 #
b1011000101000000 (
b1011000101000000 )
b010010111 2
15
06
#8371
05
16
#8372
b10111001 #
b1011100101000000 (
b1011100101000000 )
b010011000 2
15
06
#8373
05
16
#8374
b11000001 #
b1100000101000000 (
b1100000101000000 )
b010011001 2
15
06
#8375
05
16
#8376
b11001001 #
b1100100101000000 (
b1100100101000000 )
b010011010 2
15
06
#8377
05
16
#8378
b11010001 #
b1101000101000000 (
b1101000101000000 )
b010011011 2
15
06
#8379
05
16
#8380
b11011001 #
b1101100101000000 (
b1101100101000000 )
b010011100 2
15
06
#8381
05
16
#8382
b11100001 #
b1110000101000000 (
b1110000101000000 )
b010011101 2
15
06
#8383
05
16
#8384
b11101001 #
b1110100101000000 (
b1110100101000000 )
b010011110 2
15
06
#8385
05
16
#8386
b11110001 #
b1111000101000000 (
b1111000101000000 )
b010011111 2
15
06
#8387
05
16
#8388
b11111001 #
b1111100101000000 (
b1111100101000000 )
b010100000 2
15
06
#8389
05
16
#8390
b00000001 #
b0000000101000000 (
b0000000101000000 )
b010100001 2
15
06
#8391
05
16
#8392
b00001001 #
b0000100101000000 (
b0000100101000000 )
b010100010 2
15
06
#8393
05
16
#8394
b00010001 #
b0001000101000000 (
b0001000101000000 )
b010100011 2
15
06
#8395
05
16
#8396
b00011001 #
b0001100101000000 (
b0001100101000000 )
b010100100 2
15
06
#8397
05
16
#8398
b00100001 #
b0010000101000000 (
b0010000101000000 )
b010100101 2
15
06
#8399
05
16
#8400
b00101001 #
b0010100101000000 (
b0010100101000000 )
b010100110 2
15
06
#8401
05
16
#8402
b00110001 #
b0011000101000000 (
b0011000101000000 )
b010100111 2
15
06
#8403
05
16
#8404
b00111001 #
b0011100101000000 (
b0011100101000000 )
b010101000 2
15
06
#8405
05
16
#8406
b01000001 #
b0100000101000000 (
b0100000101000000 )
b010101001 2
15
06
#8407
05
16
#8408
b01001001 #
b0100100101000000 (
b0100100101000000 )
b010101010 2
15
06
#8409
05
16
#8410
b01010001 #
b0101000101000000 (
b0101000101000000 )
b010101011 2
15
06
#8411
05
16
#8412
b01011001 #
b0101100101000000 (
b0101100101000000 )
b010101100 2
15
06
#8413
05
16
#8414
b01100001 #
b0110000101000000 (
b0110000101000000 )
b010101101 2
15
06
#8415
05
16
#8416
b01101001 #
b0110100101000000 (
b0110100101000000 )
b010101110 2
15
06
#8417
05
16
#8418
b01110001 #
b0111000101000000 (
b0111000101000000 )
b010101111 2
15
06
#8419
05
16
#8420
b01111001 #
b0111100101000000 (
b0111100101000000 )
b010110000 2
15
06
#8421
05
16
#8422
b10000001 #
b1000000101000000 (
b1000000101000000 )
b010110001 2
15
06
#8423
05
16
#8424
b10001001 #
b1000100101000000 (
b1000100101000000 )
b010110010 2
15
06
#8425
05
16
#8426
b10010001 #
b1001000101000000 (
b1001000101000000 )
b010110011 2
15
06
#8427
05
16
#8428
b10011001 #
b1001100101000000 (
b1001100101000000 )
b010110100 2
15
06
#8429
05
16
#8430
b10100001 #
b1010000101000000 (
b1010000101000000 )
b010110101 2
15
06
#8431
05
16
#8432
b10101001 #
b1010100101000000 (
b1010100101000000 )
b010110110 2
15
06
#8433
05
16
#8434
b10110001 #
b1011000101000000 (
b1011000101000000 )
b010110111 2
15
06
#8435
05
16
#8436
b10111001 #
b1011100101000000 (
b1011100101000000 )
b010111000 2
15
06
#8437
05
16
#8438
b11000001 #
b1100000101000000 (
b1100000101000000 )
b010111001 2
15
06
#8439
05
16
#8440
b11001001 #
b1100100101000000 (
b1100100101000000 )
b010111010 2
15
06
#8441
05
16
#8442
b11010001 #
b1101000101000000 (
b1101000101000000 )
b010111011 2
15
06
#8443
05
16
#8444
b11011001 #
b1101100101000000 (
b1101100101000000 )
b010111100 2
15
06
#8445
05
16
#8446
b11100001 #
b1110000101000000 (
b1110000101000000 )
b010111101 2
15
06
#8447
05
16
#8448
b11101001 #
b1110100101000000 (
b1110100101000000 )
b010111110 2
15
06
#8449
05
16
#8450
b11110001 #
b1111000101000000 (
b1111000101000000 )
b010111111 2
15
06
#8451
05
16
#8452
b11111001 #
b1111100101000000 (
b1111100101000000 )
b011000000 2
15
06
#8453
05
16
#8454
b00000001 #
b0000000101000000 (
b0000000101000000 )
b011000001 2
15
06
#8455
05
16
#8456
b00001001 #
b0000100101000000 (
b0000100101000000 )
b011000010 2
15
06
#8457
05
16
#8458
b00010001 #
b0001000101000000 (
b0001000101000000 )
b011000011 2
15
06
#8459
05
16
#8460
b00011001 #
b0001100101000000 (
b0001100101000000 )
b011000100 2
15
06
#8461
05
16
#8462
b00100001 #
b0010000101000000 (
b0010000101000000 )
b011000101 2
15
06
#8463
05
16
#8464
b00101001 #
b0010100101000000 (
b0010100101000000 )
b011000110 2
15
06
#8465
05
16
#8466
b00110001 #
b0011000101000000 (
b0011000101000000 )
b011000111 2
15
06
#8467
05
16
#8468
b00111001 #
b0011100101000000 (
b0011100101000000 )
b011001000 2
15
06
#8469
05
16
#8470
b01000001 #
b0100000101000000 (
b0100000101000000 )
b011001001 2
15
06
#8471
05
16
#8472
b01001001 #
b0100100101000000 (
b0100100101000000 )
b011001010 2
15
06
#8473
05
16
#8474
b01010001 #
b0101000101000000 (
b0101000101000000 )
b011001011 2
15
06
#8475
05
16
#8476
b01011001 #
b0101100101000000 (
b0101100101000000 )
b011001100 2
15
06
#8477
05
16
#8478
b01100001 #
b0110000101000000 (
b0110000101000000 )
b011001101 2
15
06
#8479
05
16
#8480
b01101001 #
b0110100101000000 (
b0110100101000000 )
b011001110 2
15
06
#8481
05
16
#8482
b01110001 #
b0111000101000000 (
b0111000101000000 )
b011001111 2
15
06
#8483
05
16
#8484
b01111001 #
b0111100101000000 (
b0111100101000000 )
b011010000 2
15
06
#8485
05
16
#8486
b10000001 #
b1000000101000000 (
b1000000101000000 )
b011010001 2
15
06
#8487
05
16
#8488
b10001001 #
b1000100101000000 (
b1000100101000000 )
b011010010 2
15
06
#8489
05
16
#8490
b10010001 #
b1001000101000000 (
b1001000101000000 )
b011010011 2
15
06
#8491
05
16
#8492
b10011001 #
b1001100101000000 (
b1001100101000000 )
b011010100 2
15
06
#8493
05
16
#8494
b10100001 #
b1010000101000000 (
b1010000101000000 )
b011010101 2
15
06
#8495
05
16
#8496
b10101001 #
b1010100101000000 (
b1010100101000000 )
b011010110 2
15
06
#8497
05
16
#8498
b10110001 #
b1011000101000000 (
b1011000101000000 )
b011010111 2
15
06
#8499
05
16
#8500
b10111001 #
b1011100101000000 (
b1011100101000000 )
b011011000 2
15
06
#8501
05
16
#8502
b11000001 #
b1100000101000000 (
b1100000101000000 )
b011011001 2
15
06
#8503
05
16
#8504
b11001001 #
b1100100101000000 (
b1100100101000000 )
b011011010 2
15
06
#8505
05
16
#8506
b11010001 #
b1101000101000000 (
b1101000101000000 )
b011011011 2
15
06
#8507
05
16
#8508
b11011001 #
b1101100101000000 (
b1101100101000000 )
b011011100 2
15
06
#8509
05
16
#8510
b11100001 #
b1110000101000000 (
b1110000101000000 )
b011011101 2
15
06
#8511
05
16
#8512
b11101001 #
b1110100101000000 (
b1110100101000000 )
b011011110 2
15
06
#8513
05
16
#8514
b11110001 #
b1111000101000000 (
b1111000101000000 )
b011011111 2
15
06
#8515
05
16
#8516
b11111001 #
b1111100101000000 (
b1111100101000000 )
b011100000 2
15
06
#8517
05
16
#8518
b00000001 #
b0000000101000000 (
b0000000101000000 )
b011100001 2
15
06
#8519
05
16
#8520
b00001001 #
b0000100101000000 (
b0000100101000000 )
b011100010 2
15
06
#8521
05
16
#8522
b00010001 #
b0001000101000000 (
b0001000101000000 )
b011100011 2
15
06
#8523
05
16
#8524
b00011001 #
b0001100101000000 (
b0001100101000000 )
b011100100 2
15
06
#8525
05
16
#8526
b00100001 #
b0010000101000000 (
b0010000101000000 )
b011100101 2
15
06
#8527
05
16
#8528
b00101001 #
b0010100101000000 (
b0010100101000000 )
b011100110 2
15
06
#8529
05
16
#8530
b00110001 #
b0011000101000000 (
b0011000101000000 )
b011100111 2
15
06
#8531
05
16
#8532
b00111001 #
b0011100101000000 (
b0011100101000000 )
b011101000 2
15
06
#8533
05
16
#8534
b01000001 #
b0100000101000000 (
b0100000101000000 )
b011101001 2
15
06
#8535
05
16
#8536
b01001001 #
b0100100101000000 (
b0100100101000000 )
b011101010 2
15
06
#8537
05
16
#8538
b01010001 #
b0101000101000000 (
b0101000101000000 )
b011101011 2
15
06
#8539
05
16
#8540
b01011001 #
b0101100101000000 (
b0101100101000000 )
b011101100 2
15
06
#8541
05
16
#8542
b01100001 #
b0110000101000000 (
b0110000101000000 )
b011101101 2
15
06
#8543
05
16
#8544
b01101001 #
b0110100101000000 (
b0110100101000000 )
b011101110 2
15
06
#8545
05
16
#8546
b01110001 #
b0111000101000000 (
b0111000101000000 )
b011101111 2
15
06
#8547
05
16
#8548
b01111001 #
b0111100101000000 (
b0111100101000000 )
b011110000 2
15
06
#8549
05
16
#8550
b10000001 #
b1000000101000000 (
b1000000101000000 )
b011110001 2
15
06
#8551
05
16
#8552
b10001001 #
b1000100101000000 (
b1000100101000000 )
b011110010 2
15
06
#8553
05
16
#8554
b10010001 #
b1001000101000000 (
b1001000101000000 )
b011110011 2
15
06
#8555
05
16
#8556
b10011001 #
b1001100101000000 (
b1001100101000000 )
b011110100 2
15
06
#8557
05
16
#8558
b10100001 #
b1010000101000000 (
b1010000101000000 )
b011110101 2
15
06
#8559
05
16
#8560
b10101001 #
b1010100101000000 (
b1010100101000000 )
b011110110 2
15
06
#8561
05
16
#8562
b10110001 #
b1011000101000000 (
b1011000101000000 )
b011110111 2
15
06
#8563
05
16
#8564
b10111001 #
b1011100101000000 (
b1011100101000000 )
b011111000 2
15
06
#8565
05
16
#8566
b11000001 #
b1100000101000000 (
b1100000101000000 )
b011111001 2
15
06
#8567
05
16
#8568
b11001001 #
b1100100101000000 (
b1100100101000000 )
b011111010 2
15
06
#8569
05
16
#8570
b11010001 #
b1101000101000000 (
b1101000101000000 )
b011111011 2
15
06
#8571
05
16
#8572
b11011001 #
b1101100101000000 (
b1101100101000000 )
b011111100 2
15
06
#8573
05
16
#8574
b11100001 #
b1110000101000000 (
b1110000101000000 )
b011111101 2
15
06
#8575
05
16
#8576
b11101001 #
b1110100101000000 (
b1110100101000000 )
b011111110 2
15
06
#8577
05
16
#8578
b11110001 #
b1111000101000000 (
b1111000101000000 )
b011111111 2
15
06
#8579
05
16
#8580
b11111001 #
b1111100101000000 (
b1111100101000000 )
b100000000 2
15
06
#8581
05
16
#8582
b00000001 #
b0000000101000000 (
b0000000101000000 )
b100000001 2
15
06
#8583
05
16
#8584
b00001001 #
b0000100101000000 (
b0000100101000000 )
b100000010 2
15
06
#8585
05
16
#8586
b00010001 #
b0001000101000000 (
b0001000101000000 )
b100000011 2
15
06
#8587
05
16
#8588
b00011001 #
b0001100101000000 (
b0001100101000000 )
b100000100 2
15
06
#8589
05
16
#8590
b00100001 #
b0010000101000000 (
b0010000101000000 )
b100000101 2
15
06
#8591
05
16
#8592
b00101001 #
b0010100101000000 (
b0010100101000000 )
b100000110 2
15
06
#8593
05
16
#8594
b00110001 #
b0011000101000000 (
b0011000101000000 )
b100000111 2
15
06
#8595
05
16
#8596
b00111001 #
b0011100101000000 (
b0011100101000000 )
b100001000 2
15
06
#8597
05
16
#8598
b01000001 #
b0100000101000000 (
b0100000101000000 )
b100001001 2
15
06
#8599
05
16
#8600
b01001001 #
b0100100101000000 (
b0100100101000000 )
b100001010 2
15
06
#8601
05
16
#8602
b01010001 #
b0101000101000000 (
b0101000101000000 )
b100001011 2
15
06
#8603
05
16
#8604
b01011001 #
b0101100101000000 (
b0101100101000000 )
b100001100 2
15
06
#8605
05
16
#8606
b01100001 #
b0110000101000000 (
b0110000101000000 )
b100001101 2
15
06
#8607
05
16
#8608
b01101001 #
b0110100101000000 (
b0110100101000000 )
b100001110 2
15
06
#8609
05
16
#8610
b01110001 #
b0111000101000000 (
b0111000101000000 )
b100001111 2
15
06
#8611
05
16
#8612
b01111001 #
b0111100101000000 (
b0111100101000000 )
b100010000 2
15
06
#8613
05
16
#8614
b10000001 #
b1000000101000000 (
b1000000101000000 )
b100010001 2
15
06
#8615
05
16
#8616
b10001001 #
b1000100101000000 (
b1000100101000000 )
b100010010 2
15
06
#8617
05
16
#8618
b10010001 #
b1001000101000000 (
b1001000101000000 )
b100010011 2
15
06
#8619
05
16
#8620
b10011001 #
b1001100101000000 (
b1001100101000000 )
b100010100 2
15
06
#8621
05
16
#8622
b10100001 #
b1010000101000000 (
b1010000101000000 )
b100010101 2
15
06
#8623
05
16
#8624
b10101001 #
b1010100101000000 (
b1010100101000000 )
b100010110 2
15
06
#8625
05
16
#8626
b10110001 #
b1011000101000000 (
b1011000101000000 )
b100010111 2
15
06
#8627
05
16
#8628
b10111001 #
b1011100101000000 (
b1011100101000000 )
b100011000 2
15
06
#8629
05
16
#8630
b11000001 #
b1100000101000000 (
b1100000101000000 )
b100011001 2
15
06
#8631
05
16
#8632
b11001001 #
b1100100101000000 (
b1100100101000000 )
b100011010 2
15
06
#8633
05
16
#8634
b11010001 #
b1101000101000000 (
b1101000101000000 )
b100011011 2
15
06
#8635
05
16
#8636
b11011001 #
b1101100101000000 (
b1101100101000000 )
b100011100 2
15
06
#8637
05
16
#8638
b11100001 #
b1110000101000000 (
b1110000101000000 )
b100011101 2
15
06
#8639
05
16
#8640
b11101001 #
b1110100101000000 (
b1110100101000000 )
b100011110 2
15
06
#8641
05
16
#8642
b11110001 #
b1111000101000000 (
b1111000101000000 )
b100011111 2
15
06
#8643
05
16
#8644
b11111001 #
b1111100101000000 (
b1111100101000000 )
b100100000 2
15
06
#8645
05
16
#8646
b00000001 #
b0000000101000000 (
b0000000101000000 )
b100100001 2
15
06
#8647
05
16
#8648
b00001001 #
b0000100101000000 (
b0000100101000000 )
b100100010 2
15
06
#8649
05
16
#8650
b00010001 #
b0001000101000000 (
b0001000101000000 )
b100100011 2
15
06
#8651
05
16
#8652
b00011001 #
b0001100101000000 (
b0001100101000000 )
b100100100 2
15
06
#8653
05
16
#8654
b00100001 #
b0010000101000000 (
b0010000101000000 )
b100100101 2
15
06
#8655
05
16
#8656
b00101001 #
b0010100101000000 (
b0010100101000000 )
b100100110 2
15
06
#8657
05
16
#8658
b00110001 #
b0011000101000000 (
b0011000101000000 )
b100100111 2
15
06
#8659
05
16
#8660
b00111001 #
b0011100101000000 (
b0011100101000000 )
b100101000 2
15
06
#8661
05
16
#8662
b01000001 #
b0100000101000000 (
b0100000101000000 )
b100101001 2
15
06
#8663
05
16
#8664
b01001001 #
b0100100101000000 (
b0100100101000000 )
b100101010 2
15
06
#8665
05
16
#8666
b01010001 #
b0101000101000000 (
b0101000101000000 )
b100101011 2
15
06
#8667
05
16
#8668
b01011001 #
b0101100101000000 (
b0101100101000000 )
b100101100 2
15
06
#8669
05
16
#8670
b01100001 #
b0110000101000000 (
b0110000101000000 )
b100101101 2
15
06
#8671
05
16
#8672
b01101001 #
b0110100101000000 (
b0110100101000000 )
b100101110 2
15
06
#8673
05
16
#8674
b01110001 #
b0111000101000000 (
b0111000101000000 )
b100101111 2
15
06
#8675
05
16
#8676
b01111001 #
b0111100101000000 (
b0111100101000000 )
b100110000 2
15
06
#8677
05
16
#8678
b10000001 #
b1000000101000000 (
b1000000101000000 )
b100110001 2
15
06
#8679
05
16
#8680
b10001001 #
b1000100101000000 (
b1000100101000000 )
b100110010 2
15
06
#8681
05
16
#8682
b10010001 #
b1001000101000000 (
b1001000101000000 )
b100110011 2
15
06
#8683
05
16
#8684
b10011001 #
b1001100101000000 (
b1001100101000000 )
b100110100 2
15
06
#8685
05
16
#8686
b10100001 #
b1010000101000000 (
b1010000101000000 )
b100110101 2
15
06
#8687
05
16
#8688
b10101001 #
b1010100101000000 (
b1010100101000000 )
b100110110 2
15
06
#8689
05
16
#8690
b10110001 #
b1011000101000000 (
b1011000101000000 )
b100110111 2
15
06
#8691
05
16
#8692
b10111001 #
b1011100101000000 (
b1011100101000000 )
b100111000 2
15
06
#8693
05
16
#8694
b11000001 #
b1100000101000000 (
b1100000101000000 )
b100111001 2
15
06
#8695
05
16
#8696
b11001001 #
b1100100101000000 (
b1100100101000000 )
b100111010 2
15
06
#8697
05
16
#8698
b11010001 #
b1101000101000000 (
b1101000101000000 )
b100111011 2
15
06
#8699
05
16
#8700
b11011001 #
b1101100101000000 (
b1101100101000000 )
b100111100 2
15
06
#8701
05
16
#8702
b11100001 #
b1110000101000000 (
b1110000101000000 )
b100111101 2
15
06
#8703
05
16
#8704
b11101001 #
b1110100101000000 (
b1110100101000000 )
b100111110 2
15
06
#8705
05
16
#8706
b11110001 #
b1111000101000000 (
b1111000101000000 )
b100111111 2
15
06
#8707
05
16
#8708
b11111001 #
b1111100101000000 (
b1111100101000000 )
b000000000 2
b00001011 3
15
06
#8709
05
16
#8710
b00000001 #
b01100000 $
b0000000101100000 (
b0000000101100000 )
b000000001 2
15
06
#8711
05
16
#8712
b00001001 #
b0000100101100000 (
b0000100101100000 )
b000000010 2
15
06
#8713
05
16
#8714
b00010001 #
b0001000101100000 (
b0001000101100000 )
b000000011 2
15
06
#8715
05
16
#8716
b00011001 #
b0001100101100000 (
b0001100101100000 )
b000000100 2
15
06
#8717
05
16
#8718
b00100001 #
b0010000101100000 (
b0010000101100000 )
b000000101 2
15
06
#8719
05
16
#8720
b00101001 #
b0010100101100000 (
b0010100101100000 )
b000000110 2
15
06
#8721
05
16
#8722
b00110001 #
b0011000101100000 (
b0011000101100000 )
b000000111 2
15
06
#8723
05
16
#8724
b00111001 #
b0011100101100000 (
b0011100101100000 )
b000001000 2
15
06
#8725
05
16
#8726
b01000001 #
b0100000101100000 (
b0100000101100000 )
b000001001 2
15
06
#8727
05
16
#8728
b01001001 #
b0100100101100000 (
b0100100101100000 )
b000001010 2
15
06
#8729
05
16
#8730
b01010001 #
b0101000101100000 (
b0101000101100000 )
b000001011 2
15
06
#8731
05
16
#8732
b01011001 #
b0101100101100000 (
b0101100101100000 )
b000001100 2
15
06
#8733
05
16
#8734
b01100001 #
b0110000101100000 (
b0110000101100000 )
b000001101 2
15
06
#8735
05
16
#8736
b01101001 #
b0110100101100000 (
b0110100101100000 )
b000001110 2
15
06
#8737
05
16
#8738
b01110001 #
b0111000101100000 (
b0111000101100000 )
b000001111 2
15
06
#8739
05
16
#8740
b01111001 #
b0111100101100000 (
b0111100101100000 )
b000010000 2
15
06
#8741
05
16
#8742
b10000001 #
b1000000101100000 (
b1000000101100000 )
b000010001 2
15
06
#8743
05
16
#8744
b10001001 #
b1000100101100000 (
b1000100101100000 )
b000010010 2
15
06
#8745
05
16
#8746
b10010001 #
b1001000101100000 (
b1001000101100000 )
b000010011 2
15
06
#8747
05
16
#8748
b10011001 #
b1001100101100000 (
b1001100101100000 )
b000010100 2
15
06
#8749
05
16
#8750
b10100001 #
b1010000101100000 (
b1010000101100000 )
b000010101 2
15
06
#8751
05
16
#8752
b10101001 #
b1010100101100000 (
b1010100101100000 )
b000010110 2
15
06
#8753
05
16
#8754
b10110001 #
b1011000101100000 (
b1011000101100000 )
b000010111 2
15
06
#8755
05
16
#8756
b10111001 #
b1011100101100000 (
b1011100101100000 )
b000011000 2
15
06
#8757
05
16
#8758
b11000001 #
b1100000101100000 (
b1100000101100000 )
b000011001 2
15
06
#8759
05
16
#8760
b11001001 #
b1100100101100000 (
b1100100101100000 )
b000011010 2
15
06
#8761
05
16
#8762
b11010001 #
b1101000101100000 (
b1101000101100000 )
b000011011 2
15
06
#8763
05
16
#8764
b11011001 #
b1101100101100000 (
b1101100101100000 )
b000011100 2
15
06
#8765
05
16
#8766
b11100001 #
b1110000101100000 (
b1110000101100000 )
b000011101 2
15
06
#8767
05
16
#8768
b11101001 #
b1110100101100000 (
b1110100101100000 )
b000011110 2
15
06
#8769
05
16
#8770
b11110001 #
b1111000101100000 (
b1111000101100000 )
b000011111 2
15
06
#8771
05
16
#8772
b11111001 #
b1111100101100000 (
b1111100101100000 )
b000100000 2
15
06
#8773
05
16
#8774
b00000001 #
b0000000101100000 (
b0000000101100000 )
b000100001 2
15
06
#8775
05
16
#8776
b00001001 #
b0000100101100000 (
b0000100101100000 )
b000100010 2
15
06
#8777
05
16
#8778
b00010001 #
b0001000101100000 (
b0001000101100000 )
b000100011 2
15
06
#8779
05
16
#8780
b00011001 #
b0001100101100000 (
b0001100101100000 )
b000100100 2
15
06
#8781
05
16
#8782
b00100001 #
b0010000101100000 (
b0010000101100000 )
b000100101 2
15
06
#8783
05
16
#8784
b00101001 #
b0010100101100000 (
b0010100101100000 )
b000100110 2
15
06
#8785
05
16
#8786
b00110001 #
b0011000101100000 (
b0011000101100000 )
b000100111 2
15
06
#8787
05
16
#8788
b00111001 #
b0011100101100000 (
b0011100101100000 )
b000101000 2
15
06
#8789
05
16
#8790
b01000001 #
b0100000101100000 (
b0100000101100000 )
b000101001 2
15
06
#8791
05
16
#8792
b01001001 #
b0100100101100000 (
b0100100101100000 )
b000101010 2
15
06
#8793
05
16
#8794
b01010001 #
b0101000101100000 (
b0101000101100000 )
b000101011 2
15
06
#8795
05
16
#8796
b01011001 #
b0101100101100000 (
b0101100101100000 )
b000101100 2
15
06
#8797
05
16
#8798
b01100001 #
b0110000101100000 (
b0110000101100000 )
b000101101 2
15
06
#8799
05
16
#8800
b01101001 #
b0110100101100000 (
b0110100101100000 )
b000101110 2
15
06
#8801
05
16
#8802
b01110001 #
b0111000101100000 (
b0111000101100000 )
b000101111 2
15
06
#8803
05
16
#8804
b01111001 #
b0111100101100000 (
b0111100101100000 )
b000110000 2
15
06
#8805
05
16
#8806
b10000001 #
b1000000101100000 (
b1000000101100000 )
b000110001 2
15
06
#8807
05
16
#8808
b10001001 #
b1000100101100000 (
b1000100101100000 )
b000110010 2
15
06
#8809
05
16
#8810
b10010001 #
b1001000101100000 (
b1001000101100000 )
b000110011 2
15
06
#8811
05
16
#8812
b10011001 #
b1001100101100000 (
b1001100101100000 )
b000110100 2
15
06
#8813
05
16
#8814
b10100001 #
b1010000101100000 (
b1010000101100000 )
b000110101 2
15
06
#8815
05
16
#8816
b10101001 #
b1010100101100000 (
b1010100101100000 )
b000110110 2
15
06
#8817
05
16
#8818
b10110001 #
b1011000101100000 (
b1011000101100000 )
b000110111 2
15
06
#8819
05
16
#8820
b10111001 #
b1011100101100000 (
b1011100101100000 )
b000111000 2
15
06
#8821
05
16
#8822
b11000001 #
b1100000101100000 (
b1100000101100000 )
b000111001 2
15
06
#8823
05
16
#8824
b11001001 #
b1100100101100000 (
b1100100101100000 )
b000111010 2
15
06
#8825
05
16
#8826
b11010001 #
b1101000101100000 (
b1101000101100000 )
b000111011 2
15
06
#8827
05
16
#8828
b11011001 #
b1101100101100000 (
b1101100101100000 )
b000111100 2
15
06
#8829
05
16
#8830
b11100001 #
b1110000101100000 (
b1110000101100000 )
b000111101 2
15
06
#8831
05
16
#8832
b11101001 #
b1110100101100000 (
b1110100101100000 )
b000111110 2
15
06
#8833
05
16
#8834
b11110001 #
b1111000101100000 (
b1111000101100000 )
b000111111 2
15
06
#8835
05
16
#8836
b11111001 #
b1111100101100000 (
b1111100101100000 )
b001000000 2
15
06
#8837
05
16
#8838
b00000001 #
b0000000101100000 (
b0000000101100000 )
b001000001 2
15
06
#8839
05
16
#8840
b00001001 #
b0000100101100000 (
b0000100101100000 )
b001000010 2
15
06
#8841
05
16
#8842
b00010001 #
b0001000101100000 (
b0001000101100000 )
b001000011 2
15
06
#8843
05
16
#8844
b00011001 #
b0001100101100000 (
b0001100101100000 )
b001000100 2
15
06
#8845
05
16
#8846
b00100001 #
b0010000101100000 (
b0010000101100000 )
b001000101 2
15
06
#8847
05
16
#8848
b00101001 #
b0010100101100000 (
b0010100101100000 )
b001000110 2
15
06
#8849
05
16
#8850
b00110001 #
b0011000101100000 (
b0011000101100000 )
b001000111 2
15
06
#8851
05
16
#8852
b00111001 #
b0011100101100000 (
b0011100101100000 )
b001001000 2
15
06
#8853
05
16
#8854
b01000001 #
b0100000101100000 (
b0100000101100000 )
b001001001 2
15
06
#8855
05
16
#8856
b01001001 #
b0100100101100000 (
b0100100101100000 )
b001001010 2
15
06
#8857
05
16
#8858
b01010001 #
b0101000101100000 (
b0101000101100000 )
b001001011 2
15
06
#8859
05
16
#8860
b01011001 #
b0101100101100000 (
b0101100101100000 )
b001001100 2
15
06
#8861
05
16
#8862
b01100001 #
b0110000101100000 (
b0110000101100000 )
b001001101 2
15
06
#8863
05
16
#8864
b01101001 #
b0110100101100000 (
b0110100101100000 )
b001001110 2
15
06
#8865
05
16
#8866
b01110001 #
b0111000101100000 (
b0111000101100000 )
b001001111 2
15
06
#8867
05
16
#8868
b01111001 #
b0111100101100000 (
b0111100101100000 )
b001010000 2
15
06
#8869
05
16
#8870
b10000001 #
b1000000101100000 (
b1000000101100000 )
b001010001 2
15
06
#8871
05
16
#8872
b10001001 #
b1000100101100000 (
b1000100101100000 )
b001010010 2
15
06
#8873
05
16
#8874
b10010001 #
b1001000101100000 (
b1001000101100000 )
b001010011 2
15
06
#8875
05
16
#8876
b10011001 #
b1001100101100000 (
b1001100101100000 )
b001010100 2
15
06
#8877
05
16
#8878
b10100001 #
b1010000101100000 (
b1010000101100000 )
b001010101 2
15
06
#8879
05
16
#8880
b10101001 #
b1010100101100000 (
b1010100101100000 )
b001010110 2
15
06
#8881
05
16
#8882
b10110001 #
b1011000101100000 (
b1011000101100000 )
b001010111 2
15
06
#8883
05
16
#8884
b10111001 #
b1011100101100000 (
b1011100101100000 )
b001011000 2
15
06
#8885
05
16
#8886
b11000001 #
b1100000101100000 (
b1100000101100000 )
b001011001 2
15
06
#8887
05
16
#8888
b11001001 #
b1100100101100000 (
b1100100101100000 )
b001011010 2
15
06
#8889
05
16
#8890
b11010001 #
b1101000101100000 (
b1101000101100000 )
b001011011 2
15
06
#8891
05
16
#8892
b11011001 #
b1101100101100000 (
b1101100101100000 )
b001011100 2
15
06
#8893
05
16
#8894
b11100001 #
b1110000101100000 (
b1110000101100000 )
b001011101 2
15
06
#8895
05
16
#8896
b11101001 #
b1110100101100000 (
b1110100101100000 )
b001011110 2
15
06
#8897
05
16
#8898
b11110001 #
b1111000101100000 (
b1111000101100000 )
b001011111 2
15
06
#8899
05
16
#8900
b11111001 #
b1111100101100000 (
b1111100101100000 )
b001100000 2
15
06
#8901
05
16
#8902
b00000001 #
b0000000101100000 (
b0000000101100000 )
b001100001 2
15
06
#8903
05
16
#8904
b00001001 #
b0000100101100000 (
b0000100101100000 )
b001100010 2
15
06
#8905
05
16
#8906
b00010001 #
b0001000101100000 (
b0001000101100000 )
b001100011 2
15
06
#8907
05
16
#8908
b00011001 #
b0001100101100000 (
b0001100101100000 )
b001100100 2
15
06
#8909
05
16
#8910
b00100001 #
b0010000101100000 (
b0010000101100000 )
b001100101 2
15
06
#8911
05
16
#8912
b00101001 #
b0010100101100000 (
b0010100101100000 )
b001100110 2
15
06
#8913
05
16
#8914
b00110001 #
b0011000101100000 (
b0011000101100000 )
b001100111 2
15
06
#8915
05
16
#8916
b00111001 #
b0011100101100000 (
b0011100101100000 )
b001101000 2
15
06
#8917
05
16
#8918
b01000001 #
b0100000101100000 (
b0100000101100000 )
b001101001 2
15
06
#8919
05
16
#8920
b01001001 #
b0100100101100000 (
b0100100101100000 )
b001101010 2
15
06
#8921
05
16
#8922
b01010001 #
b0101000101100000 (
b0101000101100000 )
b001101011 2
15
06
#8923
05
16
#8924
b01011001 #
b0101100101100000 (
b0101100101100000 )
b001101100 2
15
06
#8925
05
16
#8926
b01100001 #
b0110000101100000 (
b0110000101100000 )
b001101101 2
15
06
#8927
05
16
#8928
b01101001 #
b0110100101100000 (
b0110100101100000 )
b001101110 2
15
06
#8929
05
16
#8930
b01110001 #
b0111000101100000 (
b0111000101100000 )
b001101111 2
15
06
#8931
05
16
#8932
b01111001 #
b0111100101100000 (
b0111100101100000 )
b001110000 2
15
06
#8933
05
16
#8934
b10000001 #
b1000000101100000 (
b1000000101100000 )
b001110001 2
15
06
#8935
05
16
#8936
b10001001 #
b1000100101100000 (
b1000100101100000 )
b001110010 2
15
06
#8937
05
16
#8938
b10010001 #
b1001000101100000 (
b1001000101100000 )
b001110011 2
15
06
#8939
05
16
#8940
b10011001 #
b1001100101100000 (
b1001100101100000 )
b001110100 2
15
06
#8941
05
16
#8942
b10100001 #
b1010000101100000 (
b1010000101100000 )
b001110101 2
15
06
#8943
05
16
#8944
b10101001 #
b1010100101100000 (
b1010100101100000 )
b001110110 2
15
06
#8945
05
16
#8946
b10110001 #
b1011000101100000 (
b1011000101100000 )
b001110111 2
15
06
#8947
05
16
#8948
b10111001 #
b1011100101100000 (
b1011100101100000 )
b001111000 2
15
06
#8949
05
16
#8950
b11000001 #
b1100000101100000 (
b1100000101100000 )
b001111001 2
15
06
#8951
05
16
#8952
b11001001 #
b1100100101100000 (
b1100100101100000 )
b001111010 2
15
06
#8953
05
16
#8954
b11010001 #
b1101000101100000 (
b1101000101100000 )
b001111011 2
15
06
#8955
05
16
#8956
b11011001 #
b1101100101100000 (
b1101100101100000 )
b001111100 2
15
06
#8957
05
16
#8958
b11100001 #
b1110000101100000 (
b1110000101100000 )
b001111101 2
15
06
#8959
05
16
#8960
b11101001 #
b1110100101100000 (
b1110100101100000 )
b001111110 2
15
06
#8961
05
16
#8962
b11110001 #
b1111000101100000 (
b1111000101100000 )
b001111111 2
15
06
#8963
05
16
#8964
b11111001 #
b1111100101100000 (
b1111100101100000 )
b010000000 2
15
06
#8965
05
16
#8966
b00000001 #
b0000000101100000 (
b0000000101100000 )
b010000001 2
15
06
#8967
05
16
#8968
b00001001 #
b0000100101100000 (
b0000100101100000 )
b010000010 2
15
06
#8969
05
16
#8970
b00010001 #
b0001000101100000 (
b0001000101100000 )
b010000011 2
15
06
#8971
05
16
#8972
b00011001 #
b0001100101100000 (
b0001100101100000 )
b010000100 2
15
06
#8973
05
16
#8974
b00100001 #
b0010000101100000 (
b0010000101100000 )
b010000101 2
15
06
#8975
05
16
#8976
b00101001 #
b0010100101100000 (
b0010100101100000 )
b010000110 2
15
06
#8977
05
16
#8978
b00110001 #
b0011000101100000 (
b0011000101100000 )
b010000111 2
15
06
#8979
05
16
#8980
b00111001 #
b0011100101100000 (
b0011100101100000 )
b010001000 2
15
06
#8981
05
16
#8982
b01000001 #
b0100000101100000 (
b0100000101100000 )
b010001001 2
15
06
#8983
05
16
#8984
b01001001 #
b0100100101100000 (
b0100100101100000 )
b010001010 2
15
06
#8985
05
16
#8986
b01010001 #
b0101000101100000 (
b0101000101100000 )
b010001011 2
15
06
#8987
05
16
#8988
b01011001 #
b0101100101100000 (
b0101100101100000 )
b010001100 2
15
06
#8989
05
16
#8990
b01100001 #
b0110000101100000 (
b0110000101100000 )
b010001101 2
15
06
#8991
05
16
#8992
b01101001 #
b0110100101100000 (
b0110100101100000 )
b010001110 2
15
06
#8993
05
16
#8994
b01110001 #
b0111000101100000 (
b0111000101100000 )
b010001111 2
15
06
#8995
05
16
#8996
b01111001 #
b0111100101100000 (
b0111100101100000 )
b010010000 2
15
06
#8997
05
16
#8998
b10000001 #
b1000000101100000 (
b1000000101100000 )
b010010001 2
15
06
#8999
05
16
#9000
b10001001 #
b1000100101100000 (
b1000100101100000 )
b010010010 2
15
06
#9001
05
16
#9002
b10010001 #
b1001000101100000 (
b1001000101100000 )
b010010011 2
15
06
#9003
05
16
#9004
b10011001 #
b1001100101100000 (
b1001100101100000 )
b010010100 2
15
06
#9005
05
16
#9006
b10100001 #
b1010000101100000 (
b1010000101100000 )
b010010101 2
15
06
#9007
05
16
#9008
b10101001 #
b1010100101100000 (
b1010100101100000 )
b010010110 2
15
06
#9009
05
16
#9010
b10110001 #
b1011000101100000 (
b1011000101100000 )
b010010111 2
15
06
#9011
05
16
#9012
b10111001 #
b1011100101100000 (
b1011100101100000 )
b010011000 2
15
06
#9013
05
16
#9014
b11000001 #
b1100000101100000 (
b1100000101100000 )
b010011001 2
15
06
#9015
05
16
#9016
b11001001 #
b1100100101100000 (
b1100100101100000 )
b010011010 2
15
06
#9017
05
16
#9018
b11010001 #
b1101000101100000 (
b1101000101100000 )
b010011011 2
15
06
#9019
05
16
#9020
b11011001 #
b1101100101100000 (
b1101100101100000 )
b010011100 2
15
06
#9021
05
16
#9022
b11100001 #
b1110000101100000 (
b1110000101100000 )
b010011101 2
15
06
#9023
05
16
#9024
b11101001 #
b1110100101100000 (
b1110100101100000 )
b010011110 2
15
06
#9025
05
16
#9026
b11110001 #
b1111000101100000 (
b1111000101100000 )
b010011111 2
15
06
#9027
05
16
#9028
b11111001 #
b1111100101100000 (
b1111100101100000 )
b010100000 2
15
06
#9029
05
16
#9030
b00000001 #
b0000000101100000 (
b0000000101100000 )
b010100001 2
15
06
#9031
05
16
#9032
b00001001 #
b0000100101100000 (
b0000100101100000 )
b010100010 2
15
06
#9033
05
16
#9034
b00010001 #
b0001000101100000 (
b0001000101100000 )
b010100011 2
15
06
#9035
05
16
#9036
b00011001 #
b0001100101100000 (
b0001100101100000 )
b010100100 2
15
06
#9037
05
16
#9038
b00100001 #
b0010000101100000 (
b0010000101100000 )
b010100101 2
15
06
#9039
05
16
#9040
b00101001 #
b0010100101100000 (
b0010100101100000 )
b010100110 2
15
06
#9041
05
16
#9042
b00110001 #
b0011000101100000 (
b0011000101100000 )
b010100111 2
15
06
#9043
05
16
#9044
b00111001 #
b0011100101100000 (
b0011100101100000 )
b010101000 2
15
06
#9045
05
16
#9046
b01000001 #
b0100000101100000 (
b0100000101100000 )
b010101001 2
15
06
#9047
05
16
#9048
b01001001 #
b0100100101100000 (
b0100100101100000 )
b010101010 2
15
06
#9049
05
16
#9050
b01010001 #
b0101000101100000 (
b0101000101100000 )
b010101011 2
15
06
#9051
05
16
#9052
b01011001 #
b0101100101100000 (
b0101100101100000 )
b010101100 2
15
06
#9053
05
16
#9054
b01100001 #
b0110000101100000 (
b0110000101100000 )
b010101101 2
15
06
#9055
05
16
#9056
b01101001 #
b0110100101100000 (
b0110100101100000 )
b010101110 2
15
06
#9057
05
16
#9058
b01110001 #
b0111000101100000 (
b0111000101100000 )
b010101111 2
15
06
#9059
05
16
#9060
b01111001 #
b0111100101100000 (
b0111100101100000 )
b010110000 2
15
06
#9061
05
16
#9062
b10000001 #
b1000000101100000 (
b1000000101100000 )
b010110001 2
15
06
#9063
05
16
#9064
b10001001 #
b1000100101100000 (
b1000100101100000 )
b010110010 2
15
06
#9065
05
16
#9066
b10010001 #
b1001000101100000 (
b1001000101100000 )
b010110011 2
15
06
#9067
05
16
#9068
b10011001 #
b1001100101100000 (
b1001100101100000 )
b010110100 2
15
06
#9069
05
16
#9070
b10100001 #
b1010000101100000 (
b1010000101100000 )
b010110101 2
15
06
#9071
05
16
#9072
b10101001 #
b1010100101100000 (
b1010100101100000 )
b010110110 2
15
06
#9073
05
16
#9074
b10110001 #
b1011000101100000 (
b1011000101100000 )
b010110111 2
15
06
#9075
05
16
#9076
b10111001 #
b1011100101100000 (
b1011100101100000 )
b010111000 2
15
06
#9077
05
16
#9078
b11000001 #
b1100000101100000 (
b1100000101100000 )
b010111001 2
15
06
#9079
05
16
#9080
b11001001 #
b1100100101100000 (
b1100100101100000 )
b010111010 2
15
06
#9081
05
16
#9082
b11010001 #
b1101000101100000 (
b1101000101100000 )
b010111011 2
15
06
#9083
05
16
#9084
b11011001 #
b1101100101100000 (
b1101100101100000 )
b010111100 2
15
06
#9085
05
16
#9086
b11100001 #
b1110000101100000 (
b1110000101100000 )
b010111101 2
15
06
#9087
05
16
#9088
b11101001 #
b1110100101100000 (
b1110100101100000 )
b010111110 2
15
06
#9089
05
16
#9090
b11110001 #
b1111000101100000 (
b1111000101100000 )
b010111111 2
15
06
#9091
05
16
#9092
b11111001 #
b1111100101100000 (
b1111100101100000 )
b011000000 2
15
06
#9093
05
16
#9094
b00000001 #
b0000000101100000 (
b0000000101100000 )
b011000001 2
15
06
#9095
05
16
#9096
b00001001 #
b0000100101100000 (
b0000100101100000 )
b011000010 2
15
06
#9097
05
16
#9098
b00010001 #
b0001000101100000 (
b0001000101100000 )
b011000011 2
15
06
#9099
05
16
#9100
b00011001 #
b0001100101100000 (
b0001100101100000 )
b011000100 2
15
06
#9101
05
16
#9102
b00100001 #
b0010000101100000 (
b0010000101100000 )
b011000101 2
15
06
#9103
05
16
#9104
b00101001 #
b0010100101100000 (
b0010100101100000 )
b011000110 2
15
06
#9105
05
16
#9106
b00110001 #
b0011000101100000 (
b0011000101100000 )
b011000111 2
15
06
#9107
05
16
#9108
b00111001 #
b0011100101100000 (
b0011100101100000 )
b011001000 2
15
06
#9109
05
16
#9110
b01000001 #
b0100000101100000 (
b0100000101100000 )
b011001001 2
15
06
#9111
05
16
#9112
b01001001 #
b0100100101100000 (
b0100100101100000 )
b011001010 2
15
06
#9113
05
16
#9114
b01010001 #
b0101000101100000 (
b0101000101100000 )
b011001011 2
15
06
#9115
05
16
#9116
b01011001 #
b0101100101100000 (
b0101100101100000 )
b011001100 2
15
06
#9117
05
16
#9118
b01100001 #
b0110000101100000 (
b0110000101100000 )
b011001101 2
15
06
#9119
05
16
#9120
b01101001 #
b0110100101100000 (
b0110100101100000 )
b011001110 2
15
06
#9121
05
16
#9122
b01110001 #
b0111000101100000 (
b0111000101100000 )
b011001111 2
15
06
#9123
05
16
#9124
b01111001 #
b0111100101100000 (
b0111100101100000 )
b011010000 2
15
06
#9125
05
16
#9126
b10000001 #
b1000000101100000 (
b1000000101100000 )
b011010001 2
15
06
#9127
05
16
#9128
b10001001 #
b1000100101100000 (
b1000100101100000 )
b011010010 2
15
06
#9129
05
16
#9130
b10010001 #
b1001000101100000 (
b1001000101100000 )
b011010011 2
15
06
#9131
05
16
#9132
b10011001 #
b1001100101100000 (
b1001100101100000 )
b011010100 2
15
06
#9133
05
16
#9134
b10100001 #
b1010000101100000 (
b1010000101100000 )
b011010101 2
15
06
#9135
05
16
#9136
b10101001 #
b1010100101100000 (
b1010100101100000 )
b011010110 2
15
06
#9137
05
16
#9138
b10110001 #
b1011000101100000 (
b1011000101100000 )
b011010111 2
15
06
#9139
05
16
#9140
b10111001 #
b1011100101100000 (
b1011100101100000 )
b011011000 2
15
06
#9141
05
16
#9142
b11000001 #
b1100000101100000 (
b1100000101100000 )
b011011001 2
15
06
#9143
05
16
#9144
b11001001 #
b1100100101100000 (
b1100100101100000 )
b011011010 2
15
06
#9145
05
16
#9146
b11010001 #
b1101000101100000 (
b1101000101100000 )
b011011011 2
15
06
#9147
05
16
#9148
b11011001 #
b1101100101100000 (
b1101100101100000 )
b011011100 2
15
06
#9149
05
16
#9150
b11100001 #
b1110000101100000 (
b1110000101100000 )
b011011101 2
15
06
#9151
05
16
#9152
b11101001 #
b1110100101100000 (
b1110100101100000 )
b011011110 2
15
06
#9153
05
16
#9154
b11110001 #
b1111000101100000 (
b1111000101100000 )
b011011111 2
15
06
#9155
05
16
#9156
b11111001 #
b1111100101100000 (
b1111100101100000 )
b011100000 2
15
06
#9157
05
16
#9158
b00000001 #
b0000000101100000 (
b0000000101100000 )
b011100001 2
15
06
#9159
05
16
#9160
b00001001 #
b0000100101100000 (
b0000100101100000 )
b011100010 2
15
06
#9161
05
16
#9162
b00010001 #
b0001000101100000 (
b0001000101100000 )
b011100011 2
15
06
#9163
05
16
#9164
b00011001 #
b0001100101100000 (
b0001100101100000 )
b011100100 2
15
06
#9165
05
16
#9166
b00100001 #
b0010000101100000 (
b0010000101100000 )
b011100101 2
15
06
#9167
05
16
#9168
b00101001 #
b0010100101100000 (
b0010100101100000 )
b011100110 2
15
06
#9169
05
16
#9170
b00110001 #
b0011000101100000 (
b0011000101100000 )
b011100111 2
15
06
#9171
05
16
#9172
b00111001 #
b0011100101100000 (
b0011100101100000 )
b011101000 2
15
06
#9173
05
16
#9174
b01000001 #
b0100000101100000 (
b0100000101100000 )
b011101001 2
15
06
#9175
05
16
#9176
b01001001 #
b0100100101100000 (
b0100100101100000 )
b011101010 2
15
06
#9177
05
16
#9178
b01010001 #
b0101000101100000 (
b0101000101100000 )
b011101011 2
15
06
#9179
05
16
#9180
b01011001 #
b0101100101100000 (
b0101100101100000 )
b011101100 2
15
06
#9181
05
16
#9182
b01100001 #
b0110000101100000 (
b0110000101100000 )
b011101101 2
15
06
#9183
05
16
#9184
b01101001 #
b0110100101100000 (
b0110100101100000 )
b011101110 2
15
06
#9185
05
16
#9186
b01110001 #
b0111000101100000 (
b0111000101100000 )
b011101111 2
15
06
#9187
05
16
#9188
b01111001 #
b0111100101100000 (
b0111100101100000 )
b011110000 2
15
06
#9189
05
16
#9190
b10000001 #
b1000000101100000 (
b1000000101100000 )
b011110001 2
15
06
#9191
05
16
#9192
b10001001 #
b1000100101100000 (
b1000100101100000 )
b011110010 2
15
06
#9193
05
16
#9194
b10010001 #
b1001000101100000 (
b1001000101100000 )
b011110011 2
15
06
#9195
05
16
#9196
b10011001 #
b1001100101100000 (
b1001100101100000 )
b011110100 2
15
06
#9197
05
16
#9198
b10100001 #
b1010000101100000 (
b1010000101100000 )
b011110101 2
15
06
#9199
05
16
#9200
b10101001 #
b1010100101100000 (
b1010100101100000 )
b011110110 2
15
06
#9201
05
16
#9202
b10110001 #
b1011000101100000 (
b1011000101100000 )
b011110111 2
15
06
#9203
05
16
#9204
b10111001 #
b1011100101100000 (
b1011100101100000 )
b011111000 2
15
06
#9205
05
16
#9206
b11000001 #
b1100000101100000 (
b1100000101100000 )
b011111001 2
15
06
#9207
05
16
#9208
b11001001 #
b1100100101100000 (
b1100100101100000 )
b011111010 2
15
06
#9209
05
16
#9210
b11010001 #
b1101000101100000 (
b1101000101100000 )
b011111011 2
15
06
#9211
05
16
#9212
b11011001 #
b1101100101100000 (
b1101100101100000 )
b011111100 2
15
06
#9213
05
16
#9214
b11100001 #
b1110000101100000 (
b1110000101100000 )
b011111101 2
15
06
#9215
05
16
#9216
b11101001 #
b1110100101100000 (
b1110100101100000 )
b011111110 2
15
06
#9217
05
16
#9218
b11110001 #
b1111000101100000 (
b1111000101100000 )
b011111111 2
15
06
#9219
05
16
#9220
b11111001 #
b1111100101100000 (
b1111100101100000 )
b100000000 2
15
06
#9221
05
16
#9222
b00000001 #
b0000000101100000 (
b0000000101100000 )
b100000001 2
15
06
#9223
05
16
#9224
b00001001 #
b0000100101100000 (
b0000100101100000 )
b100000010 2
15
06
#9225
05
16
#9226
b00010001 #
b0001000101100000 (
b0001000101100000 )
b100000011 2
15
06
#9227
05
16
#9228
b00011001 #
b0001100101100000 (
b0001100101100000 )
b100000100 2
15
06
#9229
05
16
#9230
b00100001 #
b0010000101100000 (
b0010000101100000 )
b100000101 2
15
06
#9231
05
16
#9232
b00101001 #
b0010100101100000 (
b0010100101100000 )
b100000110 2
15
06
#9233
05
16
#9234
b00110001 #
b0011000101100000 (
b0011000101100000 )
b100000111 2
15
06
#9235
05
16
#9236
b00111001 #
b0011100101100000 (
b0011100101100000 )
b100001000 2
15
06
#9237
05
16
#9238
b01000001 #
b0100000101100000 (
b0100000101100000 )
b100001001 2
15
06
#9239
05
16
#9240
b01001001 #
b0100100101100000 (
b0100100101100000 )
b100001010 2
15
06
#9241
05
16
#9242
b01010001 #
b0101000101100000 (
b0101000101100000 )
b100001011 2
15
06
#9243
05
16
#9244
b01011001 #
b0101100101100000 (
b0101100101100000 )
b100001100 2
15
06
#9245
05
16
#9246
b01100001 #
b0110000101100000 (
b0110000101100000 )
b100001101 2
15
06
#9247
05
16
#9248
b01101001 #
b0110100101100000 (
b0110100101100000 )
b100001110 2
15
06
#9249
05
16
#9250
b01110001 #
b0111000101100000 (
b0111000101100000 )
b100001111 2
15
06
#9251
05
16
#9252
b01111001 #
b0111100101100000 (
b0111100101100000 )
b100010000 2
15
06
#9253
05
16
#9254
b10000001 #
b1000000101100000 (
b1000000101100000 )
b100010001 2
15
06
#9255
05
16
#9256
b10001001 #
b1000100101100000 (
b1000100101100000 )
b100010010 2
15
06
#9257
05
16
#9258
b10010001 #
b1001000101100000 (
b1001000101100000 )
b100010011 2
15
06
#9259
05
16
#9260
b10011001 #
b1001100101100000 (
b1001100101100000 )
b100010100 2
15
06
#9261
05
16
#9262
b10100001 #
b1010000101100000 (
b1010000101100000 )
b100010101 2
15
06
#9263
05
16
#9264
b10101001 #
b1010100101100000 (
b1010100101100000 )
b100010110 2
15
06
#9265
05
16
#9266
b10110001 #
b1011000101100000 (
b1011000101100000 )
b100010111 2
15
06
#9267
05
16
#9268
b10111001 #
b1011100101100000 (
b1011100101100000 )
b100011000 2
15
06
#9269
05
16
#9270
b11000001 #
b1100000101100000 (
b1100000101100000 )
b100011001 2
15
06
#9271
05
16
#9272
b11001001 #
b1100100101100000 (
b1100100101100000 )
b100011010 2
15
06
#9273
05
16
#9274
b11010001 #
b1101000101100000 (
b1101000101100000 )
b100011011 2
15
06
#9275
05
16
#9276
b11011001 #
b1101100101100000 (
b1101100101100000 )
b100011100 2
15
06
#9277
05
16
#9278
b11100001 #
b1110000101100000 (
b1110000101100000 )
b100011101 2
15
06
#9279
05
16
#9280
b11101001 #
b1110100101100000 (
b1110100101100000 )
b100011110 2
15
06
#9281
05
16
#9282
b11110001 #
b1111000101100000 (
b1111000101100000 )
b100011111 2
15
06
#9283
05
16
#9284
b11111001 #
b1111100101100000 (
b1111100101100000 )
b100100000 2
15
06
#9285
05
16
#9286
b00000001 #
b0000000101100000 (
b0000000101100000 )
b100100001 2
15
06
#9287
05
16
#9288
b00001001 #
b0000100101100000 (
b0000100101100000 )
b100100010 2
15
06
#9289
05
16
#9290
b00010001 #
b0001000101100000 (
b0001000101100000 )
b100100011 2
15
06
#9291
05
16
#9292
b00011001 #
b0001100101100000 (
b0001100101100000 )
b100100100 2
15
06
#9293
05
16
#9294
b00100001 #
b0010000101100000 (
b0010000101100000 )
b100100101 2
15
06
#9295
05
16
#9296
b00101001 #
b0010100101100000 (
b0010100101100000 )
b100100110 2
15
06
#9297
05
16
#9298
b00110001 #
b0011000101100000 (
b0011000101100000 )
b100100111 2
15
06
#9299
05
16
#9300
b00111001 #
b0011100101100000 (
b0011100101100000 )
b100101000 2
15
06
#9301
05
16
#9302
b01000001 #
b0100000101100000 (
b0100000101100000 )
b100101001 2
15
06
#9303
05
16
#9304
b01001001 #
b0100100101100000 (
b0100100101100000 )
b100101010 2
15
06
#9305
05
16
#9306
b01010001 #
b0101000101100000 (
b0101000101100000 )
b100101011 2
15
06
#9307
05
16
#9308
b01011001 #
b0101100101100000 (
b0101100101100000 )
b100101100 2
15
06
#9309
05
16
#9310
b01100001 #
b0110000101100000 (
b0110000101100000 )
b100101101 2
15
06
#9311
05
16
#9312
b01101001 #
b0110100101100000 (
b0110100101100000 )
b100101110 2
15
06
#9313
05
16
#9314
b01110001 #
b0111000101100000 (
b0111000101100000 )
b100101111 2
15
06
#9315
05
16
#9316
b01111001 #
b0111100101100000 (
b0111100101100000 )
b100110000 2
15
06
#9317
05
16
#9318
b10000001 #
b1000000101100000 (
b1000000101100000 )
b100110001 2
15
06
#9319
05
16
#9320
b10001001 #
b1000100101100000 (
b1000100101100000 )
b100110010 2
15
06
#9321
05
16
#9322
b10010001 #
b1001000101100000 (
b1001000101100000 )
b100110011 2
15
06
#9323
05
16
#9324
b10011001 #
b1001100101100000 (
b1001100101100000 )
b100110100 2
15
06
#9325
05
16
#9326
b10100001 #
b1010000101100000 (
b1010000101100000 )
b100110101 2
15
06
#9327
05
16
#9328
b10101001 #
b1010100101100000 (
b1010100101100000 )
b100110110 2
15
06
#9329
05
16
#9330
b10110001 #
b1011000101100000 (
b1011000101100000 )
b100110111 2
15
06
#9331
05
16
#9332
b10111001 #
b1011100101100000 (
b1011100101100000 )
b100111000 2
15
06
#9333
05
16
#9334
b11000001 #
b1100000101100000 (
b1100000101100000 )
b100111001 2
15
06
#9335
05
16
#9336
b11001001 #
b1100100101100000 (
b1100100101100000 )
b100111010 2
15
06
#9337
05
16
#9338
b11010001 #
b1101000101100000 (
b1101000101100000 )
b100111011 2
15
06
#9339
05
16
#9340
b11011001 #
b1101100101100000 (
b1101100101100000 )
b100111100 2
15
06
#9341
05
16
#9342
b11100001 #
b1110000101100000 (
b1110000101100000 )
b100111101 2
15
06
#9343
05
16
#9344
b11101001 #
b1110100101100000 (
b1110100101100000 )
b100111110 2
15
06
#9345
05
16
#9346
b11110001 #
b1111000101100000 (
b1111000101100000 )
b100111111 2
15
06
#9347
05
16
#9348
b11111001 #
b1111100101100000 (
b1111100101100000 )
b000000000 2
b00001100 3
15
06
#9349
05
16
#9350
b00000001 #
b10000000 $
b0000000110000000 (
b0000000110000000 )
b000000001 2
15
06
#9351
05
16
#9352
b00001001 #
b0000100110000000 (
b0000100110000000 )
b000000010 2
15
06
#9353
05
16
#9354
b00010001 #
b0001000110000000 (
b0001000110000000 )
b000000011 2
15
06
#9355
05
16
#9356
b00011001 #
b0001100110000000 (
b0001100110000000 )
b000000100 2
15
06
#9357
05
16
#9358
b00100001 #
b0010000110000000 (
b0010000110000000 )
b000000101 2
15
06
#9359
05
16
#9360
b00101001 #
b0010100110000000 (
b0010100110000000 )
b000000110 2
15
06
#9361
05
16
#9362
b00110001 #
b0011000110000000 (
b0011000110000000 )
b000000111 2
15
06
#9363
05
16
#9364
b00111001 #
b0011100110000000 (
b0011100110000000 )
b000001000 2
15
06
#9365
05
16
#9366
b01000001 #
b0100000110000000 (
b0100000110000000 )
b000001001 2
15
06
#9367
05
16
#9368
b01001001 #
b0100100110000000 (
b0100100110000000 )
b000001010 2
15
06
#9369
05
16
#9370
b01010001 #
b0101000110000000 (
b0101000110000000 )
b000001011 2
15
06
#9371
05
16
#9372
b01011001 #
b0101100110000000 (
b0101100110000000 )
b000001100 2
15
06
#9373
05
16
#9374
b01100001 #
b0110000110000000 (
b0110000110000000 )
b000001101 2
15
06
#9375
05
16
#9376
b01101001 #
b0110100110000000 (
b0110100110000000 )
b000001110 2
15
06
#9377
05
16
#9378
b01110001 #
b0111000110000000 (
b0111000110000000 )
b000001111 2
15
06
#9379
05
16
#9380
b01111001 #
b0111100110000000 (
b0111100110000000 )
b000010000 2
15
06
#9381
05
16
#9382
b10000001 #
b1000000110000000 (
b1000000110000000 )
b000010001 2
15
06
#9383
05
16
#9384
b10001001 #
b1000100110000000 (
b1000100110000000 )
b000010010 2
15
06
#9385
05
16
#9386
b10010001 #
b1001000110000000 (
b1001000110000000 )
b000010011 2
15
06
#9387
05
16
#9388
b10011001 #
b1001100110000000 (
b1001100110000000 )
b000010100 2
15
06
#9389
05
16
#9390
b10100001 #
b1010000110000000 (
b1010000110000000 )
b000010101 2
15
06
#9391
05
16
#9392
b10101001 #
b1010100110000000 (
b1010100110000000 )
b000010110 2
15
06
#9393
05
16
#9394
b10110001 #
b1011000110000000 (
b1011000110000000 )
b000010111 2
15
06
#9395
05
16
#9396
b10111001 #
b1011100110000000 (
b1011100110000000 )
b000011000 2
15
06
#9397
05
16
#9398
b11000001 #
b1100000110000000 (
b1100000110000000 )
b000011001 2
15
06
#9399
05
16
#9400
b11001001 #
b1100100110000000 (
b1100100110000000 )
b000011010 2
15
06
#9401
05
16
#9402
b11010001 #
b1101000110000000 (
b1101000110000000 )
b000011011 2
15
06
#9403
05
16
#9404
b11011001 #
b1101100110000000 (
b1101100110000000 )
b000011100 2
15
06
#9405
05
16
#9406
b11100001 #
b1110000110000000 (
b1110000110000000 )
b000011101 2
15
06
#9407
05
16
#9408
b11101001 #
b1110100110000000 (
b1110100110000000 )
b000011110 2
15
06
#9409
05
16
#9410
b11110001 #
b1111000110000000 (
b1111000110000000 )
b000011111 2
15
06
#9411
05
16
#9412
b11111001 #
b1111100110000000 (
b1111100110000000 )
b000100000 2
15
06
#9413
05
16
#9414
b00000001 #
b0000000110000000 (
b0000000110000000 )
b000100001 2
15
06
#9415
05
16
#9416
b00001001 #
b0000100110000000 (
b0000100110000000 )
b000100010 2
15
06
#9417
05
16
#9418
b00010001 #
b0001000110000000 (
b0001000110000000 )
b000100011 2
15
06
#9419
05
16
#9420
b00011001 #
b0001100110000000 (
b0001100110000000 )
b000100100 2
15
06
#9421
05
16
#9422
b00100001 #
b0010000110000000 (
b0010000110000000 )
b000100101 2
15
06
#9423
05
16
#9424
b00101001 #
b0010100110000000 (
b0010100110000000 )
b000100110 2
15
06
#9425
05
16
#9426
b00110001 #
b0011000110000000 (
b0011000110000000 )
b000100111 2
15
06
#9427
05
16
#9428
b00111001 #
b0011100110000000 (
b0011100110000000 )
b000101000 2
15
06
#9429
05
16
#9430
b01000001 #
b0100000110000000 (
b0100000110000000 )
b000101001 2
15
06
#9431
05
16
#9432
b01001001 #
b0100100110000000 (
b0100100110000000 )
b000101010 2
15
06
#9433
05
16
#9434
b01010001 #
b0101000110000000 (
b0101000110000000 )
b000101011 2
15
06
#9435
05
16
#9436
b01011001 #
b0101100110000000 (
b0101100110000000 )
b000101100 2
15
06
#9437
05
16
#9438
b01100001 #
b0110000110000000 (
b0110000110000000 )
b000101101 2
15
06
#9439
05
16
#9440
b01101001 #
b0110100110000000 (
b0110100110000000 )
b000101110 2
15
06
#9441
05
16
#9442
b01110001 #
b0111000110000000 (
b0111000110000000 )
b000101111 2
15
06
#9443
05
16
#9444
b01111001 #
b0111100110000000 (
b0111100110000000 )
b000110000 2
15
06
#9445
05
16
#9446
b10000001 #
b1000000110000000 (
b1000000110000000 )
b000110001 2
15
06
#9447
05
16
#9448
b10001001 #
b1000100110000000 (
b1000100110000000 )
b000110010 2
15
06
#9449
05
16
#9450
b10010001 #
b1001000110000000 (
b1001000110000000 )
b000110011 2
15
06
#9451
05
16
#9452
b10011001 #
b1001100110000000 (
b1001100110000000 )
b000110100 2
15
06
#9453
05
16
#9454
b10100001 #
b1010000110000000 (
b1010000110000000 )
b000110101 2
15
06
#9455
05
16
#9456
b10101001 #
b1010100110000000 (
b1010100110000000 )
b000110110 2
15
06
#9457
05
16
#9458
b10110001 #
b1011000110000000 (
b1011000110000000 )
b000110111 2
15
06
#9459
05
16
#9460
b10111001 #
b1011100110000000 (
b1011100110000000 )
b000111000 2
15
06
#9461
05
16
#9462
b11000001 #
b1100000110000000 (
b1100000110000000 )
b000111001 2
15
06
#9463
05
16
#9464
b11001001 #
b1100100110000000 (
b1100100110000000 )
b000111010 2
15
06
#9465
05
16
#9466
b11010001 #
b1101000110000000 (
b1101000110000000 )
b000111011 2
15
06
#9467
05
16
#9468
b11011001 #
b1101100110000000 (
b1101100110000000 )
b000111100 2
15
06
#9469
05
16
#9470
b11100001 #
b1110000110000000 (
b1110000110000000 )
b000111101 2
15
06
#9471
05
16
#9472
b11101001 #
b1110100110000000 (
b1110100110000000 )
b000111110 2
15
06
#9473
05
16
#9474
b11110001 #
b1111000110000000 (
b1111000110000000 )
b000111111 2
15
06
#9475
05
16
#9476
b11111001 #
b1111100110000000 (
b1111100110000000 )
b001000000 2
15
06
#9477
05
16
#9478
b00000001 #
b0000000110000000 (
b0000000110000000 )
b001000001 2
15
06
#9479
05
16
#9480
b00001001 #
b0000100110000000 (
b0000100110000000 )
b001000010 2
15
06
#9481
05
16
#9482
b00010001 #
b0001000110000000 (
b0001000110000000 )
b001000011 2
15
06
#9483
05
16
#9484
b00011001 #
b0001100110000000 (
b0001100110000000 )
b001000100 2
15
06
#9485
05
16
#9486
b00100001 #
b0010000110000000 (
b0010000110000000 )
b001000101 2
15
06
#9487
05
16
#9488
b00101001 #
b0010100110000000 (
b0010100110000000 )
b001000110 2
15
06
#9489
05
16
#9490
b00110001 #
b0011000110000000 (
b0011000110000000 )
b001000111 2
15
06
#9491
05
16
#9492
b00111001 #
b0011100110000000 (
b0011100110000000 )
b001001000 2
15
06
#9493
05
16
#9494
b01000001 #
b0100000110000000 (
b0100000110000000 )
b001001001 2
15
06
#9495
05
16
#9496
b01001001 #
b0100100110000000 (
b0100100110000000 )
b001001010 2
15
06
#9497
05
16
#9498
b01010001 #
b0101000110000000 (
b0101000110000000 )
b001001011 2
15
06
#9499
05
16
#9500
b01011001 #
b0101100110000000 (
b0101100110000000 )
b001001100 2
15
06
#9501
05
16
#9502
b01100001 #
b0110000110000000 (
b0110000110000000 )
b001001101 2
15
06
#9503
05
16
#9504
b01101001 #
b0110100110000000 (
b0110100110000000 )
b001001110 2
15
06
#9505
05
16
#9506
b01110001 #
b0111000110000000 (
b0111000110000000 )
b001001111 2
15
06
#9507
05
16
#9508
b01111001 #
b0111100110000000 (
b0111100110000000 )
b001010000 2
15
06
#9509
05
16
#9510
b10000001 #
b1000000110000000 (
b1000000110000000 )
b001010001 2
15
06
#9511
05
16
#9512
b10001001 #
b1000100110000000 (
b1000100110000000 )
b001010010 2
15
06
#9513
05
16
#9514
b10010001 #
b1001000110000000 (
b1001000110000000 )
b001010011 2
15
06
#9515
05
16
#9516
b10011001 #
b1001100110000000 (
b1001100110000000 )
b001010100 2
15
06
#9517
05
16
#9518
b10100001 #
b1010000110000000 (
b1010000110000000 )
b001010101 2
15
06
#9519
05
16
#9520
b10101001 #
b1010100110000000 (
b1010100110000000 )
b001010110 2
15
06
#9521
05
16
#9522
b10110001 #
b1011000110000000 (
b1011000110000000 )
b001010111 2
15
06
#9523
05
16
#9524
b10111001 #
b1011100110000000 (
b1011100110000000 )
b001011000 2
15
06
#9525
05
16
#9526
b11000001 #
b1100000110000000 (
b1100000110000000 )
b001011001 2
15
06
#9527
05
16
#9528
b11001001 #
b1100100110000000 (
b1100100110000000 )
b001011010 2
15
06
#9529
05
16
#9530
b11010001 #
b1101000110000000 (
b1101000110000000 )
b001011011 2
15
06
#9531
05
16
#9532
b11011001 #
b1101100110000000 (
b1101100110000000 )
b001011100 2
15
06
#9533
05
16
#9534
b11100001 #
b1110000110000000 (
b1110000110000000 )
b001011101 2
15
06
#9535
05
16
#9536
b11101001 #
b1110100110000000 (
b1110100110000000 )
b001011110 2
15
06
#9537
05
16
#9538
b11110001 #
b1111000110000000 (
b1111000110000000 )
b001011111 2
15
06
#9539
05
16
#9540
b11111001 #
b1111100110000000 (
b1111100110000000 )
b001100000 2
15
06
#9541
05
16
#9542
b00000001 #
b0000000110000000 (
b0000000110000000 )
b001100001 2
15
06
#9543
05
16
#9544
b00001001 #
b0000100110000000 (
b0000100110000000 )
b001100010 2
15
06
#9545
05
16
#9546
b00010001 #
b0001000110000000 (
b0001000110000000 )
b001100011 2
15
06
#9547
05
16
#9548
b00011001 #
b0001100110000000 (
b0001100110000000 )
b001100100 2
15
06
#9549
05
16
#9550
b00100001 #
b0010000110000000 (
b0010000110000000 )
b001100101 2
15
06
#9551
05
16
#9552
b00101001 #
b0010100110000000 (
b0010100110000000 )
b001100110 2
15
06
#9553
05
16
#9554
b00110001 #
b0011000110000000 (
b0011000110000000 )
b001100111 2
15
06
#9555
05
16
#9556
b00111001 #
b0011100110000000 (
b0011100110000000 )
b001101000 2
15
06
#9557
05
16
#9558
b01000001 #
b0100000110000000 (
b0100000110000000 )
b001101001 2
15
06
#9559
05
16
#9560
b01001001 #
b0100100110000000 (
b0100100110000000 )
b001101010 2
15
06
#9561
05
16
#9562
b01010001 #
b0101000110000000 (
b0101000110000000 )
b001101011 2
15
06
#9563
05
16
#9564
b01011001 #
b0101100110000000 (
b0101100110000000 )
b001101100 2
15
06
#9565
05
16
#9566
b01100001 #
b0110000110000000 (
b0110000110000000 )
b001101101 2
15
06
#9567
05
16
#9568
b01101001 #
b0110100110000000 (
b0110100110000000 )
b001101110 2
15
06
#9569
05
16
#9570
b01110001 #
b0111000110000000 (
b0111000110000000 )
b001101111 2
15
06
#9571
05
16
#9572
b01111001 #
b0111100110000000 (
b0111100110000000 )
b001110000 2
15
06
#9573
05
16
#9574
b10000001 #
b1000000110000000 (
b1000000110000000 )
b001110001 2
15
06
#9575
05
16
#9576
b10001001 #
b1000100110000000 (
b1000100110000000 )
b001110010 2
15
06
#9577
05
16
#9578
b10010001 #
b1001000110000000 (
b1001000110000000 )
b001110011 2
15
06
#9579
05
16
#9580
b10011001 #
b1001100110000000 (
b1001100110000000 )
b001110100 2
15
06
#9581
05
16
#9582
b10100001 #
b1010000110000000 (
b1010000110000000 )
b001110101 2
15
06
#9583
05
16
#9584
b10101001 #
b1010100110000000 (
b1010100110000000 )
b001110110 2
15
06
#9585
05
16
#9586
b10110001 #
b1011000110000000 (
b1011000110000000 )
b001110111 2
15
06
#9587
05
16
#9588
b10111001 #
b1011100110000000 (
b1011100110000000 )
b001111000 2
15
06
#9589
05
16
#9590
b11000001 #
b1100000110000000 (
b1100000110000000 )
b001111001 2
15
06
#9591
05
16
#9592
b11001001 #
b1100100110000000 (
b1100100110000000 )
b001111010 2
15
06
#9593
05
16
#9594
b11010001 #
b1101000110000000 (
b1101000110000000 )
b001111011 2
15
06
#9595
05
16
#9596
b11011001 #
b1101100110000000 (
b1101100110000000 )
b001111100 2
15
06
#9597
05
16
#9598
b11100001 #
b1110000110000000 (
b1110000110000000 )
b001111101 2
15
06
#9599
05
16
#9600
b11101001 #
b1110100110000000 (
b1110100110000000 )
b001111110 2
15
06
#9601
05
16
#9602
b11110001 #
b1111000110000000 (
b1111000110000000 )
b001111111 2
15
06
#9603
05
16
#9604
b11111001 #
b1111100110000000 (
b1111100110000000 )
b010000000 2
15
06
#9605
05
16
#9606
b00000001 #
b0000000110000000 (
b0000000110000000 )
b010000001 2
15
06
#9607
05
16
#9608
b00001001 #
b0000100110000000 (
b0000100110000000 )
b010000010 2
15
06
#9609
05
16
#9610
b00010001 #
b0001000110000000 (
b0001000110000000 )
b010000011 2
15
06
#9611
05
16
#9612
b00011001 #
b0001100110000000 (
b0001100110000000 )
b010000100 2
15
06
#9613
05
16
#9614
b00100001 #
b0010000110000000 (
b0010000110000000 )
b010000101 2
15
06
#9615
05
16
#9616
b00101001 #
b0010100110000000 (
b0010100110000000 )
b010000110 2
15
06
#9617
05
16
#9618
b00110001 #
b0011000110000000 (
b0011000110000000 )
b010000111 2
15
06
#9619
05
16
#9620
b00111001 #
b0011100110000000 (
b0011100110000000 )
b010001000 2
15
06
#9621
05
16
#9622
b01000001 #
b0100000110000000 (
b0100000110000000 )
b010001001 2
15
06
#9623
05
16
#9624
b01001001 #
b0100100110000000 (
b0100100110000000 )
b010001010 2
15
06
#9625
05
16
#9626
b01010001 #
b0101000110000000 (
b0101000110000000 )
b010001011 2
15
06
#9627
05
16
#9628
b01011001 #
b0101100110000000 (
b0101100110000000 )
b010001100 2
15
06
#9629
05
16
#9630
b01100001 #
b0110000110000000 (
b0110000110000000 )
b010001101 2
15
06
#9631
05
16
#9632
b01101001 #
b0110100110000000 (
b0110100110000000 )
b010001110 2
15
06
#9633
05
16
#9634
b01110001 #
b0111000110000000 (
b0111000110000000 )
b010001111 2
15
06
#9635
05
16
#9636
b01111001 #
b0111100110000000 (
b0111100110000000 )
b010010000 2
15
06
#9637
05
16
#9638
b10000001 #
b1000000110000000 (
b1000000110000000 )
b010010001 2
15
06
#9639
05
16
#9640
b10001001 #
b1000100110000000 (
b1000100110000000 )
b010010010 2
15
06
#9641
05
16
#9642
b10010001 #
b1001000110000000 (
b1001000110000000 )
b010010011 2
15
06
#9643
05
16
#9644
b10011001 #
b1001100110000000 (
b1001100110000000 )
b010010100 2
15
06
#9645
05
16
#9646
b10100001 #
b1010000110000000 (
b1010000110000000 )
b010010101 2
15
06
#9647
05
16
#9648
b10101001 #
b1010100110000000 (
b1010100110000000 )
b010010110 2
15
06
#9649
05
16
#9650
b10110001 #
b1011000110000000 (
b1011000110000000 )
b010010111 2
15
06
#9651
05
16
#9652
b10111001 #
b1011100110000000 (
b1011100110000000 )
b010011000 2
15
06
#9653
05
16
#9654
b11000001 #
b1100000110000000 (
b1100000110000000 )
b010011001 2
15
06
#9655
05
16
#9656
b11001001 #
b1100100110000000 (
b1100100110000000 )
b010011010 2
15
06
#9657
05
16
#9658
b11010001 #
b1101000110000000 (
b1101000110000000 )
b010011011 2
15
06
#9659
05
16
#9660
b11011001 #
b1101100110000000 (
b1101100110000000 )
b010011100 2
15
06
#9661
05
16
#9662
b11100001 #
b1110000110000000 (
b1110000110000000 )
b010011101 2
15
06
#9663
05
16
#9664
b11101001 #
b1110100110000000 (
b1110100110000000 )
b010011110 2
15
06
#9665
05
16
#9666
b11110001 #
b1111000110000000 (
b1111000110000000 )
b010011111 2
15
06
#9667
05
16
#9668
b11111001 #
b1111100110000000 (
b1111100110000000 )
b010100000 2
15
06
#9669
05
16
#9670
b00000001 #
b0000000110000000 (
b0000000110000000 )
b010100001 2
15
06
#9671
05
16
#9672
b00001001 #
b0000100110000000 (
b0000100110000000 )
b010100010 2
15
06
#9673
05
16
#9674
b00010001 #
b0001000110000000 (
b0001000110000000 )
b010100011 2
15
06
#9675
05
16
#9676
b00011001 #
b0001100110000000 (
b0001100110000000 )
b010100100 2
15
06
#9677
05
16
#9678
b00100001 #
b0010000110000000 (
b0010000110000000 )
b010100101 2
15
06
#9679
05
16
#9680
b00101001 #
b0010100110000000 (
b0010100110000000 )
b010100110 2
15
06
#9681
05
16
#9682
b00110001 #
b0011000110000000 (
b0011000110000000 )
b010100111 2
15
06
#9683
05
16
#9684
b00111001 #
b0011100110000000 (
b0011100110000000 )
b010101000 2
15
06
#9685
05
16
#9686
b01000001 #
b0100000110000000 (
b0100000110000000 )
b010101001 2
15
06
#9687
05
16
#9688
b01001001 #
b0100100110000000 (
b0100100110000000 )
b010101010 2
15
06
#9689
05
16
#9690
b01010001 #
b0101000110000000 (
b0101000110000000 )
b010101011 2
15
06
#9691
05
16
#9692
b01011001 #
b0101100110000000 (
b0101100110000000 )
b010101100 2
15
06
#9693
05
16
#9694
b01100001 #
b0110000110000000 (
b0110000110000000 )
b010101101 2
15
06
#9695
05
16
#9696
b01101001 #
b0110100110000000 (
b0110100110000000 )
b010101110 2
15
06
#9697
05
16
#9698
b01110001 #
b0111000110000000 (
b0111000110000000 )
b010101111 2
15
06
#9699
05
16
#9700
b01111001 #
b0111100110000000 (
b0111100110000000 )
b010110000 2
15
06
#9701
05
16
#9702
b10000001 #
b1000000110000000 (
b1000000110000000 )
b010110001 2
15
06
#9703
05
16
#9704
b10001001 #
b1000100110000000 (
b1000100110000000 )
b010110010 2
15
06
#9705
05
16
#9706
b10010001 #
b1001000110000000 (
b1001000110000000 )
b010110011 2
15
06
#9707
05
16
#9708
b10011001 #
b1001100110000000 (
b1001100110000000 )
b010110100 2
15
06
#9709
05
16
#9710
b10100001 #
b1010000110000000 (
b1010000110000000 )
b010110101 2
15
06
#9711
05
16
#9712
b10101001 #
b1010100110000000 (
b1010100110000000 )
b010110110 2
15
06
#9713
05
16
#9714
b10110001 #
b1011000110000000 (
b1011000110000000 )
b010110111 2
15
06
#9715
05
16
#9716
b10111001 #
b1011100110000000 (
b1011100110000000 )
b010111000 2
15
06
#9717
05
16
#9718
b11000001 #
b1100000110000000 (
b1100000110000000 )
b010111001 2
15
06
#9719
05
16
#9720
b11001001 #
b1100100110000000 (
b1100100110000000 )
b010111010 2
15
06
#9721
05
16
#9722
b11010001 #
b1101000110000000 (
b1101000110000000 )
b010111011 2
15
06
#9723
05
16
#9724
b11011001 #
b1101100110000000 (
b1101100110000000 )
b010111100 2
15
06
#9725
05
16
#9726
b11100001 #
b1110000110000000 (
b1110000110000000 )
b010111101 2
15
06
#9727
05
16
#9728
b11101001 #
b1110100110000000 (
b1110100110000000 )
b010111110 2
15
06
#9729
05
16
#9730
b11110001 #
b1111000110000000 (
b1111000110000000 )
b010111111 2
15
06
#9731
05
16
#9732
b11111001 #
b1111100110000000 (
b1111100110000000 )
b011000000 2
15
06
#9733
05
16
#9734
b00000001 #
b0000000110000000 (
b0000000110000000 )
b011000001 2
15
06
#9735
05
16
#9736
b00001001 #
b0000100110000000 (
b0000100110000000 )
b011000010 2
15
06
#9737
05
16
#9738
b00010001 #
b0001000110000000 (
b0001000110000000 )
b011000011 2
15
06
#9739
05
16
#9740
b00011001 #
b0001100110000000 (
b0001100110000000 )
b011000100 2
15
06
#9741
05
16
#9742
b00100001 #
b0010000110000000 (
b0010000110000000 )
b011000101 2
15
06
#9743
05
16
#9744
b00101001 #
b0010100110000000 (
b0010100110000000 )
b011000110 2
15
06
#9745
05
16
#9746
b00110001 #
b0011000110000000 (
b0011000110000000 )
b011000111 2
15
06
#9747
05
16
#9748
b00111001 #
b0011100110000000 (
b0011100110000000 )
b011001000 2
15
06
#9749
05
16
#9750
b01000001 #
b0100000110000000 (
b0100000110000000 )
b011001001 2
15
06
#9751
05
16
#9752
b01001001 #
b0100100110000000 (
b0100100110000000 )
b011001010 2
15
06
#9753
05
16
#9754
b01010001 #
b0101000110000000 (
b0101000110000000 )
b011001011 2
15
06
#9755
05
16
#9756
b01011001 #
b0101100110000000 (
b0101100110000000 )
b011001100 2
15
06
#9757
05
16
#9758
b01100001 #
b0110000110000000 (
b0110000110000000 )
b011001101 2
15
06
#9759
05
16
#9760
b01101001 #
b0110100110000000 (
b0110100110000000 )
b011001110 2
15
06
#9761
05
16
#9762
b01110001 #
b0111000110000000 (
b0111000110000000 )
b011001111 2
15
06
#9763
05
16
#9764
b01111001 #
b0111100110000000 (
b0111100110000000 )
b011010000 2
15
06
#9765
05
16
#9766
b10000001 #
b1000000110000000 (
b1000000110000000 )
b011010001 2
15
06
#9767
05
16
#9768
b10001001 #
b1000100110000000 (
b1000100110000000 )
b011010010 2
15
06
#9769
05
16
#9770
b10010001 #
b1001000110000000 (
b1001000110000000 )
b011010011 2
15
06
#9771
05
16
#9772
b10011001 #
b1001100110000000 (
b1001100110000000 )
b011010100 2
15
06
#9773
05
16
#9774
b10100001 #
b1010000110000000 (
b1010000110000000 )
b011010101 2
15
06
#9775
05
16
#9776
b10101001 #
b1010100110000000 (
b1010100110000000 )
b011010110 2
15
06
#9777
05
16
#9778
b10110001 #
b1011000110000000 (
b1011000110000000 )
b011010111 2
15
06
#9779
05
16
#9780
b10111001 #
b1011100110000000 (
b1011100110000000 )
b011011000 2
15
06
#9781
05
16
#9782
b11000001 #
b1100000110000000 (
b1100000110000000 )
b011011001 2
15
06
#9783
05
16
#9784
b11001001 #
b1100100110000000 (
b1100100110000000 )
b011011010 2
15
06
#9785
05
16
#9786
b11010001 #
b1101000110000000 (
b1101000110000000 )
b011011011 2
15
06
#9787
05
16
#9788
b11011001 #
b1101100110000000 (
b1101100110000000 )
b011011100 2
15
06
#9789
05
16
#9790
b11100001 #
b1110000110000000 (
b1110000110000000 )
b011011101 2
15
06
#9791
05
16
#9792
b11101001 #
b1110100110000000 (
b1110100110000000 )
b011011110 2
15
06
#9793
05
16
#9794
b11110001 #
b1111000110000000 (
b1111000110000000 )
b011011111 2
15
06
#9795
05
16
#9796
b11111001 #
b1111100110000000 (
b1111100110000000 )
b011100000 2
15
06
#9797
05
16
#9798
b00000001 #
b0000000110000000 (
b0000000110000000 )
b011100001 2
15
06
#9799
05
16
#9800
b00001001 #
b0000100110000000 (
b0000100110000000 )
b011100010 2
15
06
#9801
05
16
#9802
b00010001 #
b0001000110000000 (
b0001000110000000 )
b011100011 2
15
06
#9803
05
16
#9804
b00011001 #
b0001100110000000 (
b0001100110000000 )
b011100100 2
15
06
#9805
05
16
#9806
b00100001 #
b0010000110000000 (
b0010000110000000 )
b011100101 2
15
06
#9807
05
16
#9808
b00101001 #
b0010100110000000 (
b0010100110000000 )
b011100110 2
15
06
#9809
05
16
#9810
b00110001 #
b0011000110000000 (
b0011000110000000 )
b011100111 2
15
06
#9811
05
16
#9812
b00111001 #
b0011100110000000 (
b0011100110000000 )
b011101000 2
15
06
#9813
05
16
#9814
b01000001 #
b0100000110000000 (
b0100000110000000 )
b011101001 2
15
06
#9815
05
16
#9816
b01001001 #
b0100100110000000 (
b0100100110000000 )
b011101010 2
15
06
#9817
05
16
#9818
b01010001 #
b0101000110000000 (
b0101000110000000 )
b011101011 2
15
06
#9819
05
16
#9820
b01011001 #
b0101100110000000 (
b0101100110000000 )
b011101100 2
15
06
#9821
05
16
#9822
b01100001 #
b0110000110000000 (
b0110000110000000 )
b011101101 2
15
06
#9823
05
16
#9824
b01101001 #
b0110100110000000 (
b0110100110000000 )
b011101110 2
15
06
#9825
05
16
#9826
b01110001 #
b0111000110000000 (
b0111000110000000 )
b011101111 2
15
06
#9827
05
16
#9828
b01111001 #
b0111100110000000 (
b0111100110000000 )
b011110000 2
15
06
#9829
05
16
#9830
b10000001 #
b1000000110000000 (
b1000000110000000 )
b011110001 2
15
06
#9831
05
16
#9832
b10001001 #
b1000100110000000 (
b1000100110000000 )
b011110010 2
15
06
#9833
05
16
#9834
b10010001 #
b1001000110000000 (
b1001000110000000 )
b011110011 2
15
06
#9835
05
16
#9836
b10011001 #
b1001100110000000 (
b1001100110000000 )
b011110100 2
15
06
#9837
05
16
#9838
b10100001 #
b1010000110000000 (
b1010000110000000 )
b011110101 2
15
06
#9839
05
16
#9840
b10101001 #
b1010100110000000 (
b1010100110000000 )
b011110110 2
15
06
#9841
05
16
#9842
b10110001 #
b1011000110000000 (
b1011000110000000 )
b011110111 2
15
06
#9843
05
16
#9844
b10111001 #
b1011100110000000 (
b1011100110000000 )
b011111000 2
15
06
#9845
05
16
#9846
b11000001 #
b1100000110000000 (
b1100000110000000 )
b011111001 2
15
06
#9847
05
16
#9848
b11001001 #
b1100100110000000 (
b1100100110000000 )
b011111010 2
15
06
#9849
05
16
#9850
b11010001 #
b1101000110000000 (
b1101000110000000 )
b011111011 2
15
06
#9851
05
16
#9852
b11011001 #
b1101100110000000 (
b1101100110000000 )
b011111100 2
15
06
#9853
05
16
#9854
b11100001 #
b1110000110000000 (
b1110000110000000 )
b011111101 2
15
06
#9855
05
16
#9856
b11101001 #
b1110100110000000 (
b1110100110000000 )
b011111110 2
15
06
#9857
05
16
#9858
b11110001 #
b1111000110000000 (
b1111000110000000 )
b011111111 2
15
06
#9859
05
16
#9860
b11111001 #
b1111100110000000 (
b1111100110000000 )
b100000000 2
15
06
#9861
05
16
#9862
b00000001 #
b0000000110000000 (
b0000000110000000 )
b100000001 2
15
06
#9863
05
16
#9864
b00001001 #
b0000100110000000 (
b0000100110000000 )
b100000010 2
15
06
#9865
05
16
#9866
b00010001 #
b0001000110000000 (
b0001000110000000 )
b100000011 2
15
06
#9867
05
16
#9868
b00011001 #
b0001100110000000 (
b0001100110000000 )
b100000100 2
15
06
#9869
05
16
#9870
b00100001 #
b0010000110000000 (
b0010000110000000 )
b100000101 2
15
06
#9871
05
16
#9872
b00101001 #
b0010100110000000 (
b0010100110000000 )
b100000110 2
15
06
#9873
05
16
#9874
b00110001 #
b0011000110000000 (
b0011000110000000 )
b100000111 2
15
06
#9875
05
16
#9876
b00111001 #
b0011100110000000 (
b0011100110000000 )
b100001000 2
15
06
#9877
05
16
#9878
b01000001 #
b0100000110000000 (
b0100000110000000 )
b100001001 2
15
06
#9879
05
16
#9880
b01001001 #
b0100100110000000 (
b0100100110000000 )
b100001010 2
15
06
#9881
05
16
#9882
b01010001 #
b0101000110000000 (
b0101000110000000 )
b100001011 2
15
06
#9883
05
16
#9884
b01011001 #
b0101100110000000 (
b0101100110000000 )
b100001100 2
15
06
#9885
05
16
#9886
b01100001 #
b0110000110000000 (
b0110000110000000 )
b100001101 2
15
06
#9887
05
16
#9888
b01101001 #
b0110100110000000 (
b0110100110000000 )
b100001110 2
15
06
#9889
05
16
#9890
b01110001 #
b0111000110000000 (
b0111000110000000 )
b100001111 2
15
06
#9891
05
16
#9892
b01111001 #
b0111100110000000 (
b0111100110000000 )
b100010000 2
15
06
#9893
05
16
#9894
b10000001 #
b1000000110000000 (
b1000000110000000 )
b100010001 2
15
06
#9895
05
16
#9896
b10001001 #
b1000100110000000 (
b1000100110000000 )
b100010010 2
15
06
#9897
05
16
#9898
b10010001 #
b1001000110000000 (
b1001000110000000 )
b100010011 2
15
06
#9899
05
16
#9900
b10011001 #
b1001100110000000 (
b1001100110000000 )
b100010100 2
15
06
#9901
05
16
#9902
b10100001 #
b1010000110000000 (
b1010000110000000 )
b100010101 2
15
06
#9903
05
16
#9904
b10101001 #
b1010100110000000 (
b1010100110000000 )
b100010110 2
15
06
#9905
05
16
#9906
b10110001 #
b1011000110000000 (
b1011000110000000 )
b100010111 2
15
06
#9907
05
16
#9908
b10111001 #
b1011100110000000 (
b1011100110000000 )
b100011000 2
15
06
#9909
05
16
#9910
b11000001 #
b1100000110000000 (
b1100000110000000 )
b100011001 2
15
06
#9911
05
16
#9912
b11001001 #
b1100100110000000 (
b1100100110000000 )
b100011010 2
15
06
#9913
05
16
#9914
b11010001 #
b1101000110000000 (
b1101000110000000 )
b100011011 2
15
06
#9915
05
16
#9916
b11011001 #
b1101100110000000 (
b1101100110000000 )
b100011100 2
15
06
#9917
05
16
#9918
b11100001 #
b1110000110000000 (
b1110000110000000 )
b100011101 2
15
06
#9919
05
16
#9920
b11101001 #
b1110100110000000 (
b1110100110000000 )
b100011110 2
15
06
#9921
05
16
#9922
b11110001 #
b1111000110000000 (
b1111000110000000 )
b100011111 2
15
06
#9923
05
16
#9924
b11111001 #
b1111100110000000 (
b1111100110000000 )
b100100000 2
15
06
#9925
05
16
#9926
b00000001 #
b0000000110000000 (
b0000000110000000 )
b100100001 2
15
06
#9927
05
16
#9928
b00001001 #
b0000100110000000 (
b0000100110000000 )
b100100010 2
15
06
#9929
05
16
#9930
b00010001 #
b0001000110000000 (
b0001000110000000 )
b100100011 2
15
06
#9931
05
16
#9932
b00011001 #
b0001100110000000 (
b0001100110000000 )
b100100100 2
15
06
#9933
05
16
#9934
b00100001 #
b0010000110000000 (
b0010000110000000 )
b100100101 2
15
06
#9935
05
16
#9936
b00101001 #
b0010100110000000 (
b0010100110000000 )
b100100110 2
15
06
#9937
05
16
#9938
b00110001 #
b0011000110000000 (
b0011000110000000 )
b100100111 2
15
06
#9939
05
16
#9940
b00111001 #
b0011100110000000 (
b0011100110000000 )
b100101000 2
15
06
#9941
05
16
#9942
b01000001 #
b0100000110000000 (
b0100000110000000 )
b100101001 2
15
06
#9943
05
16
#9944
b01001001 #
b0100100110000000 (
b0100100110000000 )
b100101010 2
15
06
#9945
05
16
#9946
b01010001 #
b0101000110000000 (
b0101000110000000 )
b100101011 2
15
06
#9947
05
16
#9948
b01011001 #
b0101100110000000 (
b0101100110000000 )
b100101100 2
15
06
#9949
05
16
#9950
b01100001 #
b0110000110000000 (
b0110000110000000 )
b100101101 2
15
06
#9951
05
16
#9952
b01101001 #
b0110100110000000 (
b0110100110000000 )
b100101110 2
15
06
#9953
05
16
#9954
b01110001 #
b0111000110000000 (
b0111000110000000 )
b100101111 2
15
06
#9955
05
16
#9956
b01111001 #
b0111100110000000 (
b0111100110000000 )
b100110000 2
15
06
#9957
05
16
#9958
b10000001 #
b1000000110000000 (
b1000000110000000 )
b100110001 2
15
06
#9959
05
16
#9960
b10001001 #
b1000100110000000 (
b1000100110000000 )
b100110010 2
15
06
#9961
05
16
#9962
b10010001 #
b1001000110000000 (
b1001000110000000 )
b100110011 2
15
06
#9963
05
16
#9964
b10011001 #
b1001100110000000 (
b1001100110000000 )
b100110100 2
15
06
#9965
05
16
#9966
b10100001 #
b1010000110000000 (
b1010000110000000 )
b100110101 2
15
06
#9967
05
16
#9968
b10101001 #
b1010100110000000 (
b1010100110000000 )
b100110110 2
15
06
#9969
05
16
#9970
b10110001 #
b1011000110000000 (
b1011000110000000 )
b100110111 2
15
06
#9971
05
16
#9972
b10111001 #
b1011100110000000 (
b1011100110000000 )
b100111000 2
15
06
#9973
05
16
#9974
b11000001 #
b1100000110000000 (
b1100000110000000 )
b100111001 2
15
06
#9975
05
16
#9976
b11001001 #
b1100100110000000 (
b1100100110000000 )
b100111010 2
15
06
#9977
05
16
#9978
b11010001 #
b1101000110000000 (
b1101000110000000 )
b100111011 2
15
06
#9979
05
16
#9980
b11011001 #
b1101100110000000 (
b1101100110000000 )
b100111100 2
15
06
#9981
05
16
#9982
b11100001 #
b1110000110000000 (
b1110000110000000 )
b100111101 2
15
06
#9983
05
16
#9984
b11101001 #
b1110100110000000 (
b1110100110000000 )
b100111110 2
15
06
#9985
05
16
#9986
b11110001 #
b1111000110000000 (
b1111000110000000 )
b100111111 2
15
06
#9987
05
16
#9988
b11111001 #
b1111100110000000 (
b1111100110000000 )
b000000000 2
b00001101 3
15
06
#9989
05
16
#9990
b00000001 #
b10100000 $
b0000000110100000 (
b0000000110100000 )
b000000001 2
15
06
#9991
05
16
#9992
b00001001 #
b0000100110100000 (
b0000100110100000 )
b000000010 2
15
06
#9993
05
16
#9994
b00010001 #
b0001000110100000 (
b0001000110100000 )
b000000011 2
15
06
#9995
05
16
#9996
b00011001 #
b0001100110100000 (
b0001100110100000 )
b000000100 2
15
06
#9997
05
16
#9998
b00100001 #
b0010000110100000 (
b0010000110100000 )
b000000101 2
15
06
#9999
05
16
#10000
b00101001 #
b0010100110100000 (
b0010100110100000 )
b000000110 2
15
06
#10001
05
16
#10002
b00110001 #
b0011000110100000 (
b0011000110100000 )
b000000111 2
15
06
#10003
05
16
#10004
b00111001 #
b0011100110100000 (
b0011100110100000 )
b000001000 2
15
06
#10005
05
16
#10006
b01000001 #
b0100000110100000 (
b0100000110100000 )
b000001001 2
15
06
#10007
05
16
#10008
b01001001 #
b0100100110100000 (
b0100100110100000 )
b000001010 2
15
06
#10009
05
16
#10010
b01010001 #
b0101000110100000 (
b0101000110100000 )
b000001011 2
15
06
#10011
05
16
#10012
b01011001 #
b0101100110100000 (
b0101100110100000 )
b000001100 2
15
06
#10013
05
16
#10014
b01100001 #
b0110000110100000 (
b0110000110100000 )
b000001101 2
15
06
#10015
05
16
#10016
b01101001 #
b0110100110100000 (
b0110100110100000 )
b000001110 2
15
06
#10017
05
16
#10018
b01110001 #
b0111000110100000 (
b0111000110100000 )
b000001111 2
15
06
#10019
05
16
#10020
b01111001 #
b0111100110100000 (
b0111100110100000 )
b000010000 2
15
06
#10021
05
16
#10022
b10000001 #
b1000000110100000 (
b1000000110100000 )
b000010001 2
15
06
#10023
05
16
#10024
b10001001 #
b1000100110100000 (
b1000100110100000 )
b000010010 2
15
06
#10025
05
16
#10026
b10010001 #
b1001000110100000 (
b1001000110100000 )
b000010011 2
15
06
#10027
05
16
#10028
b10011001 #
b1001100110100000 (
b1001100110100000 )
b000010100 2
15
06
#10029
05
16
#10030
b10100001 #
b1010000110100000 (
b1010000110100000 )
b000010101 2
15
06
#10031
05
16
#10032
b10101001 #
b1010100110100000 (
b1010100110100000 )
b000010110 2
15
06
#10033
05
16
#10034
b10110001 #
b1011000110100000 (
b1011000110100000 )
b000010111 2
15
06
#10035
05
16
#10036
b10111001 #
b1011100110100000 (
b1011100110100000 )
b000011000 2
15
06
#10037
05
16
#10038
b11000001 #
b1100000110100000 (
b1100000110100000 )
b000011001 2
15
06
#10039
05
16
#10040
b11001001 #
b1100100110100000 (
b1100100110100000 )
b000011010 2
15
06
#10041
05
16
#10042
b11010001 #
b1101000110100000 (
b1101000110100000 )
b000011011 2
15
06
#10043
05
16
#10044
b11011001 #
b1101100110100000 (
b1101100110100000 )
b000011100 2
15
06
#10045
05
16
#10046
b11100001 #
b1110000110100000 (
b1110000110100000 )
b000011101 2
15
06
#10047
05
16
#10048
b11101001 #
b1110100110100000 (
b1110100110100000 )
b000011110 2
15
06
#10049
05
16
#10050
b11110001 #
b1111000110100000 (
b1111000110100000 )
b000011111 2
15
06
#10051
05
16
#10052
b11111001 #
b1111100110100000 (
b1111100110100000 )
b000100000 2
15
06
#10053
05
16
#10054
b00000001 #
b0000000110100000 (
b0000000110100000 )
b000100001 2
15
06
#10055
05
16
#10056
b00001001 #
b0000100110100000 (
b0000100110100000 )
b000100010 2
15
06
#10057
05
16
#10058
b00010001 #
b0001000110100000 (
b0001000110100000 )
b000100011 2
15
06
#10059
05
16
#10060
b00011001 #
b0001100110100000 (
b0001100110100000 )
b000100100 2
15
06
#10061
05
16
#10062
b00100001 #
b0010000110100000 (
b0010000110100000 )
b000100101 2
15
06
#10063
05
16
#10064
b00101001 #
b0010100110100000 (
b0010100110100000 )
b000100110 2
15
06
#10065
05
16
#10066
b00110001 #
b0011000110100000 (
b0011000110100000 )
b000100111 2
15
06
#10067
05
16
#10068
b00111001 #
b0011100110100000 (
b0011100110100000 )
b000101000 2
15
06
#10069
05
16
#10070
b01000001 #
b0100000110100000 (
b0100000110100000 )
b000101001 2
15
06
#10071
05
16
#10072
b01001001 #
b0100100110100000 (
b0100100110100000 )
b000101010 2
15
06
#10073
05
16
#10074
b01010001 #
b0101000110100000 (
b0101000110100000 )
b000101011 2
15
06
#10075
05
16
#10076
b01011001 #
b0101100110100000 (
b0101100110100000 )
b000101100 2
15
06
#10077
05
16
#10078
b01100001 #
b0110000110100000 (
b0110000110100000 )
b000101101 2
15
06
#10079
05
16
#10080
b01101001 #
b0110100110100000 (
b0110100110100000 )
b000101110 2
15
06
#10081
05
16
#10082
b01110001 #
b0111000110100000 (
b0111000110100000 )
b000101111 2
15
06
#10083
05
16
#10084
b01111001 #
b0111100110100000 (
b0111100110100000 )
b000110000 2
15
06
#10085
05
16
#10086
b10000001 #
b1000000110100000 (
b1000000110100000 )
b000110001 2
15
06
#10087
05
16
#10088
b10001001 #
b1000100110100000 (
b1000100110100000 )
b000110010 2
15
06
#10089
05
16
#10090
b10010001 #
b1001000110100000 (
b1001000110100000 )
b000110011 2
15
06
#10091
05
16
#10092
b10011001 #
b1001100110100000 (
b1001100110100000 )
b000110100 2
15
06
#10093
05
16
#10094
b10100001 #
b1010000110100000 (
b1010000110100000 )
b000110101 2
15
06
#10095
05
16
#10096
b10101001 #
b1010100110100000 (
b1010100110100000 )
b000110110 2
15
06
#10097
05
16
#10098
b10110001 #
b1011000110100000 (
b1011000110100000 )
b000110111 2
15
06
#10099
05
16
#10100
b10111001 #
b1011100110100000 (
b1011100110100000 )
b000111000 2
15
06
#10101
05
16
#10102
b11000001 #
b1100000110100000 (
b1100000110100000 )
b000111001 2
15
06
#10103
05
16
#10104
b11001001 #
b1100100110100000 (
b1100100110100000 )
b000111010 2
15
06
#10105
05
16
#10106
b11010001 #
b1101000110100000 (
b1101000110100000 )
b000111011 2
15
06
#10107
05
16
#10108
b11011001 #
b1101100110100000 (
b1101100110100000 )
b000111100 2
15
06
#10109
05
16
#10110
b11100001 #
b1110000110100000 (
b1110000110100000 )
b000111101 2
15
06
#10111
05
16
#10112
b11101001 #
b1110100110100000 (
b1110100110100000 )
b000111110 2
15
06
#10113
05
16
#10114
b11110001 #
b1111000110100000 (
b1111000110100000 )
b000111111 2
15
06
#10115
05
16
#10116
b11111001 #
b1111100110100000 (
b1111100110100000 )
b001000000 2
15
06
#10117
05
16
#10118
b00000001 #
b0000000110100000 (
b0000000110100000 )
b001000001 2
15
06
#10119
05
16
#10120
b00001001 #
b0000100110100000 (
b0000100110100000 )
b001000010 2
15
06
#10121
05
16
#10122
b00010001 #
b0001000110100000 (
b0001000110100000 )
b001000011 2
15
06
#10123
05
16
#10124
b00011001 #
b0001100110100000 (
b0001100110100000 )
b001000100 2
15
06
#10125
05
16
#10126
b00100001 #
b0010000110100000 (
b0010000110100000 )
b001000101 2
15
06
#10127
05
16
#10128
b00101001 #
b0010100110100000 (
b0010100110100000 )
b001000110 2
15
06
#10129
05
16
#10130
b00110001 #
b0011000110100000 (
b0011000110100000 )
b001000111 2
15
06
#10131
05
16
#10132
b00111001 #
b0011100110100000 (
b0011100110100000 )
b001001000 2
15
06
#10133
05
16
#10134
b01000001 #
b0100000110100000 (
b0100000110100000 )
b001001001 2
15
06
#10135
05
16
#10136
b01001001 #
b0100100110100000 (
b0100100110100000 )
b001001010 2
15
06
#10137
05
16
#10138
b01010001 #
b0101000110100000 (
b0101000110100000 )
b001001011 2
15
06
#10139
05
16
#10140
b01011001 #
b0101100110100000 (
b0101100110100000 )
b001001100 2
15
06
#10141
05
16
#10142
b01100001 #
b0110000110100000 (
b0110000110100000 )
b001001101 2
15
06
#10143
05
16
#10144
b01101001 #
b0110100110100000 (
b0110100110100000 )
b001001110 2
15
06
#10145
05
16
#10146
b01110001 #
b0111000110100000 (
b0111000110100000 )
b001001111 2
15
06
#10147
05
16
#10148
b01111001 #
b0111100110100000 (
b0111100110100000 )
b001010000 2
15
06
#10149
05
16
#10150
b10000001 #
b1000000110100000 (
b1000000110100000 )
b001010001 2
15
06
#10151
05
16
#10152
b10001001 #
b1000100110100000 (
b1000100110100000 )
b001010010 2
15
06
#10153
05
16
#10154
b10010001 #
b1001000110100000 (
b1001000110100000 )
b001010011 2
15
06
#10155
05
16
#10156
b10011001 #
b1001100110100000 (
b1001100110100000 )
b001010100 2
15
06
#10157
05
16
#10158
b10100001 #
b1010000110100000 (
b1010000110100000 )
b001010101 2
15
06
#10159
05
16
#10160
b10101001 #
b1010100110100000 (
b1010100110100000 )
b001010110 2
15
06
#10161
05
16
#10162
b10110001 #
b1011000110100000 (
b1011000110100000 )
b001010111 2
15
06
#10163
05
16
#10164
b10111001 #
b1011100110100000 (
b1011100110100000 )
b001011000 2
15
06
#10165
05
16
#10166
b11000001 #
b1100000110100000 (
b1100000110100000 )
b001011001 2
15
06
#10167
05
16
#10168
b11001001 #
b1100100110100000 (
b1100100110100000 )
b001011010 2
15
06
#10169
05
16
#10170
b11010001 #
b1101000110100000 (
b1101000110100000 )
b001011011 2
15
06
#10171
05
16
#10172
b11011001 #
b1101100110100000 (
b1101100110100000 )
b001011100 2
15
06
#10173
05
16
#10174
b11100001 #
b1110000110100000 (
b1110000110100000 )
b001011101 2
15
06
#10175
05
16
#10176
b11101001 #
b1110100110100000 (
b1110100110100000 )
b001011110 2
15
06
#10177
05
16
#10178
b11110001 #
b1111000110100000 (
b1111000110100000 )
b001011111 2
15
06
#10179
05
16
#10180
b11111001 #
b1111100110100000 (
b1111100110100000 )
b001100000 2
15
06
#10181
05
16
#10182
b00000001 #
b0000000110100000 (
b0000000110100000 )
b001100001 2
15
06
#10183
05
16
#10184
b00001001 #
b0000100110100000 (
b0000100110100000 )
b001100010 2
15
06
#10185
05
16
#10186
b00010001 #
b0001000110100000 (
b0001000110100000 )
b001100011 2
15
06
#10187
05
16
#10188
b00011001 #
b0001100110100000 (
b0001100110100000 )
b001100100 2
15
06
#10189
05
16
#10190
b00100001 #
b0010000110100000 (
b0010000110100000 )
b001100101 2
15
06
#10191
05
16
#10192
b00101001 #
b0010100110100000 (
b0010100110100000 )
b001100110 2
15
06
#10193
05
16
#10194
b00110001 #
b0011000110100000 (
b0011000110100000 )
b001100111 2
15
06
#10195
05
16
#10196
b00111001 #
b0011100110100000 (
b0011100110100000 )
b001101000 2
15
06
#10197
05
16
#10198
b01000001 #
b0100000110100000 (
b0100000110100000 )
b001101001 2
15
06
#10199
05
16
#10200
b01001001 #
b0100100110100000 (
b0100100110100000 )
b001101010 2
15
06
#10201
05
16
#10202
b01010001 #
b0101000110100000 (
b0101000110100000 )
b001101011 2
15
06
#10203
05
16
#10204
b01011001 #
b0101100110100000 (
b0101100110100000 )
b001101100 2
15
06
#10205
05
16
#10206
b01100001 #
b0110000110100000 (
b0110000110100000 )
b001101101 2
15
06
#10207
05
16
#10208
b01101001 #
b0110100110100000 (
b0110100110100000 )
b001101110 2
15
06
#10209
05
16
#10210
b01110001 #
b0111000110100000 (
b0111000110100000 )
b001101111 2
15
06
#10211
05
16
#10212
b01111001 #
b0111100110100000 (
b0111100110100000 )
b001110000 2
15
06
#10213
05
16
#10214
b10000001 #
b1000000110100000 (
b1000000110100000 )
b001110001 2
15
06
#10215
05
16
#10216
b10001001 #
b1000100110100000 (
b1000100110100000 )
b001110010 2
15
06
#10217
05
16
#10218
b10010001 #
b1001000110100000 (
b1001000110100000 )
b001110011 2
15
06
#10219
05
16
#10220
b10011001 #
b1001100110100000 (
b1001100110100000 )
b001110100 2
15
06
#10221
05
16
#10222
b10100001 #
b1010000110100000 (
b1010000110100000 )
b001110101 2
15
06
#10223
05
16
#10224
b10101001 #
b1010100110100000 (
b1010100110100000 )
b001110110 2
15
06
#10225
05
16
#10226
b10110001 #
b1011000110100000 (
b1011000110100000 )
b001110111 2
15
06
#10227
05
16
#10228
b10111001 #
b1011100110100000 (
b1011100110100000 )
b001111000 2
15
06
#10229
05
16
#10230
b11000001 #
b1100000110100000 (
b1100000110100000 )
b001111001 2
15
06
#10231
05
16
#10232
b11001001 #
b1100100110100000 (
b1100100110100000 )
b001111010 2
15
06
#10233
05
16
#10234
b11010001 #
b1101000110100000 (
b1101000110100000 )
b001111011 2
15
06
#10235
05
16
#10236
b11011001 #
b1101100110100000 (
b1101100110100000 )
b001111100 2
15
06
#10237
05
16
#10238
b11100001 #
b1110000110100000 (
b1110000110100000 )
b001111101 2
15
06
#10239
05
16
#10240
b11101001 #
b1110100110100000 (
b1110100110100000 )
b001111110 2
15
06
#10241
05
16
#10242
b11110001 #
b1111000110100000 (
b1111000110100000 )
b001111111 2
15
06
#10243
05
16
#10244
b11111001 #
b1111100110100000 (
b1111100110100000 )
b010000000 2
15
06
#10245
05
16
#10246
b00000001 #
b0000000110100000 (
b0000000110100000 )
b010000001 2
15
06
#10247
05
16
#10248
b00001001 #
b0000100110100000 (
b0000100110100000 )
b010000010 2
15
06
#10249
05
16
#10250
b00010001 #
b0001000110100000 (
b0001000110100000 )
b010000011 2
15
06
#10251
05
16
#10252
b00011001 #
b0001100110100000 (
b0001100110100000 )
b010000100 2
15
06
#10253
05
16
#10254
b00100001 #
b0010000110100000 (
b0010000110100000 )
b010000101 2
15
06
#10255
05
16
#10256
b00101001 #
b0010100110100000 (
b0010100110100000 )
b010000110 2
15
06
#10257
05
16
#10258
b00110001 #
b0011000110100000 (
b0011000110100000 )
b010000111 2
15
06
#10259
05
16
#10260
b00111001 #
b0011100110100000 (
b0011100110100000 )
b010001000 2
15
06
#10261
05
16
#10262
b01000001 #
b0100000110100000 (
b0100000110100000 )
b010001001 2
15
06
#10263
05
16
#10264
b01001001 #
b0100100110100000 (
b0100100110100000 )
b010001010 2
15
06
#10265
05
16
#10266
b01010001 #
b0101000110100000 (
b0101000110100000 )
b010001011 2
15
06
#10267
05
16
#10268
b01011001 #
b0101100110100000 (
b0101100110100000 )
b010001100 2
15
06
#10269
05
16
#10270
b01100001 #
b0110000110100000 (
b0110000110100000 )
b010001101 2
15
06
#10271
05
16
#10272
b01101001 #
b0110100110100000 (
b0110100110100000 )
b010001110 2
15
06
#10273
05
16
#10274
b01110001 #
b0111000110100000 (
b0111000110100000 )
b010001111 2
15
06
#10275
05
16
#10276
b01111001 #
b0111100110100000 (
b0111100110100000 )
b010010000 2
15
06
#10277
05
16
#10278
b10000001 #
b1000000110100000 (
b1000000110100000 )
b010010001 2
15
06
#10279
05
16
#10280
b10001001 #
b1000100110100000 (
b1000100110100000 )
b010010010 2
15
06
#10281
05
16
#10282
b10010001 #
b1001000110100000 (
b1001000110100000 )
b010010011 2
15
06
#10283
05
16
#10284
b10011001 #
b1001100110100000 (
b1001100110100000 )
b010010100 2
15
06
#10285
05
16
#10286
b10100001 #
b1010000110100000 (
b1010000110100000 )
b010010101 2
15
06
#10287
05
16
#10288
b10101001 #
b1010100110100000 (
b1010100110100000 )
b010010110 2
15
06
#10289
05
16
#10290
b10110001 #
b1011000110100000 (
b1011000110100000 )
b010010111 2
15
06
#10291
05
16
#10292
b10111001 #
b1011100110100000 (
b1011100110100000 )
b010011000 2
15
06
#10293
05
16
#10294
b11000001 #
b1100000110100000 (
b1100000110100000 )
b010011001 2
15
06
#10295
05
16
#10296
b11001001 #
b1100100110100000 (
b1100100110100000 )
b010011010 2
15
06
#10297
05
16
#10298
b11010001 #
b1101000110100000 (
b1101000110100000 )
b010011011 2
15
06
#10299
05
16
#10300
b11011001 #
b1101100110100000 (
b1101100110100000 )
b010011100 2
15
06
#10301
05
16
#10302
b11100001 #
b1110000110100000 (
b1110000110100000 )
b010011101 2
15
06
#10303
05
16
#10304
b11101001 #
b1110100110100000 (
b1110100110100000 )
b010011110 2
15
06
#10305
05
16
#10306
b11110001 #
b1111000110100000 (
b1111000110100000 )
b010011111 2
15
06
#10307
05
16
#10308
b11111001 #
b1111100110100000 (
b1111100110100000 )
b010100000 2
15
06
#10309
05
16
#10310
b00000001 #
b0000000110100000 (
b0000000110100000 )
b010100001 2
15
06
#10311
05
16
#10312
b00001001 #
b0000100110100000 (
b0000100110100000 )
b010100010 2
15
06
#10313
05
16
#10314
b00010001 #
b0001000110100000 (
b0001000110100000 )
b010100011 2
15
06
#10315
05
16
#10316
b00011001 #
b0001100110100000 (
b0001100110100000 )
b010100100 2
15
06
#10317
05
16
#10318
b00100001 #
b0010000110100000 (
b0010000110100000 )
b010100101 2
15
06
#10319
05
16
#10320
b00101001 #
b0010100110100000 (
b0010100110100000 )
b010100110 2
15
06
#10321
05
16
#10322
b00110001 #
b0011000110100000 (
b0011000110100000 )
b010100111 2
15
06
#10323
05
16
#10324
b00111001 #
b0011100110100000 (
b0011100110100000 )
b010101000 2
15
06
#10325
05
16
#10326
b01000001 #
b0100000110100000 (
b0100000110100000 )
b010101001 2
15
06
#10327
05
16
#10328
b01001001 #
b0100100110100000 (
b0100100110100000 )
b010101010 2
15
06
#10329
05
16
#10330
b01010001 #
b0101000110100000 (
b0101000110100000 )
b010101011 2
15
06
#10331
05
16
#10332
b01011001 #
b0101100110100000 (
b0101100110100000 )
b010101100 2
15
06
#10333
05
16
#10334
b01100001 #
b0110000110100000 (
b0110000110100000 )
b010101101 2
15
06
#10335
05
16
#10336
b01101001 #
b0110100110100000 (
b0110100110100000 )
b010101110 2
15
06
#10337
05
16
#10338
b01110001 #
b0111000110100000 (
b0111000110100000 )
b010101111 2
15
06
#10339
05
16
#10340
b01111001 #
b0111100110100000 (
b0111100110100000 )
b010110000 2
15
06
#10341
05
16
#10342
b10000001 #
b1000000110100000 (
b1000000110100000 )
b010110001 2
15
06
#10343
05
16
#10344
b10001001 #
b1000100110100000 (
b1000100110100000 )
b010110010 2
15
06
#10345
05
16
#10346
b10010001 #
b1001000110100000 (
b1001000110100000 )
b010110011 2
15
06
#10347
05
16
#10348
b10011001 #
b1001100110100000 (
b1001100110100000 )
b010110100 2
15
06
#10349
05
16
#10350
b10100001 #
b1010000110100000 (
b1010000110100000 )
b010110101 2
15
06
#10351
05
16
#10352
b10101001 #
b1010100110100000 (
b1010100110100000 )
b010110110 2
15
06
#10353
05
16
#10354
b10110001 #
b1011000110100000 (
b1011000110100000 )
b010110111 2
15
06
#10355
05
16
#10356
b10111001 #
b1011100110100000 (
b1011100110100000 )
b010111000 2
15
06
#10357
05
16
#10358
b11000001 #
b1100000110100000 (
b1100000110100000 )
b010111001 2
15
06
#10359
05
16
#10360
b11001001 #
b1100100110100000 (
b1100100110100000 )
b010111010 2
15
06
#10361
05
16
#10362
b11010001 #
b1101000110100000 (
b1101000110100000 )
b010111011 2
15
06
#10363
05
16
#10364
b11011001 #
b1101100110100000 (
b1101100110100000 )
b010111100 2
15
06
#10365
05
16
#10366
b11100001 #
b1110000110100000 (
b1110000110100000 )
b010111101 2
15
06
#10367
05
16
#10368
b11101001 #
b1110100110100000 (
b1110100110100000 )
b010111110 2
15
06
#10369
05
16
#10370
b11110001 #
b1111000110100000 (
b1111000110100000 )
b010111111 2
15
06
#10371
05
16
#10372
b11111001 #
b1111100110100000 (
b1111100110100000 )
b011000000 2
15
06
#10373
05
16
#10374
b00000001 #
b0000000110100000 (
b0000000110100000 )
b011000001 2
15
06
#10375
05
16
#10376
b00001001 #
b0000100110100000 (
b0000100110100000 )
b011000010 2
15
06
#10377
05
16
#10378
b00010001 #
b0001000110100000 (
b0001000110100000 )
b011000011 2
15
06
#10379
05
16
#10380
b00011001 #
b0001100110100000 (
b0001100110100000 )
b011000100 2
15
06
#10381
05
16
#10382
b00100001 #
b0010000110100000 (
b0010000110100000 )
b011000101 2
15
06
#10383
05
16
#10384
b00101001 #
b0010100110100000 (
b0010100110100000 )
b011000110 2
15
06
#10385
05
16
#10386
b00110001 #
b0011000110100000 (
b0011000110100000 )
b011000111 2
15
06
#10387
05
16
#10388
b00111001 #
b0011100110100000 (
b0011100110100000 )
b011001000 2
15
06
#10389
05
16
#10390
b01000001 #
b0100000110100000 (
b0100000110100000 )
b011001001 2
15
06
#10391
05
16
#10392
b01001001 #
b0100100110100000 (
b0100100110100000 )
b011001010 2
15
06
#10393
05
16
#10394
b01010001 #
b0101000110100000 (
b0101000110100000 )
b011001011 2
15
06
#10395
05
16
#10396
b01011001 #
b0101100110100000 (
b0101100110100000 )
b011001100 2
15
06
#10397
05
16
#10398
b01100001 #
b0110000110100000 (
b0110000110100000 )
b011001101 2
15
06
#10399
05
16
#10400
b01101001 #
b0110100110100000 (
b0110100110100000 )
b011001110 2
15
06
#10401
05
16
#10402
b01110001 #
b0111000110100000 (
b0111000110100000 )
b011001111 2
15
06
#10403
05
16
#10404
b01111001 #
b0111100110100000 (
b0111100110100000 )
b011010000 2
15
06
#10405
05
16
#10406
b10000001 #
b1000000110100000 (
b1000000110100000 )
b011010001 2
15
06
#10407
05
16
#10408
b10001001 #
b1000100110100000 (
b1000100110100000 )
b011010010 2
15
06
#10409
05
16
#10410
b10010001 #
b1001000110100000 (
b1001000110100000 )
b011010011 2
15
06
#10411
05
16
#10412
b10011001 #
b1001100110100000 (
b1001100110100000 )
b011010100 2
15
06
#10413
05
16
#10414
b10100001 #
b1010000110100000 (
b1010000110100000 )
b011010101 2
15
06
#10415
05
16
#10416
b10101001 #
b1010100110100000 (
b1010100110100000 )
b011010110 2
15
06
#10417
05
16
#10418
b10110001 #
b1011000110100000 (
b1011000110100000 )
b011010111 2
15
06
#10419
05
16
#10420
b10111001 #
b1011100110100000 (
b1011100110100000 )
b011011000 2
15
06
#10421
05
16
#10422
b11000001 #
b1100000110100000 (
b1100000110100000 )
b011011001 2
15
06
#10423
05
16
#10424
b11001001 #
b1100100110100000 (
b1100100110100000 )
b011011010 2
15
06
#10425
05
16
#10426
b11010001 #
b1101000110100000 (
b1101000110100000 )
b011011011 2
15
06
#10427
05
16
#10428
b11011001 #
b1101100110100000 (
b1101100110100000 )
b011011100 2
15
06
#10429
05
16
#10430
b11100001 #
b1110000110100000 (
b1110000110100000 )
b011011101 2
15
06
#10431
05
16
#10432
b11101001 #
b1110100110100000 (
b1110100110100000 )
b011011110 2
15
06
#10433
05
16
#10434
b11110001 #
b1111000110100000 (
b1111000110100000 )
b011011111 2
15
06
#10435
05
16
#10436
b11111001 #
b1111100110100000 (
b1111100110100000 )
b011100000 2
15
06
#10437
05
16
#10438
b00000001 #
b0000000110100000 (
b0000000110100000 )
b011100001 2
15
06
#10439
05
16
#10440
b00001001 #
b0000100110100000 (
b0000100110100000 )
b011100010 2
15
06
#10441
05
16
#10442
b00010001 #
b0001000110100000 (
b0001000110100000 )
b011100011 2
15
06
#10443
05
16
#10444
b00011001 #
b0001100110100000 (
b0001100110100000 )
b011100100 2
15
06
#10445
05
16
#10446
b00100001 #
b0010000110100000 (
b0010000110100000 )
b011100101 2
15
06
#10447
05
16
#10448
b00101001 #
b0010100110100000 (
b0010100110100000 )
b011100110 2
15
06
#10449
05
16
#10450
b00110001 #
b0011000110100000 (
b0011000110100000 )
b011100111 2
15
06
#10451
05
16
#10452
b00111001 #
b0011100110100000 (
b0011100110100000 )
b011101000 2
15
06
#10453
05
16
#10454
b01000001 #
b0100000110100000 (
b0100000110100000 )
b011101001 2
15
06
#10455
05
16
#10456
b01001001 #
b0100100110100000 (
b0100100110100000 )
b011101010 2
15
06
#10457
05
16
#10458
b01010001 #
b0101000110100000 (
b0101000110100000 )
b011101011 2
15
06
#10459
05
16
#10460
b01011001 #
b0101100110100000 (
b0101100110100000 )
b011101100 2
15
06
#10461
05
16
#10462
b01100001 #
b0110000110100000 (
b0110000110100000 )
b011101101 2
15
06
#10463
05
16
#10464
b01101001 #
b0110100110100000 (
b0110100110100000 )
b011101110 2
15
06
#10465
05
16
#10466
b01110001 #
b0111000110100000 (
b0111000110100000 )
b011101111 2
15
06
#10467
05
16
#10468
b01111001 #
b0111100110100000 (
b0111100110100000 )
b011110000 2
15
06
#10469
05
16
#10470
b10000001 #
b1000000110100000 (
b1000000110100000 )
b011110001 2
15
06
#10471
05
16
#10472
b10001001 #
b1000100110100000 (
b1000100110100000 )
b011110010 2
15
06
#10473
05
16
#10474
b10010001 #
b1001000110100000 (
b1001000110100000 )
b011110011 2
15
06
#10475
05
16
#10476
b10011001 #
b1001100110100000 (
b1001100110100000 )
b011110100 2
15
06
#10477
05
16
#10478
b10100001 #
b1010000110100000 (
b1010000110100000 )
b011110101 2
15
06
#10479
05
16
#10480
b10101001 #
b1010100110100000 (
b1010100110100000 )
b011110110 2
15
06
#10481
05
16
#10482
b10110001 #
b1011000110100000 (
b1011000110100000 )
b011110111 2
15
06
#10483
05
16
#10484
b10111001 #
b1011100110100000 (
b1011100110100000 )
b011111000 2
15
06
#10485
05
16
#10486
b11000001 #
b1100000110100000 (
b1100000110100000 )
b011111001 2
15
06
#10487
05
16
#10488
b11001001 #
b1100100110100000 (
b1100100110100000 )
b011111010 2
15
06
#10489
05
16
#10490
b11010001 #
b1101000110100000 (
b1101000110100000 )
b011111011 2
15
06
#10491
05
16
#10492
b11011001 #
b1101100110100000 (
b1101100110100000 )
b011111100 2
15
06
#10493
05
16
#10494
b11100001 #
b1110000110100000 (
b1110000110100000 )
b011111101 2
15
06
#10495
05
16
#10496
b11101001 #
b1110100110100000 (
b1110100110100000 )
b011111110 2
15
06
#10497
05
16
#10498
b11110001 #
b1111000110100000 (
b1111000110100000 )
b011111111 2
15
06
#10499
05
16
#10500
b11111001 #
b1111100110100000 (
b1111100110100000 )
b100000000 2
15
06
#10501
05
16
#10502
b00000001 #
b0000000110100000 (
b0000000110100000 )
b100000001 2
15
06
#10503
05
16
#10504
b00001001 #
b0000100110100000 (
b0000100110100000 )
b100000010 2
15
06
#10505
05
16
#10506
b00010001 #
b0001000110100000 (
b0001000110100000 )
b100000011 2
15
06
#10507
05
16
#10508
b00011001 #
b0001100110100000 (
b0001100110100000 )
b100000100 2
15
06
#10509
05
16
#10510
b00100001 #
b0010000110100000 (
b0010000110100000 )
b100000101 2
15
06
#10511
05
16
#10512
b00101001 #
b0010100110100000 (
b0010100110100000 )
b100000110 2
15
06
#10513
05
16
#10514
b00110001 #
b0011000110100000 (
b0011000110100000 )
b100000111 2
15
06
#10515
05
16
#10516
b00111001 #
b0011100110100000 (
b0011100110100000 )
b100001000 2
15
06
#10517
05
16
#10518
b01000001 #
b0100000110100000 (
b0100000110100000 )
b100001001 2
15
06
#10519
05
16
#10520
b01001001 #
b0100100110100000 (
b0100100110100000 )
b100001010 2
15
06
#10521
05
16
#10522
b01010001 #
b0101000110100000 (
b0101000110100000 )
b100001011 2
15
06
#10523
05
16
#10524
b01011001 #
b0101100110100000 (
b0101100110100000 )
b100001100 2
15
06
#10525
05
16
#10526
b01100001 #
b0110000110100000 (
b0110000110100000 )
b100001101 2
15
06
#10527
05
16
#10528
b01101001 #
b0110100110100000 (
b0110100110100000 )
b100001110 2
15
06
#10529
05
16
#10530
b01110001 #
b0111000110100000 (
b0111000110100000 )
b100001111 2
15
06
#10531
05
16
#10532
b01111001 #
b0111100110100000 (
b0111100110100000 )
b100010000 2
15
06
#10533
05
16
#10534
b10000001 #
b1000000110100000 (
b1000000110100000 )
b100010001 2
15
06
#10535
05
16
#10536
b10001001 #
b1000100110100000 (
b1000100110100000 )
b100010010 2
15
06
#10537
05
16
#10538
b10010001 #
b1001000110100000 (
b1001000110100000 )
b100010011 2
15
06
#10539
05
16
#10540
b10011001 #
b1001100110100000 (
b1001100110100000 )
b100010100 2
15
06
#10541
05
16
#10542
b10100001 #
b1010000110100000 (
b1010000110100000 )
b100010101 2
15
06
#10543
05
16
#10544
b10101001 #
b1010100110100000 (
b1010100110100000 )
b100010110 2
15
06
#10545
05
16
#10546
b10110001 #
b1011000110100000 (
b1011000110100000 )
b100010111 2
15
06
#10547
05
16
#10548
b10111001 #
b1011100110100000 (
b1011100110100000 )
b100011000 2
15
06
#10549
05
16
#10550
b11000001 #
b1100000110100000 (
b1100000110100000 )
b100011001 2
15
06
#10551
05
16
#10552
b11001001 #
b1100100110100000 (
b1100100110100000 )
b100011010 2
15
06
#10553
05
16
#10554
b11010001 #
b1101000110100000 (
b1101000110100000 )
b100011011 2
15
06
#10555
05
16
#10556
b11011001 #
b1101100110100000 (
b1101100110100000 )
b100011100 2
15
06
#10557
05
16
#10558
b11100001 #
b1110000110100000 (
b1110000110100000 )
b100011101 2
15
06
#10559
05
16
#10560
b11101001 #
b1110100110100000 (
b1110100110100000 )
b100011110 2
15
06
#10561
05
16
#10562
b11110001 #
b1111000110100000 (
b1111000110100000 )
b100011111 2
15
06
#10563
05
16
#10564
b11111001 #
b1111100110100000 (
b1111100110100000 )
b100100000 2
15
06
#10565
05
16
#10566
b00000001 #
b0000000110100000 (
b0000000110100000 )
b100100001 2
15
06
#10567
05
16
#10568
b00001001 #
b0000100110100000 (
b0000100110100000 )
b100100010 2
15
06
#10569
05
16
#10570
b00010001 #
b0001000110100000 (
b0001000110100000 )
b100100011 2
15
06
#10571
05
16
#10572
b00011001 #
b0001100110100000 (
b0001100110100000 )
b100100100 2
15
06
#10573
05
16
#10574
b00100001 #
b0010000110100000 (
b0010000110100000 )
b100100101 2
15
06
#10575
05
16
#10576
b00101001 #
b0010100110100000 (
b0010100110100000 )
b100100110 2
15
06
#10577
05
16
#10578
b00110001 #
b0011000110100000 (
b0011000110100000 )
b100100111 2
15
06
#10579
05
16
#10580
b00111001 #
b0011100110100000 (
b0011100110100000 )
b100101000 2
15
06
#10581
05
16
#10582
b01000001 #
b0100000110100000 (
b0100000110100000 )
b100101001 2
15
06
#10583
05
16
#10584
b01001001 #
b0100100110100000 (
b0100100110100000 )
b100101010 2
15
06
#10585
05
16
#10586
b01010001 #
b0101000110100000 (
b0101000110100000 )
b100101011 2
15
06
#10587
05
16
#10588
b01011001 #
b0101100110100000 (
b0101100110100000 )
b100101100 2
15
06
#10589
05
16
#10590
b01100001 #
b0110000110100000 (
b0110000110100000 )
b100101101 2
15
06
#10591
05
16
#10592
b01101001 #
b0110100110100000 (
b0110100110100000 )
b100101110 2
15
06
#10593
05
16
#10594
b01110001 #
b0111000110100000 (
b0111000110100000 )
b100101111 2
15
06
#10595
05
16
#10596
b01111001 #
b0111100110100000 (
b0111100110100000 )
b100110000 2
15
06
#10597
05
16
#10598
b10000001 #
b1000000110100000 (
b1000000110100000 )
b100110001 2
15
06
#10599
05
16
#10600
b10001001 #
b1000100110100000 (
b1000100110100000 )
b100110010 2
15
06
#10601
05
16
#10602
b10010001 #
b1001000110100000 (
b1001000110100000 )
b100110011 2
15
06
#10603
05
16
#10604
b10011001 #
b1001100110100000 (
b1001100110100000 )
b100110100 2
15
06
#10605
05
16
#10606
b10100001 #
b1010000110100000 (
b1010000110100000 )
b100110101 2
15
06
#10607
05
16
#10608
b10101001 #
b1010100110100000 (
b1010100110100000 )
b100110110 2
15
06
#10609
05
16
#10610
b10110001 #
b1011000110100000 (
b1011000110100000 )
b100110111 2
15
06
#10611
05
16
#10612
b10111001 #
b1011100110100000 (
b1011100110100000 )
b100111000 2
15
06
#10613
05
16
#10614
b11000001 #
b1100000110100000 (
b1100000110100000 )
b100111001 2
15
06
#10615
05
16
#10616
b11001001 #
b1100100110100000 (
b1100100110100000 )
b100111010 2
15
06
#10617
05
16
#10618
b11010001 #
b1101000110100000 (
b1101000110100000 )
b100111011 2
15
06
#10619
05
16
#10620
b11011001 #
b1101100110100000 (
b1101100110100000 )
b100111100 2
15
06
#10621
05
16
#10622
b11100001 #
b1110000110100000 (
b1110000110100000 )
b100111101 2
15
06
#10623
05
16
#10624
b11101001 #
b1110100110100000 (
b1110100110100000 )
b100111110 2
15
06
#10625
05
16
#10626
b11110001 #
b1111000110100000 (
b1111000110100000 )
b100111111 2
15
06
#10627
05
16
#10628
b11111001 #
b1111100110100000 (
b1111100110100000 )
b000000000 2
b00001110 3
15
06
#10629
05
16
#10630
b00000001 #
b11000000 $
b0000000111000000 (
b0000000111000000 )
b000000001 2
15
06
#10631
05
16
#10632
b00001001 #
b0000100111000000 (
b0000100111000000 )
b000000010 2
15
06
#10633
05
16
#10634
b00010001 #
b0001000111000000 (
b0001000111000000 )
b000000011 2
15
06
#10635
05
16
#10636
b00011001 #
b0001100111000000 (
b0001100111000000 )
b000000100 2
15
06
#10637
05
16
#10638
b00100001 #
b0010000111000000 (
b0010000111000000 )
b000000101 2
15
06
#10639
05
16
#10640
b00101001 #
b0010100111000000 (
b0010100111000000 )
b000000110 2
15
06
#10641
05
16
#10642
b00110001 #
b0011000111000000 (
b0011000111000000 )
b000000111 2
15
06
#10643
05
16
#10644
b00111001 #
b0011100111000000 (
b0011100111000000 )
b000001000 2
15
06
#10645
05
16
#10646
b01000001 #
b0100000111000000 (
b0100000111000000 )
b000001001 2
15
06
#10647
05
16
#10648
b01001001 #
b0100100111000000 (
b0100100111000000 )
b000001010 2
15
06
#10649
05
16
#10650
b01010001 #
b0101000111000000 (
b0101000111000000 )
b000001011 2
15
06
#10651
05
16
#10652
b01011001 #
b0101100111000000 (
b0101100111000000 )
b000001100 2
15
06
#10653
05
16
#10654
b01100001 #
b0110000111000000 (
b0110000111000000 )
b000001101 2
15
06
#10655
05
16
#10656
b01101001 #
b0110100111000000 (
b0110100111000000 )
b000001110 2
15
06
#10657
05
16
#10658
b01110001 #
b0111000111000000 (
b0111000111000000 )
b000001111 2
15
06
#10659
05
16
#10660
b01111001 #
b0111100111000000 (
b0111100111000000 )
b000010000 2
15
06
#10661
05
16
#10662
b10000001 #
b1000000111000000 (
b1000000111000000 )
b000010001 2
15
06
#10663
05
16
#10664
b10001001 #
b1000100111000000 (
b1000100111000000 )
b000010010 2
15
06
#10665
05
16
#10666
b10010001 #
b1001000111000000 (
b1001000111000000 )
b000010011 2
15
06
#10667
05
16
#10668
b10011001 #
b1001100111000000 (
b1001100111000000 )
b000010100 2
15
06
#10669
05
16
#10670
b10100001 #
b1010000111000000 (
b1010000111000000 )
b000010101 2
15
06
#10671
05
16
#10672
b10101001 #
b1010100111000000 (
b1010100111000000 )
b000010110 2
15
06
#10673
05
16
#10674
b10110001 #
b1011000111000000 (
b1011000111000000 )
b000010111 2
15
06
#10675
05
16
#10676
b10111001 #
b1011100111000000 (
b1011100111000000 )
b000011000 2
15
06
#10677
05
16
#10678
b11000001 #
b1100000111000000 (
b1100000111000000 )
b000011001 2
15
06
#10679
05
16
#10680
b11001001 #
b1100100111000000 (
b1100100111000000 )
b000011010 2
15
06
#10681
05
16
#10682
b11010001 #
b1101000111000000 (
b1101000111000000 )
b000011011 2
15
06
#10683
05
16
#10684
b11011001 #
b1101100111000000 (
b1101100111000000 )
b000011100 2
15
06
#10685
05
16
#10686
b11100001 #
b1110000111000000 (
b1110000111000000 )
b000011101 2
15
06
#10687
05
16
#10688
b11101001 #
b1110100111000000 (
b1110100111000000 )
b000011110 2
15
06
#10689
05
16
#10690
b11110001 #
b1111000111000000 (
b1111000111000000 )
b000011111 2
15
06
#10691
05
16
#10692
b11111001 #
b1111100111000000 (
b1111100111000000 )
b000100000 2
15
06
#10693
05
16
#10694
b00000001 #
b0000000111000000 (
b0000000111000000 )
b000100001 2
15
06
#10695
05
16
#10696
b00001001 #
b0000100111000000 (
b0000100111000000 )
b000100010 2
15
06
#10697
05
16
#10698
b00010001 #
b0001000111000000 (
b0001000111000000 )
b000100011 2
15
06
#10699
05
16
#10700
b00011001 #
b0001100111000000 (
b0001100111000000 )
b000100100 2
15
06
#10701
05
16
#10702
b00100001 #
b0010000111000000 (
b0010000111000000 )
b000100101 2
15
06
#10703
05
16
#10704
b00101001 #
b0010100111000000 (
b0010100111000000 )
b000100110 2
15
06
#10705
05
16
#10706
b00110001 #
b0011000111000000 (
b0011000111000000 )
b000100111 2
15
06
#10707
05
16
#10708
b00111001 #
b0011100111000000 (
b0011100111000000 )
b000101000 2
15
06
#10709
05
16
#10710
b01000001 #
b0100000111000000 (
b0100000111000000 )
b000101001 2
15
06
#10711
05
16
#10712
b01001001 #
b0100100111000000 (
b0100100111000000 )
b000101010 2
15
06
#10713
05
16
#10714
b01010001 #
b0101000111000000 (
b0101000111000000 )
b000101011 2
15
06
#10715
05
16
#10716
b01011001 #
b0101100111000000 (
b0101100111000000 )
b000101100 2
15
06
#10717
05
16
#10718
b01100001 #
b0110000111000000 (
b0110000111000000 )
b000101101 2
15
06
#10719
05
16
#10720
b01101001 #
b0110100111000000 (
b0110100111000000 )
b000101110 2
15
06
#10721
05
16
#10722
b01110001 #
b0111000111000000 (
b0111000111000000 )
b000101111 2
15
06
#10723
05
16
#10724
b01111001 #
b0111100111000000 (
b0111100111000000 )
b000110000 2
15
06
#10725
05
16
#10726
b10000001 #
b1000000111000000 (
b1000000111000000 )
b000110001 2
15
06
#10727
05
16
#10728
b10001001 #
b1000100111000000 (
b1000100111000000 )
b000110010 2
15
06
#10729
05
16
#10730
b10010001 #
b1001000111000000 (
b1001000111000000 )
b000110011 2
15
06
#10731
05
16
#10732
b10011001 #
b1001100111000000 (
b1001100111000000 )
b000110100 2
15
06
#10733
05
16
#10734
b10100001 #
b1010000111000000 (
b1010000111000000 )
b000110101 2
15
06
#10735
05
16
#10736
b10101001 #
b1010100111000000 (
b1010100111000000 )
b000110110 2
15
06
#10737
05
16
#10738
b10110001 #
b1011000111000000 (
b1011000111000000 )
b000110111 2
15
06
#10739
05
16
#10740
b10111001 #
b1011100111000000 (
b1011100111000000 )
b000111000 2
15
06
#10741
05
16
#10742
b11000001 #
b1100000111000000 (
b1100000111000000 )
b000111001 2
15
06
#10743
05
16
#10744
b11001001 #
b1100100111000000 (
b1100100111000000 )
b000111010 2
15
06
#10745
05
16
#10746
b11010001 #
b1101000111000000 (
b1101000111000000 )
b000111011 2
15
06
#10747
05
16
#10748
b11011001 #
b1101100111000000 (
b1101100111000000 )
b000111100 2
15
06
#10749
05
16
#10750
b11100001 #
b1110000111000000 (
b1110000111000000 )
b000111101 2
15
06
#10751
05
16
#10752
b11101001 #
b1110100111000000 (
b1110100111000000 )
b000111110 2
15
06
#10753
05
16
#10754
b11110001 #
b1111000111000000 (
b1111000111000000 )
b000111111 2
15
06
#10755
05
16
#10756
b11111001 #
b1111100111000000 (
b1111100111000000 )
b001000000 2
15
06
#10757
05
16
#10758
b00000001 #
b0000000111000000 (
b0000000111000000 )
b001000001 2
15
06
#10759
05
16
#10760
b00001001 #
b0000100111000000 (
b0000100111000000 )
b001000010 2
15
06
#10761
05
16
#10762
b00010001 #
b0001000111000000 (
b0001000111000000 )
b001000011 2
15
06
#10763
05
16
#10764
b00011001 #
b0001100111000000 (
b0001100111000000 )
b001000100 2
15
06
#10765
05
16
#10766
b00100001 #
b0010000111000000 (
b0010000111000000 )
b001000101 2
15
06
#10767
05
16
#10768
b00101001 #
b0010100111000000 (
b0010100111000000 )
b001000110 2
15
06
#10769
05
16
#10770
b00110001 #
b0011000111000000 (
b0011000111000000 )
b001000111 2
15
06
#10771
05
16
#10772
b00111001 #
b0011100111000000 (
b0011100111000000 )
b001001000 2
15
06
#10773
05
16
#10774
b01000001 #
b0100000111000000 (
b0100000111000000 )
b001001001 2
15
06
#10775
05
16
#10776
b01001001 #
b0100100111000000 (
b0100100111000000 )
b001001010 2
15
06
#10777
05
16
#10778
b01010001 #
b0101000111000000 (
b0101000111000000 )
b001001011 2
15
06
#10779
05
16
#10780
b01011001 #
b0101100111000000 (
b0101100111000000 )
b001001100 2
15
06
#10781
05
16
#10782
b01100001 #
b0110000111000000 (
b0110000111000000 )
b001001101 2
15
06
#10783
05
16
#10784
b01101001 #
b0110100111000000 (
b0110100111000000 )
b001001110 2
15
06
#10785
05
16
#10786
b01110001 #
b0111000111000000 (
b0111000111000000 )
b001001111 2
15
06
#10787
05
16
#10788
b01111001 #
b0111100111000000 (
b0111100111000000 )
b001010000 2
15
06
#10789
05
16
#10790
b10000001 #
b1000000111000000 (
b1000000111000000 )
b001010001 2
15
06
#10791
05
16
#10792
b10001001 #
b1000100111000000 (
b1000100111000000 )
b001010010 2
15
06
#10793
05
16
#10794
b10010001 #
b1001000111000000 (
b1001000111000000 )
b001010011 2
15
06
#10795
05
16
#10796
b10011001 #
b1001100111000000 (
b1001100111000000 )
b001010100 2
15
06
#10797
05
16
#10798
b10100001 #
b1010000111000000 (
b1010000111000000 )
b001010101 2
15
06
#10799
05
16
#10800
b10101001 #
b1010100111000000 (
b1010100111000000 )
b001010110 2
15
06
#10801
05
16
#10802
b10110001 #
b1011000111000000 (
b1011000111000000 )
b001010111 2
15
06
#10803
05
16
#10804
b10111001 #
b1011100111000000 (
b1011100111000000 )
b001011000 2
15
06
#10805
05
16
#10806
b11000001 #
b1100000111000000 (
b1100000111000000 )
b001011001 2
15
06
#10807
05
16
#10808
b11001001 #
b1100100111000000 (
b1100100111000000 )
b001011010 2
15
06
#10809
05
16
#10810
b11010001 #
b1101000111000000 (
b1101000111000000 )
b001011011 2
15
06
#10811
05
16
#10812
b11011001 #
b1101100111000000 (
b1101100111000000 )
b001011100 2
15
06
#10813
05
16
#10814
b11100001 #
b1110000111000000 (
b1110000111000000 )
b001011101 2
15
06
#10815
05
16
#10816
b11101001 #
b1110100111000000 (
b1110100111000000 )
b001011110 2
15
06
#10817
05
16
#10818
b11110001 #
b1111000111000000 (
b1111000111000000 )
b001011111 2
15
06
#10819
05
16
#10820
b11111001 #
b1111100111000000 (
b1111100111000000 )
b001100000 2
15
06
#10821
05
16
#10822
b00000001 #
b0000000111000000 (
b0000000111000000 )
b001100001 2
15
06
#10823
05
16
#10824
b00001001 #
b0000100111000000 (
b0000100111000000 )
b001100010 2
15
06
#10825
05
16
#10826
b00010001 #
b0001000111000000 (
b0001000111000000 )
b001100011 2
15
06
#10827
05
16
#10828
b00011001 #
b0001100111000000 (
b0001100111000000 )
b001100100 2
15
06
#10829
05
16
#10830
b00100001 #
b0010000111000000 (
b0010000111000000 )
b001100101 2
15
06
#10831
05
16
#10832
b00101001 #
b0010100111000000 (
b0010100111000000 )
b001100110 2
15
06
#10833
05
16
#10834
b00110001 #
b0011000111000000 (
b0011000111000000 )
b001100111 2
15
06
#10835
05
16
#10836
b00111001 #
b0011100111000000 (
b0011100111000000 )
b001101000 2
15
06
#10837
05
16
#10838
b01000001 #
b0100000111000000 (
b0100000111000000 )
b001101001 2
15
06
#10839
05
16
#10840
b01001001 #
b0100100111000000 (
b0100100111000000 )
b001101010 2
15
06
#10841
05
16
#10842
b01010001 #
b0101000111000000 (
b0101000111000000 )
b001101011 2
15
06
#10843
05
16
#10844
b01011001 #
b0101100111000000 (
b0101100111000000 )
b001101100 2
15
06
#10845
05
16
#10846
b01100001 #
b0110000111000000 (
b0110000111000000 )
b001101101 2
15
06
#10847
05
16
#10848
b01101001 #
b0110100111000000 (
b0110100111000000 )
b001101110 2
15
06
#10849
05
16
#10850
b01110001 #
b0111000111000000 (
b0111000111000000 )
b001101111 2
15
06
#10851
05
16
#10852
b01111001 #
b0111100111000000 (
b0111100111000000 )
b001110000 2
15
06
#10853
05
16
#10854
b10000001 #
b1000000111000000 (
b1000000111000000 )
b001110001 2
15
06
#10855
05
16
#10856
b10001001 #
b1000100111000000 (
b1000100111000000 )
b001110010 2
15
06
#10857
05
16
#10858
b10010001 #
b1001000111000000 (
b1001000111000000 )
b001110011 2
15
06
#10859
05
16
#10860
b10011001 #
b1001100111000000 (
b1001100111000000 )
b001110100 2
15
06
#10861
05
16
#10862
b10100001 #
b1010000111000000 (
b1010000111000000 )
b001110101 2
15
06
#10863
05
16
#10864
b10101001 #
b1010100111000000 (
b1010100111000000 )
b001110110 2
15
06
#10865
05
16
#10866
b10110001 #
b1011000111000000 (
b1011000111000000 )
b001110111 2
15
06
#10867
05
16
#10868
b10111001 #
b1011100111000000 (
b1011100111000000 )
b001111000 2
15
06
#10869
05
16
#10870
b11000001 #
b1100000111000000 (
b1100000111000000 )
b001111001 2
15
06
#10871
05
16
#10872
b11001001 #
b1100100111000000 (
b1100100111000000 )
b001111010 2
15
06
#10873
05
16
#10874
b11010001 #
b1101000111000000 (
b1101000111000000 )
b001111011 2
15
06
#10875
05
16
#10876
b11011001 #
b1101100111000000 (
b1101100111000000 )
b001111100 2
15
06
#10877
05
16
#10878
b11100001 #
b1110000111000000 (
b1110000111000000 )
b001111101 2
15
06
#10879
05
16
#10880
b11101001 #
b1110100111000000 (
b1110100111000000 )
b001111110 2
15
06
#10881
05
16
#10882
b11110001 #
b1111000111000000 (
b1111000111000000 )
b001111111 2
15
06
#10883
05
16
#10884
b11111001 #
b1111100111000000 (
b1111100111000000 )
b010000000 2
15
06
#10885
05
16
#10886
b00000001 #
b0000000111000000 (
b0000000111000000 )
b010000001 2
15
06
#10887
05
16
#10888
b00001001 #
b0000100111000000 (
b0000100111000000 )
b010000010 2
15
06
#10889
05
16
#10890
b00010001 #
b0001000111000000 (
b0001000111000000 )
b010000011 2
15
06
#10891
05
16
#10892
b00011001 #
b0001100111000000 (
b0001100111000000 )
b010000100 2
15
06
#10893
05
16
#10894
b00100001 #
b0010000111000000 (
b0010000111000000 )
b010000101 2
15
06
#10895
05
16
#10896
b00101001 #
b0010100111000000 (
b0010100111000000 )
b010000110 2
15
06
#10897
05
16
#10898
b00110001 #
b0011000111000000 (
b0011000111000000 )
b010000111 2
15
06
#10899
05
16
#10900
b00111001 #
b0011100111000000 (
b0011100111000000 )
b010001000 2
15
06
#10901
05
16
#10902
b01000001 #
b0100000111000000 (
b0100000111000000 )
b010001001 2
15
06
#10903
05
16
#10904
b01001001 #
b0100100111000000 (
b0100100111000000 )
b010001010 2
15
06
#10905
05
16
#10906
b01010001 #
b0101000111000000 (
b0101000111000000 )
b010001011 2
15
06
#10907
05
16
#10908
b01011001 #
b0101100111000000 (
b0101100111000000 )
b010001100 2
15
06
#10909
05
16
#10910
b01100001 #
b0110000111000000 (
b0110000111000000 )
b010001101 2
15
06
#10911
05
16
#10912
b01101001 #
b0110100111000000 (
b0110100111000000 )
b010001110 2
15
06
#10913
05
16
#10914
b01110001 #
b0111000111000000 (
b0111000111000000 )
b010001111 2
15
06
#10915
05
16
#10916
b01111001 #
b0111100111000000 (
b0111100111000000 )
b010010000 2
15
06
#10917
05
16
#10918
b10000001 #
b1000000111000000 (
b1000000111000000 )
b010010001 2
15
06
#10919
05
16
#10920
b10001001 #
b1000100111000000 (
b1000100111000000 )
b010010010 2
15
06
#10921
05
16
#10922
b10010001 #
b1001000111000000 (
b1001000111000000 )
b010010011 2
15
06
#10923
05
16
#10924
b10011001 #
b1001100111000000 (
b1001100111000000 )
b010010100 2
15
06
#10925
05
16
#10926
b10100001 #
b1010000111000000 (
b1010000111000000 )
b010010101 2
15
06
#10927
05
16
#10928
b10101001 #
b1010100111000000 (
b1010100111000000 )
b010010110 2
15
06
#10929
05
16
#10930
b10110001 #
b1011000111000000 (
b1011000111000000 )
b010010111 2
15
06
#10931
05
16
#10932
b10111001 #
b1011100111000000 (
b1011100111000000 )
b010011000 2
15
06
#10933
05
16
#10934
b11000001 #
b1100000111000000 (
b1100000111000000 )
b010011001 2
15
06
#10935
05
16
#10936
b11001001 #
b1100100111000000 (
b1100100111000000 )
b010011010 2
15
06
#10937
05
16
#10938
b11010001 #
b1101000111000000 (
b1101000111000000 )
b010011011 2
15
06
#10939
05
16
#10940
b11011001 #
b1101100111000000 (
b1101100111000000 )
b010011100 2
15
06
#10941
05
16
#10942
b11100001 #
b1110000111000000 (
b1110000111000000 )
b010011101 2
15
06
#10943
05
16
#10944
b11101001 #
b1110100111000000 (
b1110100111000000 )
b010011110 2
15
06
#10945
05
16
#10946
b11110001 #
b1111000111000000 (
b1111000111000000 )
b010011111 2
15
06
#10947
05
16
#10948
b11111001 #
b1111100111000000 (
b1111100111000000 )
b010100000 2
15
06
#10949
05
16
#10950
b00000001 #
b0000000111000000 (
b0000000111000000 )
b010100001 2
15
06
#10951
05
16
#10952
b00001001 #
b0000100111000000 (
b0000100111000000 )
b010100010 2
15
06
#10953
05
16
#10954
b00010001 #
b0001000111000000 (
b0001000111000000 )
b010100011 2
15
06
#10955
05
16
#10956
b00011001 #
b0001100111000000 (
b0001100111000000 )
b010100100 2
15
06
#10957
05
16
#10958
b00100001 #
b0010000111000000 (
b0010000111000000 )
b010100101 2
15
06
#10959
05
16
#10960
b00101001 #
b0010100111000000 (
b0010100111000000 )
b010100110 2
15
06
#10961
05
16
#10962
b00110001 #
b0011000111000000 (
b0011000111000000 )
b010100111 2
15
06
#10963
05
16
#10964
b00111001 #
b0011100111000000 (
b0011100111000000 )
b010101000 2
15
06
#10965
05
16
#10966
b01000001 #
b0100000111000000 (
b0100000111000000 )
b010101001 2
15
06
#10967
05
16
#10968
b01001001 #
b0100100111000000 (
b0100100111000000 )
b010101010 2
15
06
#10969
05
16
#10970
b01010001 #
b0101000111000000 (
b0101000111000000 )
b010101011 2
15
06
#10971
05
16
#10972
b01011001 #
b0101100111000000 (
b0101100111000000 )
b010101100 2
15
06
#10973
05
16
#10974
b01100001 #
b0110000111000000 (
b0110000111000000 )
b010101101 2
15
06
#10975
05
16
#10976
b01101001 #
b0110100111000000 (
b0110100111000000 )
b010101110 2
15
06
#10977
05
16
#10978
b01110001 #
b0111000111000000 (
b0111000111000000 )
b010101111 2
15
06
#10979
05
16
#10980
b01111001 #
b0111100111000000 (
b0111100111000000 )
b010110000 2
15
06
#10981
05
16
#10982
b10000001 #
b1000000111000000 (
b1000000111000000 )
b010110001 2
15
06
#10983
05
16
#10984
b10001001 #
b1000100111000000 (
b1000100111000000 )
b010110010 2
15
06
#10985
05
16
#10986
b10010001 #
b1001000111000000 (
b1001000111000000 )
b010110011 2
15
06
#10987
05
16
#10988
b10011001 #
b1001100111000000 (
b1001100111000000 )
b010110100 2
15
06
#10989
05
16
#10990
b10100001 #
b1010000111000000 (
b1010000111000000 )
b010110101 2
15
06
#10991
05
16
#10992
b10101001 #
b1010100111000000 (
b1010100111000000 )
b010110110 2
15
06
#10993
05
16
#10994
b10110001 #
b1011000111000000 (
b1011000111000000 )
b010110111 2
15
06
#10995
05
16
#10996
b10111001 #
b1011100111000000 (
b1011100111000000 )
b010111000 2
15
06
#10997
05
16
#10998
b11000001 #
b1100000111000000 (
b1100000111000000 )
b010111001 2
15
06
#10999
05
16
#11000
b11001001 #
b1100100111000000 (
b1100100111000000 )
b010111010 2
15
06
#11001
05
16
#11002
b11010001 #
b1101000111000000 (
b1101000111000000 )
b010111011 2
15
06
#11003
05
16
#11004
b11011001 #
b1101100111000000 (
b1101100111000000 )
b010111100 2
15
06
#11005
05
16
#11006
b11100001 #
b1110000111000000 (
b1110000111000000 )
b010111101 2
15
06
#11007
05
16
#11008
b11101001 #
b1110100111000000 (
b1110100111000000 )
b010111110 2
15
06
#11009
05
16
#11010
b11110001 #
b1111000111000000 (
b1111000111000000 )
b010111111 2
15
06
